full_item,stage1_code,stage1_name,stage2_code,stage2_name,stage1_label,stage2_label
"Subcontractor bid for condensing high-efficiency boiler 95% AFUE. Location: for mechanical room boiler plant. Includes gas piping, venting and combustion air provisions.",23,HVAC,23 70 00,Central Heating Equipment,Category 23 - HVAC,23 70 00 Central Heating Equipment
SCOPE OF WORK DESCRIPTION: Supply and install evaporative condenser for refrigeration for building central cooling plant. Factory startup and commissioning by manufacturer representative. per ASHRAE 90.1 minimum efficiency requirements.,23,HVAC,23 60 00,Central Cooling Equipment,Category 23 - HVAC,23 60 00 Central Cooling Equipment
"VENDOR SUBMITTAL: Material submittal for vegetated green roof assembly with drainage mat. Insulation R-30 minimum per energy code, tapered for drainage. Refer to per NRCA roofing guidelines.",07,Thermal and Moisture Protection,07 50 00,Membrane Roofing,Category 07 - Thermal and Moisture Protection,07 50 00 Membrane Roofing
Furnish and install drinking fountain / bottle filler combo unit as indicated on drawings and per project specification Section 22 40 00. All fixtures to be water-efficient per WaterSense label.,22,Plumbing,22 40 00,Plumbing Fixtures,Category 22 - Plumbing,22 40 00 Plumbing Fixtures
Furnish and install hot water circulating pump and piping as indicated on drawings and per local mechanical and fuel gas code. Factory startup required by manufacturer certified technician.,23,HVAC,23 70 00,Central Heating Equipment,Category 23 - HVAC,23 70 00 Central Heating Equipment
"Subcontractor bid for post-tensioning tendons and anchors. Location: for foundation mat and footings. Minimum concrete cover 3 inches for footings, 1.5 inches for slabs.",03,Concrete,03 20 00,Concrete Reinforcing,Category 03 - Concrete,03 20 00 Concrete Reinforcing
Proposal for supply and installation of raised access flooring system 6-inch pedestal for gymnasium and multipurpose room. Transition strips at all flooring material changes.,09,Finishes,09 60 00,Flooring,Category 09 - Finishes,09 60 00 Flooring
Request for approval: wall-mounted urinal with flush valve for use for public restrooms per fixture schedule. All fixtures to be water-efficient per WaterSense label. per project specification Section 22 40 00.,22,Plumbing,22 40 00,Plumbing Fixtures,Category 22 - Plumbing,22 40 00 Plumbing Fixtures
SCOPE OF WORK DESCRIPTION: This submittal covers the supply and installation of 5/8-inch Type X gypsum board for fire-rated partitions for fire-rated corridor and stairwell assemblies. All work to comply with per UL listed assembly design number. Includes acoustic sealant at top and bottom tracks.,09,Finishes,09 20 00,Plaster and Gypsum Board,Category 09 - Finishes,09 20 00 Plaster and Gypsum Board
"Subject: Material Submittal – Provide all labor, materials and equipment for fixed aluminum picture windows for high-rise building perimeter. per energy code and ASHRAE 90.1 requirements. Windows to be factory-assembled and glazed.",08,Openings,08 50 00,Windows,Category 08 - Openings,08 50 00 Windows
Supply and install ADA-compliant accessible plumbing fixtures for commercial kitchen and break rooms. All fixtures to be water-efficient per WaterSense label. per ADA and ICC/ANSI A117.1 accessibility standard.,22,Plumbing,22 40 00,Plumbing Fixtures,Category 22 - Plumbing,22 40 00 Plumbing Fixtures
Furnish and install post-tensioning tendons and anchors as indicated on drawings and per CRSI Manual of Standard Practice. Lap splices per ACI 318 development length requirements.,03,Concrete,03 20 00,Concrete Reinforcing,Category 03 - Concrete,03 20 00 Concrete Reinforcing
Furnish and install bird-friendly fritted glass panels as indicated on drawings and per project specification Section 08 80 00. Insulated units with warm-edge spacer and argon gas fill.,08,Openings,08 80 00,Glazing,Category 08 - Openings,08 80 00 Glazing
"Subject: Material Submittal – Scope of work includes supply and installation of backflow preventer and pressure reducing valve for building domestic water distribution system. Includes core drilling, firestopping and sleeve installation.",22,Plumbing,22 10 00,Plumbing Piping and Pumps,Category 22 - Plumbing,22 10 00 Plumbing Piping and Pumps
Furnish and install VRF (variable refrigerant flow) outdoor condensing units as indicated on drawings and per project specification Section 23 60 00. Vibration isolation pads and curb adapter included.,23,HVAC,23 60 00,Central Cooling Equipment,Category 23 - HVAC,23 60 00 Central Cooling Equipment
Supply and install emergency eyewash and shower station for janitor closets and service areas. Fixtures to be white vitreous china unless noted otherwise. per ASME A112.19.2 for vitreous china fixtures.,22,Plumbing,22 40 00,Plumbing Fixtures,Category 22 - Plumbing,22 40 00 Plumbing Fixtures
Scope of work includes fabrication and placement of reinforcing bar couplers (mechanical splices) for concrete columns and beams. Lap splices per ACI 318 development length requirements.,03,Concrete,03 20 00,Concrete Reinforcing,Category 03 - Concrete,03 20 00 Concrete Reinforcing
RE: HVAC Air Distribution – Request for approval: supply air diffusers and return air grilles for use for rooftop air handling unit connections. Insulation: 2-inch fiberglass duct wrap with vapor barrier. per project specification Section 23 30 00.,23,HVAC,23 30 00,HVAC Air Distribution,Category 23 - HVAC,23 30 00 HVAC Air Distribution
"Supply and install domestic water booster pump station for sanitary sewer and storm drain piping. Pipe connections: soldered for copper, solvent welded for PVC. per ASME B31.9 building services piping.",22,Plumbing,22 10 00,Plumbing Piping and Pumps,Category 22 - Plumbing,22 10 00 Plumbing Piping and Pumps
"Request for approval: copper Type L water supply piping and fittings for use for sanitary sewer and storm drain piping. Pipe connections: soldered for copper, solvent welded for PVC. per project specification Section 22 10 00.",22,Plumbing,22 10 00,Plumbing Piping and Pumps,Category 22 - Plumbing,22 10 00 Plumbing Piping and Pumps
"Vendor submittal: steel fixed-lite windows for industrial. Includes all sealants, flashing and perimeter caulking. per project specification Section 08 50 00.",08,Openings,08 50 00,Windows,Category 08 - Openings,08 50 00 Windows
Subject: Material Submittal – Supply and install grounding and bonding system with ground rods for underground electrical duct bank to building. As-built drawings required showing all concealed raceway routing. per NECA installation standards.,26,Electrical,26 05 00,Common Work Results for Electrical,Category 26 - Electrical,26 05 00 Common Work Results for Electrical
"Subject: Material Submittal – Furnish and install vinyl casement windows with Low-E glass as indicated on drawings and per approved window schedule and shop drawings. Includes all sealants, flashing and perimeter caulking.",08,Openings,08 50 00,Windows,Category 08 - Openings,08 50 00 Windows
"Supply and install grounding and bonding system with ground rods for grounding electrode system per NEC. Includes all supports, straps and seismic bracing. per NECA installation standards.",26,Electrical,26 05 00,Common Work Results for Electrical,Category 26 - Electrical,26 05 00 Common Work Results for Electrical
Material submittal for raised access flooring system 6-inch pedestal. Transition strips at all flooring material changes. Refer to per ASTM F710 for substrate preparation.,09,Finishes,09 60 00,Flooring,Category 09 - Finishes,09 60 00 Flooring
"SCOPE OF WORK DESCRIPTION: Provide all labor, materials and equipment for steel pipe bollards with concrete fill for interior and exterior metal railings. per architectural detail drawings. All exposed steel to be hot-dip galvanized after fabrication.",05,Metals,05 50 00,Metal Fabrications,Category 05 - Metals,05 50 00 Metal Fabrications
Subject: Material Submittal – Request for approval: rubber athletic flooring for gymnasium for use for gymnasium and multipurpose room. Moisture testing required per ASTM F2170 before installation. per project specification Section 09 60 00.,09,Finishes,09 60 00,Flooring,Category 09 - Finishes,09 60 00 Flooring
delivery and installation of automatic sensor faucets and flush valves including all necessary accessories and hardware. per project specification Section 22 40 00.,22,Plumbing,22 40 00,Plumbing Fixtures,Category 22 - Plumbing,22 40 00 Plumbing Fixtures
Supply and install rubber athletic flooring for gymnasium for gymnasium and multipurpose room. Base: 4-inch rubber or tile cove base at all walls. per manufacturer installation instructions.,09,Finishes,09 60 00,Flooring,Category 09 - Finishes,09 60 00 Flooring
BID ITEM: Proposal for supply and installation of electric resistance duct heater for building central heating system. Boiler efficiency exceeds ASHRAE 90.1 minimum requirement.,23,HVAC,23 70 00,Central Heating Equipment,Category 23 - HVAC,23 70 00 Central Heating Equipment
Request for approval: wall-hung lavatory sink with faucet for use for laboratory and medical exam rooms. Fixtures to be white vitreous china unless noted otherwise. per ADA and ICC/ANSI A117.1 accessibility standard.,22,Plumbing,22 40 00,Plumbing Fixtures,Category 22 - Plumbing,22 40 00 Plumbing Fixtures
Supply and install wired glass for fire-rated openings for building lobby and atrium glazing. Insulated units with warm-edge spacer and argon gas fill. per ASTM C1048 for flat glass specifications.,08,Openings,08 80 00,Glazing,Category 08 - Openings,08 80 00 Glazing
Vendor submittal: radiant ceiling panel heating system. Controls integrated with building automation system (BAS). per local mechanical and fuel gas code.,23,HVAC,23 70 00,Central Heating Equipment,Category 23 - HVAC,23 70 00 Central Heating Equipment
RE: Glazing – This submittal covers the glazing of 1-inch insulated glazing units (IGU) Low-E coated for canopy and skylight overhead glazing. All work to comply with per IGCC standards for insulating glass. Mock-up panel required for architect approval before production.,08,Openings,08 80 00,Glazing,Category 08 - Openings,08 80 00 Glazing
Supply and install fire-rated glazing assemblies 60-minute for fire-rated glazing at rated corridors. Insulated units with warm-edge spacer and argon gas fill. per ASTM C1048 for flat glass specifications.,08,Openings,08 80 00,Glazing,Category 08 - Openings,08 80 00 Glazing
furnishing and piping of condensing high-efficiency boiler 95% AFUE including all necessary accessories and hardware. per ASME Boiler and Pressure Vessel Code for boilers.,23,HVAC,23 70 00,Central Heating Equipment,Category 23 - HVAC,23 70 00 Central Heating Equipment
Vendor submittal: self-consolidating concrete (SCC). Portland cement Type I/II with 3/4 inch maximum aggregate. per approved concrete mix design.,03,Concrete,03 30 00,Cast-in-Place Concrete,Category 03 - Concrete,03 30 00 Cast-in-Place Concrete
Vendor submittal: metal roof deck 1.5-inch Type B 22 gauge. Deck to be welded to supports at 12 inches on center. per project specification Section 05 30 00.,05,Metals,05 30 00,Metal Decking,Category 05 - Metals,05 30 00 Metal Decking
"Supply and install steel dumpster enclosure frame for interior and exterior metal railings. Includes all anchors, fasteners and connection hardware. per project specification Section 05 50 00.",05,Metals,05 50 00,Metal Fabrications,Category 05 - Metals,05 50 00 Metal Fabrications
"Provide all labor, materials and equipment for automatic sliding door operator for main building entry and vestibule. per door and hardware schedule on drawings. Hardware to include lever handles, closers, and hinges per hardware schedule.",08,Openings,08 10 00,Doors and Frames,Category 08 - Openings,08 10 00 Doors and Frames
RE: Metal Decking – Request for approval: cellular metal floor deck for electrical raceway for use for composite floor system at all elevated levels. Deck to be welded to supports at 12 inches on center. per composite design per AISC 360 Chapter I.,05,Metals,05 30 00,Metal Decking,Category 05 - Metals,05 30 00 Metal Decking
installation of sheet vinyl flooring for healthcare corridors including all necessary accessories and hardware. per manufacturer installation instructions.,09,Finishes,09 60 00,Flooring,Category 09 - Finishes,09 60 00 Flooring
Supply and install polyiso rigid insulation for roof assembly for continuous insulation at building envelope. Insulation to be unfaced or kraft-faced as indicated. per project specification Section 07 20 00.,07,Thermal and Moisture Protection,07 20 00,Thermal Insulation,Category 07 - Thermal and Moisture Protection,07 20 00 Thermal Insulation
Subcontractor bid for equipment support steel framing. Location: for equipment pads and roof penetration supports. All exposed steel to be hot-dip galvanized after fabrication.,05,Metals,05 50 00,Metal Fabrications,Category 05 - Metals,05 50 00 Metal Fabrications
Proposal for fabrication and installation of insulating concrete forms (ICF) for elevated slab construction at level 2 through roof. Allow for three reuses of formwork panels.,03,Concrete,03 10 00,Concrete Forming and Accessories,Category 03 - Concrete,03 10 00 Concrete Forming and Accessories
Furnish and install triple-glazed high-performance IGU as indicated on drawings and per ASTM C1048 for flat glass specifications. Glass to meet ANSI Z97.1 safety glazing requirements.,08,Openings,08 80 00,Glazing,Category 08 - Openings,08 80 00 Glazing
Furnish and install gas-fired hot water boiler 2000 MBH as indicated on drawings and per project specification Section 23 70 00. Boiler efficiency exceeds ASHRAE 90.1 minimum requirement.,23,HVAC,23 70 00,Central Heating Equipment,Category 23 - HVAC,23 70 00 Central Heating Equipment
Furnish and install seismic bracing for electrical equipment as indicated on drawings and per UL listed materials and components. All wiring and raceway per National Electrical Code (NEC).,26,Electrical,26 05 00,Common Work Results for Electrical,Category 26 - Electrical,26 05 00 Common Work Results for Electrical
Subject: Material Submittal – Request for approval: automatic transfer switch (ATS) 400A for use for main electrical service and distribution. Equipment to be UL 891 listed and labeled. per utility company service entrance requirements.,26,Electrical,26 20 00,Low-Voltage Electrical Distribution,Category 26 - Electrical,26 20 00 Low-Voltage Electrical Distribution
Furnish and install wired glass for fire-rated openings as indicated on drawings and per glazing contractor shop drawings. Mock-up panel required for architect approval before production.,08,Openings,08 80 00,Glazing,Category 08 - Openings,08 80 00 Glazing
Subcontractor bid for vinyl casement windows with Low-E glass. Location: for high-rise building perimeter. Windows to be factory-assembled and glazed.,08,Openings,08 50 00,Windows,Category 08 - Openings,08 50 00 Windows
Quotation for expansion tank for domestic water system for kitchen grease waste management. Includes electrical connections by others coordination required. per ASME Boiler and Pressure Vessel Code.,22,Plumbing,22 30 00,Plumbing Equipment,Category 22 - Plumbing,22 30 00 Plumbing Equipment
Vendor submittal: non-composite roof deck panels. Deck to be welded to supports at 12 inches on center. per SDI (Steel Deck Institute) standards.,05,Metals,05 30 00,Metal Decking,Category 05 - Metals,05 30 00 Metal Decking
Vendor submittal: duct silencers and sound attenuators. TAB (Testing Adjusting Balancing) included in scope. per SMACNA HVAC Duct Construction Standards.,23,HVAC,23 30 00,HVAC Air Distribution,Category 23 - HVAC,23 30 00 HVAC Air Distribution
"This submittal covers the delivery, rigging and startup of mini-split ductless air conditioning system for office building comfort cooling. All work to comply with per ASHRAE 90.1 minimum efficiency requirements. Vibration isolation pads and curb adapter included.",23,HVAC,23 60 00,Central Cooling Equipment,Category 23 - HVAC,23 60 00 Central Cooling Equipment
VENDOR SUBMITTAL: Supply and install dry-type transformer 75 kVA 480V to 208/120V for tenant electrical metering and sub-distribution. Arc flash study and labels required per NFPA 70E. per utility company service entrance requirements.,26,Electrical,26 20 00,Low-Voltage Electrical Distribution,Category 26 - Electrical,26 20 00 Low-Voltage Electrical Distribution
Material submittal for explosion-proof lighting for hazardous locations. Emergency fixtures with 90-minute battery backup per code. Refer to per IES recommended lighting levels for occupancy type.,26,Electrical,26 50 00,Lighting,Category 26 - Electrical,26 50 00 Lighting
RE: Painting and Coating – Material submittal for elastomeric exterior wall coating. Touch-up painting at all trades damage at project completion. Refer to per project specification Section 09 90 00.,09,Finishes,09 90 00,Painting and Coating,Category 09 - Finishes,09 90 00 Painting and Coating
VENDOR SUBMITTAL: supply and installation of carpet tile modular 24x24 with adhesive including all necessary accessories and hardware. per manufacturer installation instructions.,09,Finishes,09 60 00,Flooring,Category 09 - Finishes,09 60 00 Flooring
"This submittal covers the supply and installation of backflow preventer and pressure reducing valve for restroom and kitchen plumbing rough-in. All work to comply with per ASME B31.9 building services piping. Includes all valves, supports, hangers and seismic bracing.",22,Plumbing,22 10 00,Plumbing Piping and Pumps,Category 22 - Plumbing,22 10 00 Plumbing Piping and Pumps
"PROJECT PROPOSAL: This submittal covers the procurement and mounting of vitreous china water closet (toilet) floor-mounted for public restrooms per fixture schedule. All work to comply with per project specification Section 22 40 00. Includes all trim, supplies, stops and connection fittings.",22,Plumbing,22 40 00,Plumbing Fixtures,Category 22 - Plumbing,22 40 00 Plumbing Fixtures
supply and installation of hollow metal door frames 16-gauge welded including all necessary accessories and hardware. per project specification Section 08 10 00.,08,Openings,08 10 00,Doors and Frames,Category 08 - Openings,08 10 00 Doors and Frames
RE: Plumbing Equipment – Furnish and install commercial gas-fired water heater 100-gallon as indicated on drawings and per project specification Section 22 30 00. 5-year manufacturer warranty on heat exchanger.,22,Plumbing,22 30 00,Plumbing Equipment,Category 22 - Plumbing,22 30 00 Plumbing Equipment
Material submittal for fire-rated steel doors and frames 90-minute. Finish: factory-applied powder coat paint. Refer to per door and hardware schedule on drawings.,08,Openings,08 10 00,Doors and Frames,Category 08 - Openings,08 10 00 Doors and Frames
SCOPE OF WORK DESCRIPTION: Vendor submittal: ADA-compliant accessible plumbing fixtures. Fixtures to be white vitreous china unless noted otherwise. per ASME A112.19.2 for vitreous china fixtures.,22,Plumbing,22 40 00,Plumbing Fixtures,Category 22 - Plumbing,22 40 00 Plumbing Fixtures
Material submittal for mineral wool semi-rigid insulation board. Insulation to be unfaced or kraft-faced as indicated. Refer to per manufacturer technical data and installation guide.,07,Thermal and Moisture Protection,07 20 00,Thermal Insulation,Category 07 - Thermal and Moisture Protection,07 20 00 Thermal Insulation
Supply and install glass mat gypsum sheathing for exterior for fire-rated corridor and stairwell assemblies. Partitions to achieve fire rating per UL assembly design. per project specification Section 09 20 00.,09,Finishes,09 20 00,Plaster and Gypsum Board,Category 09 - Finishes,09 20 00 Plaster and Gypsum Board
Supply and install metal deck pour stops and closures for metal building roof deck replacement. Minimum bearing length 2 inches on structural steel supports. per project specification Section 05 30 00.,05,Metals,05 30 00,Metal Decking,Category 05 - Metals,05 30 00 Metal Decking
"Scope of work includes fabrication and installation of fabric ductwork for open ceiling areas for HVAC air distribution throughout building. Includes all hangers, supports and seismic bracing per code.",23,HVAC,23 30 00,HVAC Air Distribution,Category 23 - HVAC,23 30 00 HVAC Air Distribution
furnishing and glazing of curtain wall window system unitized including all necessary accessories and hardware. per energy code and ASHRAE 90.1 requirements.,08,Openings,08 50 00,Windows,Category 08 - Openings,08 50 00 Windows
"RE: Painting and Coating – Subcontractor bid for elastomeric exterior wall coating. Location: for millwork, casework and trim. VOC content to comply with LEED IEQ v4 requirements.",09,Finishes,09 90 00,Painting and Coating,Category 09 - Finishes,09 90 00 Painting and Coating
Subcontractor bid for cooling tower induced draft crossflow. Location: for office building comfort cooling. Factory startup and commissioning by manufacturer representative.,23,HVAC,23 60 00,Central Cooling Equipment,Category 23 - HVAC,23 60 00 Central Cooling Equipment
"Supply and install explosion-proof lighting for hazardous locations for parking garage and canopy lighting. All fixtures to be LED with minimum 50,000-hour rated life. per DesignLights Consortium (DLC) qualified products list.",26,Electrical,26 50 00,Lighting,Category 26 - Electrical,26 50 00 Lighting
SCOPE OF WORK DESCRIPTION: Request for approval: tankless instantaneous water heater for use for kitchen grease waste management. 5-year manufacturer warranty on heat exchanger. per local health and plumbing code requirements.,22,Plumbing,22 30 00,Plumbing Equipment,Category 22 - Plumbing,22 30 00 Plumbing Equipment
Subject: Material Submittal – pouring and curing of self-consolidating concrete (SCC) including all necessary accessories and hardware. per ACI 318 and ACI 301 specifications.,03,Concrete,03 30 00,Cast-in-Place Concrete,Category 03 - Concrete,03 30 00 Cast-in-Place Concrete
pouring and curing of air-entrained concrete for exterior flatwork including all necessary accessories and hardware. per approved concrete mix design.,03,Concrete,03 30 00,Cast-in-Place Concrete,Category 03 - Concrete,03 30 00 Cast-in-Place Concrete
"Request for approval: motor control center (MCC) with VFDs for use for tenant electrical metering and sub-distribution. Generator includes sub-base fuel tank, muffler and weatherproof enclosure. per NFPA 110 for emergency power systems.",26,Electrical,26 20 00,Low-Voltage Electrical Distribution,Category 26 - Electrical,26 20 00 Low-Voltage Electrical Distribution
placement of bar supports and chairs for rebar placement including all necessary accessories and hardware. in accordance with Section 03 20 00.,03,Concrete,03 20 00,Concrete Reinforcing,Category 03 - Concrete,03 20 00 Concrete Reinforcing
Supply and install acoustic insulation for interior partitions for attic floor and knee wall insulation. R-value verified by third-party testing per ASTM C518. per ASHRAE 90.1 energy code requirements.,07,Thermal and Moisture Protection,07 20 00,Thermal Insulation,Category 07 - Thermal and Moisture Protection,07 20 00 Thermal Insulation
PROJECT PROPOSAL: Vendor submittal: exterior acrylic paint system with primer. VOC content to comply with LEED IEQ v4 requirements. per MPI (Master Painters Institute) standards.,09,Finishes,09 90 00,Painting and Coating,Category 09 - Finishes,09 90 00 Painting and Coating
Subcontractor bid for concrete placement and finishing for foundations. Location: for exterior sidewalks and curbs. Water-to-cement ratio not to exceed 0.45.,03,Concrete,03 30 00,Cast-in-Place Concrete,Category 03 - Concrete,03 30 00 Cast-in-Place Concrete
Subcontractor bid for fiberglass batt insulation R-19 for exterior walls. Location: for exterior wall cavities and stud bays. Includes vapor retarder on warm side of assembly.,07,Thermal and Moisture Protection,07 20 00,Thermal Insulation,Category 07 - Thermal and Moisture Protection,07 20 00 Thermal Insulation
SCOPE OF WORK DESCRIPTION: duct installation of duct-mounted fire and smoke dampers including all necessary accessories and hardware. per mechanical drawings and duct layout schedule.,23,HVAC,23 30 00,HVAC Air Distribution,Category 23 - HVAC,23 30 00 HVAC Air Distribution
VENDOR SUBMITTAL: This submittal covers the application of spray-applied polyurethane foam insulation (SPF) for exterior wall cavities and stud bays. All work to comply with per project specification Section 07 20 00. Fire rating: Class A flame spread per ASTM E84.,07,Thermal and Moisture Protection,07 20 00,Thermal Insulation,Category 07 - Thermal and Moisture Protection,07 20 00 Thermal Insulation
Material submittal for equipment support steel framing. All exposed steel to be hot-dip galvanized after fabrication. Refer to per ADA and local building code requirements.,05,Metals,05 50 00,Metal Fabrications,Category 05 - Metals,05 50 00 Metal Fabrications
RE: Membrane Roofing – Material submittal for PVC single-ply roofing membrane with hot-air welded seams. System includes 20-year NDL (No Dollar Limit) manufacturer warranty. Refer to per FM Global and UL listed roof assembly.,07,Thermal and Moisture Protection,07 50 00,Membrane Roofing,Category 07 - Thermal and Moisture Protection,07 50 00 Membrane Roofing
procurement and installation of fire-rated glazing assemblies 60-minute including all necessary accessories and hardware. per project specification Section 08 80 00.,08,Openings,08 80 00,Glazing,Category 08 - Openings,08 80 00 Glazing
Request for approval: galvanized corrugated steel decking for use for composite floor system at all elevated levels. Includes temporary shoring during concrete placement. per composite design per AISC 360 Chapter I.,05,Metals,05 30 00,Metal Decking,Category 05 - Metals,05 30 00 Metal Decking
Material submittal for rebar dowels and starter bars. Mill certifications required for all reinforcing steel. Refer to per CRSI Manual of Standard Practice.,03,Concrete,03 20 00,Concrete Reinforcing,Category 03 - Concrete,03 20 00 Concrete Reinforcing
"SCOPE OF WORK DESCRIPTION: Proposal for supply and erection of aluminum gang forming system for elevated slab construction at level 2 through roof. Includes form stripping, cleaning, and concrete surface patching.",03,Concrete,03 10 00,Concrete Forming and Accessories,Category 03 - Concrete,03 10 00 Concrete Forming and Accessories
VENDOR SUBMITTAL: Proposal for supply and installation of glass mat gypsum sheathing for exterior for interior partitions and ceilings throughout building. Corner bead at all exposed edges and reveals.,09,Finishes,09 20 00,Plaster and Gypsum Board,Category 09 - Finishes,09 20 00 Plaster and Gypsum Board
Request for approval: fluid-applied rubberized asphalt waterproofing for use for occupied basement and parking levels. 10-year manufacturer warranty on waterproofing system. per manufacturer installation guidelines.,07,Thermal and Moisture Protection,07 10 00,Dampproofing and Waterproofing,Category 07 - Thermal and Moisture Protection,07 10 00 Dampproofing and Waterproofing
"This submittal covers the supply and placement of fiber-reinforced concrete (FRC) for slab on grade for concrete columns, beams and shear walls. All work to comply with conforming to ASTM C94 ready-mixed concrete standard. Portland cement Type I/II with 3/4 inch maximum aggregate.",03,Concrete,03 30 00,Cast-in-Place Concrete,Category 03 - Concrete,03 30 00 Cast-in-Place Concrete
"Provide all labor, materials and equipment for surge protective device (SPD) panel-mounted for emergency and standby power system. per NEC Article 230 (Services) and 240 (Overcurrent Protection). Equipment to be UL 891 listed and labeled.",26,Electrical,26 20 00,Low-Voltage Electrical Distribution,Category 26 - Electrical,26 20 00 Low-Voltage Electrical Distribution
Proposal for supply and installation of stainless steel piping for medical gas for building domestic water distribution system. Piping to be pressure tested at 1.5x operating pressure.,22,Plumbing,22 10 00,Plumbing Piping and Pumps,Category 22 - Plumbing,22 10 00 Plumbing Piping and Pumps
"VENDOR SUBMITTAL: Proposal for furnishing and pulling of electrical junction boxes, pull boxes and fittings for electrical raceway and wiring infrastructure. All wiring and raceway per National Electrical Code (NEC).",26,Electrical,26 05 00,Common Work Results for Electrical,Category 26 - Electrical,26 05 00 Common Work Results for Electrical
RE: Thermal Insulation – supply and installation of foam board insulation for slab edge including all necessary accessories and hardware. conforming to local energy conservation code.,07,Thermal and Moisture Protection,07 20 00,Thermal Insulation,Category 07 - Thermal and Moisture Protection,07 20 00 Thermal Insulation
Proposal for procurement and installation of carpet tile modular 24x24 with adhesive for gymnasium and multipurpose room. Moisture testing required per ASTM F2170 before installation.,09,Finishes,09 60 00,Flooring,Category 09 - Finishes,09 60 00 Flooring
"RE: Flooring – Provide all labor, materials and equipment for hardwood oak strip flooring 3/4-inch solid for restrooms and locker rooms. per manufacturer installation instructions. Transition strips at all flooring material changes.",09,Finishes,09 60 00,Flooring,Category 09 - Finishes,09 60 00 Flooring
BID ITEM: Material submittal for seismic bracing for electrical equipment. All wiring and raceway per National Electrical Code (NEC). Refer to per UL listed materials and components.,26,Electrical,26 05 00,Common Work Results for Electrical,Category 26 - Electrical,26 05 00 Common Work Results for Electrical
Furnish and install shaft wall liner and C-H stud system as indicated on drawings and per UL listed assembly design number. Taping and finishing to Level 4 finish per ASTM C840.,09,Finishes,09 20 00,Plaster and Gypsum Board,Category 09 - Finishes,09 20 00 Plaster and Gypsum Board
"Request for approval: elastomeric exterior wall coating for use for millwork, casework and trim. Includes surface preparation, sanding and priming. per project specification Section 09 90 00.",09,Finishes,09 90 00,Painting and Coating,Category 09 - Finishes,09 90 00 Painting and Coating
This submittal covers the installation of PVC single-ply roofing membrane with hot-air welded seams for new construction main roof and canopy areas. All work to comply with per NRCA roofing guidelines. Remove existing roofing to deck and install new system complete.,07,Thermal and Moisture Protection,07 50 00,Membrane Roofing,Category 07 - Thermal and Moisture Protection,07 50 00 Membrane Roofing
RE: Flooring – This submittal covers the supply and installation of rubber athletic flooring for gymnasium for commercial kitchen and food prep areas. All work to comply with per manufacturer installation instructions. Moisture testing required per ASTM F2170 before installation.,09,Finishes,09 60 00,Flooring,Category 09 - Finishes,09 60 00 Flooring
BID ITEM: Request for approval: computer room precision cooling unit (CRAC/CRAH) for use for building central cooling plant. Unit to be high-efficiency with minimum 14 SEER rating. per AHRI certified performance ratings.,23,HVAC,23 60 00,Central Cooling Equipment,Category 23 - HVAC,23 60 00 Central Cooling Equipment
Proposal for furnishing and commissioning of computer room precision cooling unit (CRAC/CRAH) for tenant space supplemental cooling. Factory startup and commissioning by manufacturer representative.,23,HVAC,23 60 00,Central Cooling Equipment,Category 23 - HVAC,23 60 00 Central Cooling Equipment
"Provide all labor, materials and equipment for metal stud framing 3-5/8 inch 20-gauge for interior partitions and ceilings throughout building. per UL listed assembly design number. Taping and finishing to Level 4 finish per ASTM C840.",09,Finishes,09 20 00,Plaster and Gypsum Board,Category 09 - Finishes,09 20 00 Plaster and Gypsum Board
Request for approval: EPDM rubber roofing membrane fully adhered for use for roof replacement over existing building. Remove existing roofing to deck and install new system complete. per FM Global and UL listed roof assembly.,07,Thermal and Moisture Protection,07 50 00,Membrane Roofing,Category 07 - Thermal and Moisture Protection,07 50 00 Membrane Roofing
"Subject: Material Submittal – Material submittal for point-of-use water filtration system. Equipment includes mounting, piping connections and startup. Refer to per NSF/ANSI 61 for drinking water components.",22,Plumbing,22 30 00,Plumbing Equipment,Category 22 - Plumbing,22 30 00 Plumbing Equipment
Quotation for specialty antimicrobial paint for healthcare for all interior walls and ceilings. Colors per architect-selected paint schedule. per SSPC surface preparation standards for steel.,09,Finishes,09 90 00,Painting and Coating,Category 09 - Finishes,09 90 00 Painting and Coating
Supply and install rigid XPS foam insulation board 2-inch thick for roof insulation above deck. Fire rating: Class A flame spread per ASTM E84. conforming to local energy conservation code.,07,Thermal and Moisture Protection,07 20 00,Thermal Insulation,Category 07 - Thermal and Moisture Protection,07 20 00 Thermal Insulation
Quotation for drinking fountain / bottle filler combo unit for public restrooms per fixture schedule. Chrome-plated brass faucets with ceramic disc cartridge. per ASME A112.19.2 for vitreous china fixtures.,22,Plumbing,22 40 00,Plumbing Fixtures,Category 22 - Plumbing,22 40 00 Plumbing Fixtures
"SCOPE OF WORK DESCRIPTION: Provide all labor, materials and equipment for UPS (uninterruptible power supply) 100 kVA for electrical room equipment installation. per project specification Section 26 20 00. Generator includes sub-base fuel tank, muffler and weatherproof enclosure.",26,Electrical,26 20 00,Low-Voltage Electrical Distribution,Category 26 - Electrical,26 20 00 Low-Voltage Electrical Distribution
Vendor submittal: stainless steel commercial kitchen sink triple-bowl. Fixtures to be white vitreous china unless noted otherwise. per ADA and ICC/ANSI A117.1 accessibility standard.,22,Plumbing,22 40 00,Plumbing Fixtures,Category 22 - Plumbing,22 40 00 Plumbing Fixtures
"SCOPE OF WORK DESCRIPTION: Furnish and install roofing insulation tapered cricket system as indicated on drawings and per NRCA roofing guidelines. Insulation R-30 minimum per energy code, tapered for drainage.",07,Thermal and Moisture Protection,07 50 00,Membrane Roofing,Category 07 - Thermal and Moisture Protection,07 50 00 Membrane Roofing
Subcontractor bid for galvanized corrugated steel decking. Location: for mezzanine floor deck. Deck to be welded to supports at 12 inches on center.,05,Metals,05 30 00,Metal Decking,Category 05 - Metals,05 30 00 Metal Decking
Scope of work includes delivery and startup of point-of-use water filtration system for kitchen grease waste management. Unit to be seismic-rated for installation zone.,22,Plumbing,22 30 00,Plumbing Equipment,Category 22 - Plumbing,22 30 00 Plumbing Equipment
Quotation for vitreous china water closet (toilet) floor-mounted for commercial kitchen and break rooms. Chrome-plated brass faucets with ceramic disc cartridge. per project specification Section 22 40 00.,22,Plumbing,22 40 00,Plumbing Fixtures,Category 22 - Plumbing,22 40 00 Plumbing Fixtures
"Provide all labor, materials and equipment for back-painted decorative glass panels for curtain wall and storefront glazing systems. per project specification Section 08 80 00. Glass to meet ANSI Z97.1 safety glazing requirements.",08,Openings,08 80 00,Glazing,Category 08 - Openings,08 80 00 Glazing
Proposal for installation of cementitious dampproofing coating for below-grade foundation walls and footings. All seams to be sealed and corners reinforced.,07,Thermal and Moisture Protection,07 10 00,Dampproofing and Waterproofing,Category 07 - Thermal and Moisture Protection,07 10 00 Dampproofing and Waterproofing
Vendor submittal: underslab vapor barrier 15-mil polyethylene. Includes protection board and drainage composite. per project specification Section 07 10 00.,07,Thermal and Moisture Protection,07 10 00,Dampproofing and Waterproofing,Category 07 - Thermal and Moisture Protection,07 10 00 Dampproofing and Waterproofing
"VENDOR SUBMITTAL: Quotation for stainless steel piping for medical gas for building domestic water distribution system. Includes core drilling, firestopping and sleeve installation. per Uniform Plumbing Code (UPC).",22,Plumbing,22 10 00,Plumbing Piping and Pumps,Category 22 - Plumbing,22 10 00 Plumbing Piping and Pumps
Supply and install laminated security glass for storefronts for building lobby and atrium glazing. Mock-up panel required for architect approval before production. per glazing contractor shop drawings.,08,Openings,08 80 00,Glazing,Category 08 - Openings,08 80 00 Glazing
Quotation for commercial gas-fired water heater 100-gallon for drinking water cooling and dispensing. 5-year manufacturer warranty on heat exchanger. per ASME Boiler and Pressure Vessel Code.,22,Plumbing,22 30 00,Plumbing Equipment,Category 22 - Plumbing,22 30 00 Plumbing Equipment
RE: Central Cooling Equipment – Supply and install water-cooled centrifugal chiller 500-ton for office building comfort cooling. Unit to be high-efficiency with minimum 14 SEER rating. per mechanical schedule on drawings.,23,HVAC,23 60 00,Central Cooling Equipment,Category 23 - HVAC,23 60 00 Central Cooling Equipment
Proposal for shop fabrication and field installation of ornamental steel railing and balusters for equipment pads and roof penetration supports. Steel to be shop-primed with rust-inhibitive primer.,05,Metals,05 50 00,Metal Fabrications,Category 05 - Metals,05 50 00 Metal Fabrications
SCOPE OF WORK DESCRIPTION: Furnish and install EPDM rubber roofing membrane fully adhered as indicated on drawings and per project specification Section 07 50 00. Membrane to be mechanically fastened or fully adhered per wind uplift.,07,Thermal and Moisture Protection,07 50 00,Membrane Roofing,Category 07 - Thermal and Moisture Protection,07 50 00 Membrane Roofing
Vendor submittal: bus duct feeder system from switchboard. Equipment to be UL 891 listed and labeled. per utility company service entrance requirements.,26,Electrical,26 20 00,Low-Voltage Electrical Distribution,Category 26 - Electrical,26 20 00 Low-Voltage Electrical Distribution
RE: Doors and Frames – This submittal covers the delivery and installation of access doors and panels flush-mounted for interior and exterior door openings per door schedule. All work to comply with per project specification Section 08 10 00. Frames to be set and grouted plumb and square.,08,Openings,08 10 00,Doors and Frames,Category 08 - Openings,08 10 00 Doors and Frames
supply and installation of epoxy-coated rebar for exposed concrete including all necessary accessories and hardware. per CRSI Manual of Standard Practice.,03,Concrete,03 20 00,Concrete Reinforcing,Category 03 - Concrete,03 20 00 Concrete Reinforcing
Scope of work includes supply and installation of EMT and rigid metal conduit with fittings for grounding electrode system per NEC. All wiring and raceway per National Electrical Code (NEC).,26,Electrical,26 05 00,Common Work Results for Electrical,Category 26 - Electrical,26 05 00 Common Work Results for Electrical
Material submittal for spandrel glass panels with ceramic frit. Glass thickness and type per structural analysis for wind loads. Refer to per ASTM C1048 for flat glass specifications.,08,Openings,08 80 00,Glazing,Category 08 - Openings,08 80 00 Glazing
Supply and install dry-type transformer 75 kVA 480V to 208/120V for main electrical service and distribution. Arc flash study and labels required per NFPA 70E. per project specification Section 26 20 00.,26,Electrical,26 20 00,Low-Voltage Electrical Distribution,Category 26 - Electrical,26 20 00 Low-Voltage Electrical Distribution
Furnish and install steel moment frame connections as indicated on drawings and per AISC 360 Specification for Structural Steel Buildings. Includes crane and rigging for steel erection.,05,Metals,05 10 00,Structural Metal Framing,Category 05 - Metals,05 10 00 Structural Metal Framing
Scope of work includes furnishing and setting of wired glass for fire-rated openings for fire-rated glazing at rated corridors. Mock-up panel required for architect approval before production.,08,Openings,08 80 00,Glazing,Category 08 - Openings,08 80 00 Glazing
Request for approval: high-performance epoxy wall coating for wet areas for use for mechanical and electrical rooms. Two coats finish over one coat primer on new drywall. per MPI (Master Painters Institute) standards.,09,Finishes,09 90 00,Painting and Coating,Category 09 - Finishes,09 90 00 Painting and Coating
Proposal for supply and installation of gas-fired hot water boiler 2000 MBH for building central heating system. Boiler efficiency exceeds ASHRAE 90.1 minimum requirement.,23,HVAC,23 70 00,Central Heating Equipment,Category 23 - HVAC,23 70 00 Central Heating Equipment
Proposal for supply and placement of concrete placement and finishing for foundations for concrete topping slab over metal deck. Concrete to be cured with wet burlap and plastic sheeting for 7 days.,03,Concrete,03 30 00,Cast-in-Place Concrete,Category 03 - Concrete,03 30 00 Cast-in-Place Concrete
Furnish and install duct-mounted fire and smoke dampers as indicated on drawings and per project specification Section 23 30 00. Ductwork fabricated per SMACNA standards.,23,HVAC,23 30 00,HVAC Air Distribution,Category 23 - HVAC,23 30 00 HVAC Air Distribution
"Scope of work includes tear-off and replacement of roofing penetration flashings and pitch pockets for rooftop mechanical equipment area. Insulation R-30 minimum per energy code, tapered for drainage.",07,Thermal and Moisture Protection,07 50 00,Membrane Roofing,Category 07 - Thermal and Moisture Protection,07 50 00 Membrane Roofing
Scope of work includes furnishing and glazing of fixed aluminum picture windows for exterior building facade per window schedule. Windows to be factory-assembled and glazed.,08,Openings,08 50 00,Windows,Category 08 - Openings,08 50 00 Windows
Request for approval: split-system DX cooling unit with condenser for use for tenant space supplemental cooling. Controls: BACnet compatible DDC for building automation integration. per project specification Section 23 60 00.,23,HVAC,23 60 00,Central Cooling Equipment,Category 23 - HVAC,23 60 00 Central Cooling Equipment
Subcontractor bid for carpet tile modular 24x24 with adhesive. Location: for commercial kitchen and food prep areas. Base: 4-inch rubber or tile cove base at all walls.,09,Finishes,09 60 00,Flooring,Category 09 - Finishes,09 60 00 Flooring
Furnish and install elastomeric exterior wall coating as indicated on drawings and per project specification Section 09 90 00. Colors per architect-selected paint schedule.,09,Finishes,09 90 00,Painting and Coating,Category 09 - Finishes,09 90 00 Painting and Coating
RE: Glazing – Quotation for laminated security glass for storefronts for curtain wall and storefront glazing systems. Mock-up panel required for architect approval before production. per IGCC standards for insulating glass.,08,Openings,08 80 00,Glazing,Category 08 - Openings,08 80 00 Glazing
"RE: Lighting – Request for approval: LED recessed troffer light fixtures 2x4 for use for interior lighting per reflected ceiling plan. Color temperature: 4000K for offices, 3000K for corridors. per project specification Section 26 50 00.",26,Electrical,26 50 00,Lighting,Category 26 - Electrical,26 50 00 Lighting
Material submittal for stainless steel piping for medical gas. Insulation on all hot and cold water piping per specification. Refer to per local plumbing code and health department requirements.,22,Plumbing,22 10 00,Plumbing Piping and Pumps,Category 22 - Plumbing,22 10 00 Plumbing Piping and Pumps
Quotation for LED recessed troffer light fixtures 2x4 for parking garage and canopy lighting. Includes dimming drivers compatible with 0-10V control system. per DesignLights Consortium (DLC) qualified products list.,26,Electrical,26 50 00,Lighting,Category 26 - Electrical,26 50 00 Lighting
RE: Central Heating Equipment – Material submittal for gas-fired hot water boiler 2000 MBH. Boiler efficiency exceeds ASHRAE 90.1 minimum requirement. Refer to per project specification Section 23 70 00.,23,HVAC,23 70 00,Central Heating Equipment,Category 23 - HVAC,23 70 00 Central Heating Equipment
Vendor submittal: acoustic metal deck with perforations. Minimum bearing length 2 inches on structural steel supports. per composite design per AISC 360 Chapter I.,05,Metals,05 30 00,Metal Decking,Category 05 - Metals,05 30 00 Metal Decking
"Provide all labor, materials and equipment for CPVC hot and cold water distribution piping for roof drain piping and overflow system. per project specification Section 22 10 00. Includes core drilling, firestopping and sleeve installation.",22,Plumbing,22 10 00,Plumbing Piping and Pumps,Category 22 - Plumbing,22 10 00 Plumbing Piping and Pumps
"BID ITEM: This submittal covers the rough-in and termination of electrical junction boxes, pull boxes and fittings for grounding electrode system per NEC. All work to comply with per UL listed materials and components. Includes all supports, straps and seismic bracing.",26,Electrical,26 05 00,Common Work Results for Electrical,Category 26 - Electrical,26 05 00 Common Work Results for Electrical
Furnish and install curtain wall window system unitized as indicated on drawings and per project specification Section 08 50 00. Glazing to be dual-pane insulated Low-E argon-filled.,08,Openings,08 50 00,Windows,Category 08 - Openings,08 50 00 Windows
"Provide all labor, materials and equipment for fiber-reinforced concrete (FRC) for slab on grade for concrete topping slab over metal deck. conforming to ASTM C94 ready-mixed concrete standard. Concrete to be cured with wet burlap and plastic sheeting for 7 days.",03,Concrete,03 30 00,Cast-in-Place Concrete,Category 03 - Concrete,03 30 00 Cast-in-Place Concrete
VENDOR SUBMITTAL: Quotation for thermostatic mixing valve station for domestic hot water system in mechanical room. 5-year manufacturer warranty on heat exchanger. per local health and plumbing code requirements.,22,Plumbing,22 30 00,Plumbing Equipment,Category 22 - Plumbing,22 30 00 Plumbing Equipment
SCOPE OF WORK DESCRIPTION: This submittal covers the supply and installation of blown-in cellulose insulation for attic spaces for roof insulation above deck. All work to comply with per ASHRAE 90.1 energy code requirements. Includes vapor retarder on warm side of assembly.,07,Thermal and Moisture Protection,07 20 00,Thermal Insulation,Category 07 - Thermal and Moisture Protection,07 20 00 Thermal Insulation
Material submittal for acoustic insulation for interior partitions. Includes vapor retarder on warm side of assembly. Refer to per manufacturer technical data and installation guide.,07,Thermal and Moisture Protection,07 20 00,Thermal Insulation,Category 07 - Thermal and Moisture Protection,07 20 00 Thermal Insulation
Material submittal for hollow metal door frames 16-gauge welded. Fire-rated assemblies with UL listed label. Refer to per project specification Section 08 10 00.,08,Openings,08 10 00,Doors and Frames,Category 08 - Openings,08 10 00 Doors and Frames
Subcontractor bid for fiber reinforcing mesh for slab-on-grade. Location: for concrete shear walls per seismic design. Mill certifications required for all reinforcing steel.,03,Concrete,03 20 00,Concrete Reinforcing,Category 03 - Concrete,03 20 00 Concrete Reinforcing
Supply and install sound-rated gypsum board assembly STC 50 for fire-rated corridor and stairwell assemblies. Includes acoustic sealant at top and bottom tracks. per ASTM C840 gypsum board application standard.,09,Finishes,09 20 00,Plaster and Gypsum Board,Category 09 - Finishes,09 20 00 Plaster and Gypsum Board
Vendor submittal: fabric ductwork for open ceiling areas. TAB (Testing Adjusting Balancing) included in scope. per ASHRAE 90.1 duct insulation requirements.,23,HVAC,23 30 00,HVAC Air Distribution,Category 23 - HVAC,23 30 00 HVAC Air Distribution
Supply and install access doors and panels flush-mounted for mechanical and electrical room access. Fire-rated assemblies with UL listed label. conforming to SDI (Steel Door Institute) standards.,08,Openings,08 10 00,Doors and Frames,Category 08 - Openings,08 10 00 Doors and Frames
Quotation for fluid-applied rubberized asphalt waterproofing for occupied basement and parking levels. Surface preparation includes primer coat as recommended by manufacturer. conforming to local building code moisture protection requirements.,07,Thermal and Moisture Protection,07 10 00,Dampproofing and Waterproofing,Category 07 - Thermal and Moisture Protection,07 10 00 Dampproofing and Waterproofing
Furnish and install plywood concrete formwork system as indicated on drawings and per ACI 347 standards. Allow for three reuses of formwork panels.,03,Concrete,03 10 00,Concrete Forming and Accessories,Category 03 - Concrete,03 10 00 Concrete Forming and Accessories
Scope of work includes application of fluid-applied rubberized asphalt waterproofing for plaza deck over occupied space. All seams to be sealed and corners reinforced.,07,Thermal and Moisture Protection,07 10 00,Dampproofing and Waterproofing,Category 07 - Thermal and Moisture Protection,07 10 00 Dampproofing and Waterproofing
"RE: Central Heating Equipment – Subcontractor bid for gas-fired hot water boiler 2000 MBH. Location: for ventilation air preheat system. Includes gas piping, venting and combustion air provisions.",23,HVAC,23 70 00,Central Heating Equipment,Category 23 - HVAC,23 70 00 Central Heating Equipment
"Quotation for PEX flexible water supply tubing for restroom and kitchen plumbing rough-in. Pipe connections: soldered for copper, solvent welded for PVC. per Uniform Plumbing Code (UPC).",22,Plumbing,22 10 00,Plumbing Piping and Pumps,Category 22 - Plumbing,22 10 00 Plumbing Piping and Pumps
Proposal for placement and finishing of air-entrained concrete for exterior flatwork for elevated concrete slabs at all levels. Maximum slump 4 inches without superplasticizer.,03,Concrete,03 30 00,Cast-in-Place Concrete,Category 03 - Concrete,03 30 00 Cast-in-Place Concrete
This submittal covers the furnishing and welding of galvanized corrugated steel decking for composite floor system at all elevated levels. All work to comply with per SDI (Steel Deck Institute) standards. Includes temporary shoring during concrete placement.,05,Metals,05 30 00,Metal Decking,Category 05 - Metals,05 30 00 Metal Decking
Material submittal for reinforcing bar couplers (mechanical splices). Rebar to be shop-fabricated and tagged per bar schedule. Refer to per ACI 318-19 and project structural drawings.,03,Concrete,03 20 00,Concrete Reinforcing,Category 03 - Concrete,03 20 00 Concrete Reinforcing
Subcontractor bid for non-composite roof deck panels. Location: for parking garage composite deck system. Deck to be Vulcraft or approved equal.,05,Metals,05 30 00,Metal Decking,Category 05 - Metals,05 30 00 Metal Decking
delivery and energization of diesel emergency standby generator 500 kW including all necessary accessories and hardware. per project specification Section 26 20 00.,26,Electrical,26 20 00,Low-Voltage Electrical Distribution,Category 26 - Electrical,26 20 00 Low-Voltage Electrical Distribution
"Subcontractor bid for stainless steel commercial kitchen sink triple-bowl. Location: for janitor closets and service areas. Includes all trim, supplies, stops and connection fittings.",22,Plumbing,22 40 00,Plumbing Fixtures,Category 22 - Plumbing,22 40 00 Plumbing Fixtures
Subcontractor bid for lightweight concrete for elevated slabs. Location: for building foundations and footings. Portland cement Type I/II with 3/4 inch maximum aggregate.,03,Concrete,03 30 00,Cast-in-Place Concrete,Category 03 - Concrete,03 30 00 Cast-in-Place Concrete
"VENDOR SUBMITTAL: Quotation for galvanized corrugated steel decking for mezzanine floor deck. Includes all side laps, end laps, and pour stop angles. per project specification Section 05 30 00.",05,Metals,05 30 00,Metal Decking,Category 05 - Metals,05 30 00 Metal Decking
This submittal covers the installation of crystalline waterproofing admixture for concrete for elevator pit and mechanical room. All work to comply with per project specification Section 07 10 00. Includes protection board and drainage composite.,07,Thermal and Moisture Protection,07 10 00,Dampproofing and Waterproofing,Category 07 - Thermal and Moisture Protection,07 10 00 Dampproofing and Waterproofing
Supply and install air-entrained concrete for exterior flatwork for exterior sidewalks and curbs. Water-to-cement ratio not to exceed 0.45. per project specification Section 03 30 00.,03,Concrete,03 30 00,Cast-in-Place Concrete,Category 03 - Concrete,03 30 00 Cast-in-Place Concrete
Request for approval: cementitious dampproofing coating for use for below-grade foundation walls and footings. 10-year manufacturer warranty on waterproofing system. conforming to local building code moisture protection requirements.,07,Thermal and Moisture Protection,07 10 00,Dampproofing and Waterproofing,Category 07 - Thermal and Moisture Protection,07 10 00 Dampproofing and Waterproofing
VENDOR SUBMITTAL: Proposal for rough-in and termination of EMT and rigid metal conduit with fittings for power distribution conduit and wire pulls. As-built drawings required showing all concealed raceway routing.,26,Electrical,26 05 00,Common Work Results for Electrical,Category 26 - Electrical,26 05 00 Common Work Results for Electrical
"Furnish and install roof walkway pads and protection mats as indicated on drawings and per project specification Section 07 50 00. Insulation R-30 minimum per energy code, tapered for drainage.",07,Thermal and Moisture Protection,07 50 00,Membrane Roofing,Category 07 - Thermal and Moisture Protection,07 50 00 Membrane Roofing
Vendor submittal: stainless steel commercial kitchen sink triple-bowl. All fixtures to be water-efficient per WaterSense label. per ASME A112.19.2 for vitreous china fixtures.,22,Plumbing,22 40 00,Plumbing Fixtures,Category 22 - Plumbing,22 40 00 Plumbing Fixtures
"SCOPE OF WORK DESCRIPTION: Provide all labor, materials and equipment for air-entrained concrete for exterior flatwork for slab-on-grade in warehouse area. per ACI 318 and ACI 301 specifications. Includes concrete testing: slump, air content, cylinders per ACI 301.",03,Concrete,03 30 00,Cast-in-Place Concrete,Category 03 - Concrete,03 30 00 Cast-in-Place Concrete
Subject: Material Submittal – Proposal for delivery and installation of composite metal floor deck 3-inch 20 gauge for roof deck installation over steel joists. Minimum bearing length 2 inches on structural steel supports.,05,Metals,05 30 00,Metal Decking,Category 05 - Metals,05 30 00 Metal Decking
RE: Common Work Results for Electrical – Material submittal for firestopping for electrical penetrations. Conduit fill not to exceed 40% per NEC Chapter 9. Refer to per NECA installation standards.,26,Electrical,26 05 00,Common Work Results for Electrical,Category 26 - Electrical,26 05 00 Common Work Results for Electrical
Scope of work includes delivery and startup of water softener and treatment system for domestic hot water system in mechanical room. 5-year manufacturer warranty on heat exchanger.,22,Plumbing,22 30 00,Plumbing Equipment,Category 22 - Plumbing,22 30 00 Plumbing Equipment
"Provide all labor, materials and equipment for steel security doors with electronic hardware for warehouse and loading dock openings. per NFPA 80 fire door assembly standards. Includes all weatherstripping, thresholds and smoke seals.",08,Openings,08 10 00,Doors and Frames,Category 08 - Openings,08 10 00 Doors and Frames
Proposal for installation of rubber athletic flooring for gymnasium for office spaces and conference rooms. Adhesive to be low-VOC per LEED IEQ requirements.,09,Finishes,09 60 00,Flooring,Category 09 - Finishes,09 60 00 Flooring
RE: Plumbing Fixtures – Scope of work includes furnishing and setting of ADA-compliant accessible plumbing fixtures for public restrooms per fixture schedule. ADA fixtures mounted at heights per accessibility code.,22,Plumbing,22 40 00,Plumbing Fixtures,Category 22 - Plumbing,22 40 00 Plumbing Fixtures
"Vendor submittal: plywood concrete formwork system. Plywood grade B-B, minimum 3/4 inch thick. per project specification Section 03 10 00.",03,Concrete,03 10 00,Concrete Forming and Accessories,Category 03 - Concrete,03 10 00 Concrete Forming and Accessories
This submittal covers the furnishing and connecting of distribution panelboard 225A 208/120V for electrical room equipment installation. All work to comply with per NEC Article 230 (Services) and 240 (Overcurrent Protection). Arc flash study and labels required per NFPA 70E.,26,Electrical,26 20 00,Low-Voltage Electrical Distribution,Category 26 - Electrical,26 20 00 Low-Voltage Electrical Distribution
"Proposal for supply and installation of luxury vinyl plank (LVP) flooring click-lock system for lobby, corridors and common areas. Adhesive to be low-VOC per LEED IEQ requirements.",09,Finishes,09 60 00,Flooring,Category 09 - Finishes,09 60 00 Flooring
RE: Metal Decking – Proposal for delivery and installation of composite metal floor deck 3-inch 20 gauge for metal building roof deck replacement. Deck to be welded to supports at 12 inches on center.,05,Metals,05 30 00,Metal Decking,Category 05 - Metals,05 30 00 Metal Decking
BID ITEM: Proposal for supply and installation of CPVC hot and cold water distribution piping for building domestic water distribution system. Insulation on all hot and cold water piping per specification.,22,Plumbing,22 10 00,Plumbing Piping and Pumps,Category 22 - Plumbing,22 10 00 Plumbing Piping and Pumps
Vendor submittal: access doors and panels flush-mounted. Fire-rated assemblies with UL listed label. per door and hardware schedule on drawings.,08,Openings,08 10 00,Doors and Frames,Category 08 - Openings,08 10 00 Doors and Frames
supply and installation of exterior LED wall pack and pole-mounted fixtures including all necessary accessories and hardware. per IES recommended lighting levels for occupancy type.,26,Electrical,26 50 00,Lighting,Category 26 - Electrical,26 50 00 Lighting
SCOPE OF WORK DESCRIPTION: Vendor submittal: curved radius concrete forms. Forms to remain in place for minimum 7-day cure period. per structural engineer approved shop drawings.,03,Concrete,03 10 00,Concrete Forming and Accessories,Category 03 - Concrete,03 10 00 Concrete Forming and Accessories
"SCOPE OF WORK DESCRIPTION: Quotation for air-entrained concrete for exterior flatwork for concrete columns, beams and shear walls. Water-to-cement ratio not to exceed 0.45. per project specification Section 03 30 00.",03,Concrete,03 30 00,Cast-in-Place Concrete,Category 03 - Concrete,03 30 00 Cast-in-Place Concrete
"Subject: Material Submittal – Material submittal for automatic transfer switch (ATS) 400A. Includes circuit breakers, fuses and all internal components. Refer to per NFPA 110 for emergency power systems.",26,Electrical,26 20 00,Low-Voltage Electrical Distribution,Category 26 - Electrical,26 20 00 Low-Voltage Electrical Distribution
VENDOR SUBMITTAL: Subcontractor bid for main electrical switchboard 2000A 480/277V. Location: for electrical room equipment installation. Equipment to be UL 891 listed and labeled.,26,Electrical,26 20 00,Low-Voltage Electrical Distribution,Category 26 - Electrical,26 20 00 Low-Voltage Electrical Distribution
Request for approval: expansion tank for domestic water system for use for below-grade sewage ejection system. Manufacturer factory startup and commissioning required. per project specification Section 22 30 00.,22,Plumbing,22 30 00,Plumbing Equipment,Category 22 - Plumbing,22 30 00 Plumbing Equipment
Scope of work includes framing and boarding of shaft wall liner and C-H stud system for tenant improvement build-out. Taping and finishing to Level 4 finish per ASTM C840.,09,Finishes,09 20 00,Plaster and Gypsum Board,Category 09 - Finishes,09 20 00 Plaster and Gypsum Board
BID ITEM: This submittal covers the procurement and installation of laminated security glass for storefronts for building lobby and atrium glazing. All work to comply with per glazing contractor shop drawings. Mock-up panel required for architect approval before production.,08,Openings,08 80 00,Glazing,Category 08 - Openings,08 80 00 Glazing
Vendor submittal: FRP fiberglass reinforced plastic doors. Finish: factory-applied powder coat paint. per NFPA 80 fire door assembly standards.,08,Openings,08 10 00,Doors and Frames,Category 08 - Openings,08 10 00 Doors and Frames
PROJECT PROPOSAL: Subcontractor bid for sheet vinyl flooring for healthcare corridors. Location: for office spaces and conference rooms. Transition strips at all flooring material changes.,09,Finishes,09 60 00,Flooring,Category 09 - Finishes,09 60 00 Flooring
rough-in and termination of cable tray system ladder type with covers including all necessary accessories and hardware. per project specification Section 26 05 00.,26,Electrical,26 05 00,Common Work Results for Electrical,Category 26 - Electrical,26 05 00 Common Work Results for Electrical
PROJECT PROPOSAL: Proposal for delivery and setting of steel fixed-lite windows for industrial for residential tower window replacement. Windows to be factory-assembled and glazed.,08,Openings,08 50 00,Windows,Category 08 - Openings,08 50 00 Windows
"Furnish and install glass mat gypsum sheathing for exterior as indicated on drawings and per GA (Gypsum Association) Fire Resistance Design Manual. Metal studs at 16 inches on center, bridging at mid-height.",09,Finishes,09 20 00,Plaster and Gypsum Board,Category 09 - Finishes,09 20 00 Plaster and Gypsum Board
BID ITEM: Supply and install galvanized corrugated steel decking for metal building roof deck replacement. Deck to be Vulcraft or approved equal. conforming to ASTM A653 galvanized steel.,05,Metals,05 30 00,Metal Decking,Category 05 - Metals,05 30 00 Metal Decking
"Subject: Material Submittal – Quotation for composite metal floor deck 3-inch 20 gauge for mezzanine floor deck. Includes all side laps, end laps, and pour stop angles. per project specification Section 05 30 00.",05,Metals,05 30 00,Metal Decking,Category 05 - Metals,05 30 00 Metal Decking
"SCOPE OF WORK DESCRIPTION: Quotation for concrete placement and finishing for foundations for building foundations and footings. Includes concrete testing: slump, air content, cylinders per ACI 301. per project specification Section 03 30 00.",03,Concrete,03 30 00,Cast-in-Place Concrete,Category 03 - Concrete,03 30 00 Cast-in-Place Concrete
"VENDOR SUBMITTAL: Scope of work includes procurement and installation of tankless instantaneous water heater for drinking water cooling and dispensing. Equipment includes mounting, piping connections and startup.",22,Plumbing,22 30 00,Plumbing Equipment,Category 22 - Plumbing,22 30 00 Plumbing Equipment
"Material submittal for composite metal floor deck 3-inch 20 gauge. Includes all side laps, end laps, and pour stop angles. Refer to per SDI (Steel Deck Institute) standards.",05,Metals,05 30 00,Metal Decking,Category 05 - Metals,05 30 00 Metal Decking
PROJECT PROPOSAL: procurement and installation of impact-resistant hurricane windows including all necessary accessories and hardware. per approved window schedule and shop drawings.,08,Openings,08 50 00,Windows,Category 08 - Openings,08 50 00 Windows
Supply and install floor sealer and concrete stain for exterior building facade and soffits. VOC content to comply with LEED IEQ v4 requirements. per project specification Section 09 90 00.,09,Finishes,09 90 00,Painting and Coating,Category 09 - Finishes,09 90 00 Painting and Coating
supply and placement of air-entrained concrete for exterior flatwork including all necessary accessories and hardware. per ACI 318 and ACI 301 specifications.,03,Concrete,03 30 00,Cast-in-Place Concrete,Category 03 - Concrete,03 30 00 Cast-in-Place Concrete
Supply and install explosion-proof lighting for hazardous locations for exterior site and building-mounted lighting. Includes dimming drivers compatible with 0-10V control system. per project specification Section 26 50 00.,26,Electrical,26 50 00,Lighting,Category 26 - Electrical,26 50 00 Lighting
supply and installation of janitor closet plumbing fixtures including all necessary accessories and hardware. per plumbing fixture schedule on drawings.,22,Plumbing,22 40 00,Plumbing Fixtures,Category 22 - Plumbing,22 40 00 Plumbing Fixtures
SCOPE OF WORK DESCRIPTION: Material submittal for radiant ceiling panel heating system. Boiler efficiency exceeds ASHRAE 90.1 minimum requirement. Refer to per AHRI certified heating capacity ratings.,23,HVAC,23 70 00,Central Heating Equipment,Category 23 - HVAC,23 70 00 Central Heating Equipment
application of floor sealer and concrete stain including all necessary accessories and hardware. per paint manufacturer technical data sheets.,09,Finishes,09 90 00,Painting and Coating,Category 09 - Finishes,09 90 00 Painting and Coating
Subject: Material Submittal – Vendor submittal: spray-applied polyurethane foam insulation (SPF). R-value verified by third-party testing per ASTM C518. per project specification Section 07 20 00.,07,Thermal and Moisture Protection,07 20 00,Thermal Insulation,Category 07 - Thermal and Moisture Protection,07 20 00 Thermal Insulation
Quotation for hollow metal door frames 16-gauge welded for interior and exterior door openings per door schedule. Frames to be set and grouted plumb and square. per door and hardware schedule on drawings.,08,Openings,08 10 00,Doors and Frames,Category 08 - Openings,08 10 00 Doors and Frames
Vendor submittal: acoustic metal deck with perforations. Deck to be welded to supports at 12 inches on center. per project specification Section 05 30 00.,05,Metals,05 30 00,Metal Decking,Category 05 - Metals,05 30 00 Metal Decking
"BID ITEM: Supply and install emergency and exit lighting with battery backup for exterior site and building-mounted lighting. Color temperature: 4000K for offices, 3000K for corridors. per IES recommended lighting levels for occupancy type.",26,Electrical,26 50 00,Lighting,Category 26 - Electrical,26 50 00 Lighting
Proposal for procurement and installation of carpet tile modular 24x24 with adhesive for gymnasium and multipurpose room. Moisture testing required per ASTM F2170 before installation.,09,Finishes,09 60 00,Flooring,Category 09 - Finishes,09 60 00 Flooring
"Vendor submittal: aluminum sliding windows. U-factor 0.30 maximum, SHGC 0.25 maximum per energy code. per approved window schedule and shop drawings.",08,Openings,08 50 00,Windows,Category 08 - Openings,08 50 00 Windows
Subcontractor bid for ADA-compliant accessible plumbing fixtures. Location: for janitor closets and service areas. All fixtures to be water-efficient per WaterSense label.,22,Plumbing,22 40 00,Plumbing Fixtures,Category 22 - Plumbing,22 40 00 Plumbing Fixtures
Material submittal for foundation drain board and protection course. Includes protection board and drainage composite. Refer to per ASTM D6153 for liquid-applied waterproofing.,07,Thermal and Moisture Protection,07 10 00,Dampproofing and Waterproofing,Category 07 - Thermal and Moisture Protection,07 10 00 Dampproofing and Waterproofing
"Furnish and install curtain wall window system unitized as indicated on drawings and per approved window schedule and shop drawings. Includes all sealants, flashing and perimeter caulking.",08,Openings,08 50 00,Windows,Category 08 - Openings,08 50 00 Windows
Vendor submittal: overhead coiling steel service doors. Frames to be set and grouted plumb and square. per NFPA 80 fire door assembly standards.,08,Openings,08 10 00,Doors and Frames,Category 08 - Openings,08 10 00 Doors and Frames
"Subcontractor bid for PEX flexible water supply tubing. Location: for restroom and kitchen plumbing rough-in. Pipe connections: soldered for copper, solvent welded for PVC.",22,Plumbing,22 10 00,Plumbing Piping and Pumps,Category 22 - Plumbing,22 10 00 Plumbing Piping and Pumps
"Proposal for installation of luxury vinyl plank (LVP) flooring click-lock system for lobby, corridors and common areas. Base: 4-inch rubber or tile cove base at all walls.",09,Finishes,09 60 00,Flooring,Category 09 - Finishes,09 60 00 Flooring
supply and installation of vitreous china water closet (toilet) floor-mounted including all necessary accessories and hardware. per ADA and ICC/ANSI A117.1 accessibility standard.,22,Plumbing,22 40 00,Plumbing Fixtures,Category 22 - Plumbing,22 40 00 Plumbing Fixtures
BID ITEM: Proposal for supply and installation of fire-rated steel doors and frames 90-minute for main building entry and vestibule. Fire-rated assemblies with UL listed label.,08,Openings,08 10 00,Doors and Frames,Category 08 - Openings,08 10 00 Doors and Frames
SCOPE OF WORK DESCRIPTION: Proposal for delivery and installation of vitreous china water closet (toilet) floor-mounted for janitor closets and service areas. Fixtures to be white vitreous china unless noted otherwise.,22,Plumbing,22 40 00,Plumbing Fixtures,Category 22 - Plumbing,22 40 00 Plumbing Fixtures
"Vendor submittal: welded wire reinforcement WWR 6x6-W2.9xW2.9. Minimum concrete cover 3 inches for footings, 1.5 inches for slabs. per CRSI Manual of Standard Practice.",03,Concrete,03 20 00,Concrete Reinforcing,Category 03 - Concrete,03 20 00 Concrete Reinforcing
"Provide all labor, materials and equipment for 5000 PSI high-strength concrete for columns for concrete topping slab over metal deck. conforming to ASTM C94 ready-mixed concrete standard. Maximum slump 4 inches without superplasticizer.",03,Concrete,03 30 00,Cast-in-Place Concrete,Category 03 - Concrete,03 30 00 Cast-in-Place Concrete
Subject: Material Submittal – Quotation for underground PVC electrical conduit duct bank for underground electrical duct bank to building. Conduit fill not to exceed 40% per NEC Chapter 9. per NECA installation standards.,26,Electrical,26 05 00,Common Work Results for Electrical,Category 26 - Electrical,26 05 00 Common Work Results for Electrical
Request for approval: cellular metal floor deck for electrical raceway for use for metal building roof deck replacement. Includes temporary shoring during concrete placement. per SDI (Steel Deck Institute) standards.,05,Metals,05 30 00,Metal Decking,Category 05 - Metals,05 30 00 Metal Decking
supply and installation of dimming lighting control system with occupancy sensors including all necessary accessories and hardware. per project specification Section 26 50 00.,26,Electrical,26 50 00,Lighting,Category 26 - Electrical,26 50 00 Lighting
"Provide all labor, materials and equipment for roofing penetration flashings and pitch pockets for roof replacement over existing building. per NRCA roofing guidelines. Membrane to be mechanically fastened or fully adhered per wind uplift.",07,Thermal and Moisture Protection,07 50 00,Membrane Roofing,Category 07 - Thermal and Moisture Protection,07 50 00 Membrane Roofing
SCOPE OF WORK DESCRIPTION: Furnish and install cellular metal floor deck for electrical raceway as indicated on drawings and per SDI (Steel Deck Institute) standards. Deck to be Vulcraft or approved equal.,05,Metals,05 30 00,Metal Decking,Category 05 - Metals,05 30 00 Metal Decking
"Subcontractor bid for polished concrete floor with densifier and sealer. Location: for office spaces and conference rooms. Includes all floor preparation, leveling and patching.",09,Finishes,09 60 00,Flooring,Category 09 - Finishes,09 60 00 Flooring
Furnish and install bus duct feeder system from switchboard as indicated on drawings and per project specification Section 26 20 00. Load bank testing and startup by factory technician.,26,Electrical,26 20 00,Low-Voltage Electrical Distribution,Category 26 - Electrical,26 20 00 Low-Voltage Electrical Distribution
Material submittal for roofing insulation tapered cricket system. Membrane to be mechanically fastened or fully adhered per wind uplift. Refer to per FM Global and UL listed roof assembly.,07,Thermal and Moisture Protection,07 50 00,Membrane Roofing,Category 07 - Thermal and Moisture Protection,07 50 00 Membrane Roofing
Vendor submittal: operable skylight window units. Windows to be factory-assembled and glazed. per energy code and ASHRAE 90.1 requirements.,08,Openings,08 50 00,Windows,Category 08 - Openings,08 50 00 Windows
SCOPE OF WORK DESCRIPTION: Proposal for furnishing and piping of unit heater gas-fired for warehouse for perimeter heating at exterior walls. Factory startup required by manufacturer certified technician.,23,HVAC,23 70 00,Central Heating Equipment,Category 23 - HVAC,23 70 00 Central Heating Equipment
VENDOR SUBMITTAL: Material submittal for FRP fiberglass reinforced plastic doors. Fire-rated assemblies with UL listed label. Refer to per NFPA 80 fire door assembly standards.,08,Openings,08 10 00,Doors and Frames,Category 08 - Openings,08 10 00 Doors and Frames
"Subcontractor bid for electrical metering and monitoring system. Location: for main electrical service and distribution. Generator includes sub-base fuel tank, muffler and weatherproof enclosure.",26,Electrical,26 20 00,Low-Voltage Electrical Distribution,Category 26 - Electrical,26 20 00 Low-Voltage Electrical Distribution
Request for approval: underground PVC electrical conduit duct bank for use for data center cable tray installation. As-built drawings required showing all concealed raceway routing. per NEC (NFPA 70) National Electrical Code.,26,Electrical,26 05 00,Common Work Results for Electrical,Category 26 - Electrical,26 05 00 Common Work Results for Electrical
VENDOR SUBMITTAL: Subcontractor bid for steel access hatches and floor plates. Location: for equipment pads and roof penetration supports. Handrails to comply with ADA requirements.,05,Metals,05 50 00,Metal Fabrications,Category 05 - Metals,05 50 00 Metal Fabrications
This submittal covers the shop fabrication and field erection of steel base plates and anchor bolts for second floor and roof framing. All work to comply with per AISC 360 Specification for Structural Steel Buildings. Includes crane and rigging for steel erection.,05,Metals,05 10 00,Structural Metal Framing,Category 05 - Metals,05 10 00 Structural Metal Framing
Vendor submittal: steel ladder and safety cage. Steel to be shop-primed with rust-inhibitive primer. per architectural detail drawings.,05,Metals,05 50 00,Metal Fabrications,Category 05 - Metals,05 50 00 Metal Fabrications
SCOPE OF WORK DESCRIPTION: This submittal covers the fabrication and erection of galvanized structural steel for exterior for mezzanine floor framing. All work to comply with per structural engineer sealed shop drawings. Includes crane and rigging for steel erection.,05,Metals,05 10 00,Structural Metal Framing,Category 05 - Metals,05 10 00 Structural Metal Framing
"Vendor submittal: rubber athletic flooring for gymnasium. Includes all floor preparation, leveling and patching. per TCNA Handbook for tile installations.",09,Finishes,09 60 00,Flooring,Category 09 - Finishes,09 60 00 Flooring
"PROJECT PROPOSAL: Proposal for furnishing and pulling of electrical junction boxes, pull boxes and fittings for electrical raceway and wiring infrastructure. Wire pulled with approved lubricant, no damage to insulation.",26,Electrical,26 05 00,Common Work Results for Electrical,Category 26 - Electrical,26 05 00 Common Work Results for Electrical
"Material submittal for backflow preventer and pressure reducing valve. Includes all valves, supports, hangers and seismic bracing. Refer to per project specification Section 22 10 00.",22,Plumbing,22 10 00,Plumbing Piping and Pumps,Category 22 - Plumbing,22 10 00 Plumbing Piping and Pumps
Material submittal for moisture-resistant (green board) gypsum in wet areas. Includes acoustic sealant at top and bottom tracks. Refer to per GA (Gypsum Association) Fire Resistance Design Manual.,09,Finishes,09 20 00,Plaster and Gypsum Board,Category 09 - Finishes,09 20 00 Plaster and Gypsum Board
Material submittal for hot-rolled steel I-beams for floor framing. Material per ASTM A992 Grade 50 for wide flanges. Refer to per AISC 360 Specification for Structural Steel Buildings.,05,Metals,05 10 00,Structural Metal Framing,Category 05 - Metals,05 10 00 Structural Metal Framing
BID ITEM: Subcontractor bid for sheet membrane waterproofing for plaza deck. Location: for elevator pit and mechanical room. 10-year manufacturer warranty on waterproofing system.,07,Thermal and Moisture Protection,07 10 00,Dampproofing and Waterproofing,Category 07 - Thermal and Moisture Protection,07 10 00 Dampproofing and Waterproofing
"Vendor submittal: foundation footing formwork. Includes form stripping, cleaning, and concrete surface patching. per structural engineer approved shop drawings.",03,Concrete,03 10 00,Concrete Forming and Accessories,Category 03 - Concrete,03 10 00 Concrete Forming and Accessories
Vendor submittal: plywood concrete formwork system. Snap ties at 24 inches on center both ways. conforming to OSHA shoring requirements.,03,Concrete,03 10 00,Concrete Forming and Accessories,Category 03 - Concrete,03 10 00 Concrete Forming and Accessories
"Subcontractor bid for cementitious dampproofing coating. Location: at tunnel and underground utility connections. Membrane to be installed on clean, dry substrate.",07,Thermal and Moisture Protection,07 10 00,Dampproofing and Waterproofing,Category 07 - Thermal and Moisture Protection,07 10 00 Dampproofing and Waterproofing
Proposal for fabrication and installation of steel panel forms for walls at building core shear walls. Snap ties at 24 inches on center both ways.,03,Concrete,03 10 00,Concrete Forming and Accessories,Category 03 - Concrete,03 10 00 Concrete Forming and Accessories
Quotation for tempered safety glass panels for fire-rated glazing at rated corridors. Glass thickness and type per structural analysis for wind loads. per project specification Section 08 80 00.,08,Openings,08 80 00,Glazing,Category 08 - Openings,08 80 00 Glazing
"SCOPE OF WORK DESCRIPTION: Material submittal for grounding and bonding system with ground rods. Includes all supports, straps and seismic bracing. Refer to per project specification Section 26 05 00.",26,Electrical,26 05 00,Common Work Results for Electrical,Category 26 - Electrical,26 05 00 Common Work Results for Electrical
"Supply and install parking garage LED fixtures with daylight sensor for office, lobby and common area lighting. Color temperature: 4000K for offices, 3000K for corridors. per NEC Article 410 and local energy code.",26,Electrical,26 50 00,Lighting,Category 26 - Electrical,26 50 00 Lighting
Subcontractor bid for fiberglass batt insulation R-19 for exterior walls. Location: for roof insulation above deck. R-value verified by third-party testing per ASTM C518.,07,Thermal and Moisture Protection,07 20 00,Thermal Insulation,Category 07 - Thermal and Moisture Protection,07 20 00 Thermal Insulation
"PROJECT PROPOSAL: This submittal covers the fabrication and placement of welded wire reinforcement WWR 6x6-W2.9xW2.9 for elevated concrete slab reinforcement. All work to comply with in accordance with Section 03 20 00. Minimum concrete cover 3 inches for footings, 1.5 inches for slabs.",03,Concrete,03 20 00,Concrete Reinforcing,Category 03 - Concrete,03 20 00 Concrete Reinforcing
Vendor submittal: galvanized corrugated steel decking. Includes temporary shoring during concrete placement. per composite design per AISC 360 Chapter I.,05,Metals,05 30 00,Metal Decking,Category 05 - Metals,05 30 00 Metal Decking
"Subcontractor bid for vegetated green roof assembly with drainage mat. Location: for roof replacement over existing building. Includes all flashings, counterflashings, and edge metal.",07,Thermal and Moisture Protection,07 50 00,Membrane Roofing,Category 07 - Thermal and Moisture Protection,07 50 00 Membrane Roofing
BID ITEM: Quotation for structural steel wide-flange beams W12x26 for main building structural frame. High-strength bolts A325 for all connections. conforming to AWS D1.1 for welded connections.,05,Metals,05 10 00,Structural Metal Framing,Category 05 - Metals,05 10 00 Structural Metal Framing
Request for approval: bus duct feeder system from switchboard for use for building power distribution infrastructure. Equipment to be UL 891 listed and labeled. per utility company service entrance requirements.,26,Electrical,26 20 00,Low-Voltage Electrical Distribution,Category 26 - Electrical,26 20 00 Low-Voltage Electrical Distribution
"PROJECT PROPOSAL: Scope of work includes procurement and installation of acoustic sound-rated door assemblies STC 45 for fire-rated corridor and stairwell openings. Hardware to include lever handles, closers, and hinges per hardware schedule.",08,Openings,08 10 00,Doors and Frames,Category 08 - Openings,08 10 00 Doors and Frames
"SCOPE OF WORK DESCRIPTION: Proposal for supply and installation of ADA-compliant accessible plumbing fixtures for ADA-compliant accessible restroom. Includes all trim, supplies, stops and connection fittings.",22,Plumbing,22 40 00,Plumbing Fixtures,Category 22 - Plumbing,22 40 00 Plumbing Fixtures
Subject: Material Submittal – Vendor submittal: underslab vapor barrier 15-mil polyethylene. All seams to be sealed and corners reinforced. per manufacturer installation guidelines.,07,Thermal and Moisture Protection,07 10 00,Dampproofing and Waterproofing,Category 07 - Thermal and Moisture Protection,07 10 00 Dampproofing and Waterproofing
Request for approval: seismic bracing for electrical equipment for use for underground electrical duct bank to building. Conduit fill not to exceed 40% per NEC Chapter 9. per NECA installation standards.,26,Electrical,26 05 00,Common Work Results for Electrical,Category 26 - Electrical,26 05 00 Common Work Results for Electrical
"Scope of work includes delivery and installation of galvanized corrugated steel decking for composite floor system at all elevated levels. Includes all side laps, end laps, and pour stop angles.",05,Metals,05 30 00,Metal Decking,Category 05 - Metals,05 30 00 Metal Decking
Furnish and install built-up roofing (BUR) 4-ply asphalt system as indicated on drawings and per project specification Section 07 50 00. Remove existing roofing to deck and install new system complete.,07,Thermal and Moisture Protection,07 50 00,Membrane Roofing,Category 07 - Thermal and Moisture Protection,07 50 00 Membrane Roofing
"Proposal for delivery, rigging and startup of split-system DX cooling unit with condenser for rooftop packaged HVAC installation. Factory startup and commissioning by manufacturer representative.",23,HVAC,23 60 00,Central Cooling Equipment,Category 23 - HVAC,23 60 00 Central Cooling Equipment
Material submittal for glass mat gypsum sheathing for exterior. Taping and finishing to Level 4 finish per ASTM C840. Refer to per ASTM C840 gypsum board application standard.,09,Finishes,09 20 00,Plaster and Gypsum Board,Category 09 - Finishes,09 20 00 Plaster and Gypsum Board
Scope of work includes erection of non-composite roof deck panels for parking garage composite deck system. Deck to be welded to supports at 12 inches on center.,05,Metals,05 30 00,Metal Decking,Category 05 - Metals,05 30 00 Metal Decking
"Material submittal for unit heater gas-fired for warehouse. Expansion tank, air separator and chemical feeder included. Refer to per AHRI certified heating capacity ratings.",23,HVAC,23 70 00,Central Heating Equipment,Category 23 - HVAC,23 70 00 Central Heating Equipment
"Subcontractor bid for EMT and rigid metal conduit with fittings. Location: for grounding electrode system per NEC. Wire pulled with approved lubricant, no damage to insulation.",26,Electrical,26 05 00,Common Work Results for Electrical,Category 26 - Electrical,26 05 00 Common Work Results for Electrical
Subcontractor bid for air-entrained concrete for exterior flatwork. Location: for concrete topping slab over metal deck. Concrete to be cured with wet burlap and plastic sheeting for 7 days.,03,Concrete,03 30 00,Cast-in-Place Concrete,Category 03 - Concrete,03 30 00 Cast-in-Place Concrete
"Request for approval: form release agent and accessories for use for retaining wall per structural drawings. Includes form stripping, cleaning, and concrete surface patching. per project specification Section 03 10 00.",03,Concrete,03 10 00,Concrete Forming and Accessories,Category 03 - Concrete,03 10 00 Concrete Forming and Accessories
"SCOPE OF WORK DESCRIPTION: Furnish and install hot-rolled steel I-beams for floor framing as indicated on drawings and per structural engineer sealed shop drawings. Includes shop drawings, erection drawings and mill certificates.",05,Metals,05 10 00,Structural Metal Framing,Category 05 - Metals,05 10 00 Structural Metal Framing
Vendor submittal: metal roof deck 1.5-inch Type B 22 gauge. Deck to be Vulcraft or approved equal. per composite design per AISC 360 Chapter I.,05,Metals,05 30 00,Metal Decking,Category 05 - Metals,05 30 00 Metal Decking
Furnish and install curved radius concrete forms as indicated on drawings and per structural engineer approved shop drawings. Snap ties at 24 inches on center both ways.,03,Concrete,03 10 00,Concrete Forming and Accessories,Category 03 - Concrete,03 10 00 Concrete Forming and Accessories
"Provide all labor, materials and equipment for blast-resistant security window assemblies for residential tower window replacement. per energy code and ASHRAE 90.1 requirements. Color: clear anodized aluminum or custom RAL color.",08,Openings,08 50 00,Windows,Category 08 - Openings,08 50 00 Windows
SCOPE OF WORK DESCRIPTION: Scope of work includes furnishing and pulling of underground PVC electrical conduit duct bank for underground electrical duct bank to building. As-built drawings required showing all concealed raceway routing.,26,Electrical,26 05 00,Common Work Results for Electrical,Category 26 - Electrical,26 05 00 Common Work Results for Electrical
Material submittal for galvanized steel shelf angles for masonry. All exposed steel to be hot-dip galvanized after fabrication. Refer to per project specification Section 05 50 00.,05,Metals,05 50 00,Metal Fabrications,Category 05 - Metals,05 50 00 Metal Fabrications
"Quotation for miscellaneous steel angles, plates and channels for building perimeter bollard protection. Handrails to comply with ADA requirements. conforming to ASTM A36 for miscellaneous steel.",05,Metals,05 50 00,Metal Fabrications,Category 05 - Metals,05 50 00 Metal Fabrications
"Furnish and install vitreous china water closet (toilet) floor-mounted as indicated on drawings and per project specification Section 22 40 00. Includes all trim, supplies, stops and connection fittings.",22,Plumbing,22 40 00,Plumbing Fixtures,Category 22 - Plumbing,22 40 00 Plumbing Fixtures
"Scope of work includes supply and erection of ornamental steel railing and balusters for equipment pads and roof penetration supports. Includes all anchors, fasteners and connection hardware.",05,Metals,05 50 00,Metal Fabrications,Category 05 - Metals,05 50 00 Metal Fabrications
Furnish and install aluminum storefront entry doors as indicated on drawings and per NFPA 80 fire door assembly standards. Finish: factory-applied powder coat paint.,08,Openings,08 10 00,Doors and Frames,Category 08 - Openings,08 10 00 Doors and Frames
"Provide all labor, materials and equipment for epoxy-coated rebar for exposed concrete for concrete columns and beams. per CRSI Manual of Standard Practice. Lap splices per ACI 318 development length requirements.",03,Concrete,03 20 00,Concrete Reinforcing,Category 03 - Concrete,03 20 00 Concrete Reinforcing
Subcontractor bid for foundation drain board and protection course. Location: for below-grade foundation walls and footings. All seams to be sealed and corners reinforced.,07,Thermal and Moisture Protection,07 10 00,Dampproofing and Waterproofing,Category 07 - Thermal and Moisture Protection,07 10 00 Dampproofing and Waterproofing
Quotation for fabric ductwork for open ceiling areas for data center precision air distribution. TAB (Testing Adjusting Balancing) included in scope. per project specification Section 23 30 00.,23,HVAC,23 30 00,HVAC Air Distribution,Category 23 - HVAC,23 30 00 HVAC Air Distribution
Vendor submittal: supply air diffusers and return air grilles. Insulation: 2-inch fiberglass duct wrap with vapor barrier. per project specification Section 23 30 00.,23,HVAC,23 30 00,HVAC Air Distribution,Category 23 - HVAC,23 30 00 HVAC Air Distribution
fabrication and erection of steel angle lintels for masonry openings including all necessary accessories and hardware. per project specification Section 05 10 00.,05,Metals,05 10 00,Structural Metal Framing,Category 05 - Metals,05 10 00 Structural Metal Framing
Quotation for tempered safety glass panels for curtain wall and storefront glazing systems. Glass to meet ANSI Z97.1 safety glazing requirements. per glazing contractor shop drawings.,08,Openings,08 80 00,Glazing,Category 08 - Openings,08 80 00 Glazing
Subject: Material Submittal – Proposal for supply and installation of solid core wood doors with hardware for main building entry and vestibule. Fire-rated assemblies with UL listed label.,08,Openings,08 10 00,Doors and Frames,Category 08 - Openings,08 10 00 Doors and Frames
Scope of work includes supply and installation of drinking fountain / bottle filler combo unit for commercial kitchen and break rooms. ADA fixtures mounted at heights per accessibility code.,22,Plumbing,22 40 00,Plumbing Fixtures,Category 22 - Plumbing,22 40 00 Plumbing Fixtures
PROJECT PROPOSAL: This submittal covers the application of fluid-applied rubberized asphalt waterproofing for occupied basement and parking levels. All work to comply with per project specification Section 07 10 00. 10-year manufacturer warranty on waterproofing system.,07,Thermal and Moisture Protection,07 10 00,Dampproofing and Waterproofing,Category 07 - Thermal and Moisture Protection,07 10 00 Dampproofing and Waterproofing
Subcontractor bid for foundation footing formwork. Location: for basement foundation walls. Allow for three reuses of formwork panels.,03,Concrete,03 10 00,Concrete Forming and Accessories,Category 03 - Concrete,03 10 00 Concrete Forming and Accessories
BID ITEM: Vendor submittal: steam-to-hot-water heat exchanger. Factory startup required by manufacturer certified technician. per project specification Section 23 70 00.,23,HVAC,23 70 00,Central Heating Equipment,Category 23 - HVAC,23 70 00 Central Heating Equipment
Furnish and install duct silencers and sound attenuators as indicated on drawings and per project specification Section 23 30 00. Duct leakage testing per SMACNA Class A seal requirement.,23,HVAC,23 30 00,HVAC Air Distribution,Category 23 - HVAC,23 30 00 HVAC Air Distribution
SCOPE OF WORK DESCRIPTION: Scope of work includes furnishing and hanging of steel security doors with electronic hardware for warehouse and loading dock openings. Fire-rated assemblies with UL listed label.,08,Openings,08 10 00,Doors and Frames,Category 08 - Openings,08 10 00 Doors and Frames
Request for approval: evaporative condenser for refrigeration for use for rooftop packaged HVAC installation. Vibration isolation pads and curb adapter included. per AHRI certified performance ratings.,23,HVAC,23 60 00,Central Cooling Equipment,Category 23 - HVAC,23 60 00 Central Cooling Equipment
Furnish and install structural steel wide-flange beams W12x26 as indicated on drawings and per structural engineer sealed shop drawings. All connections per AISC standards and structural drawings.,05,Metals,05 10 00,Structural Metal Framing,Category 05 - Metals,05 10 00 Structural Metal Framing
Subcontractor bid for emergency and exit lighting with battery backup. Location: for parking garage and canopy lighting. Includes dimming drivers compatible with 0-10V control system.,26,Electrical,26 50 00,Lighting,Category 26 - Electrical,26 50 00 Lighting
Material submittal for wall-hung lavatory sink with faucet. Fixtures to be white vitreous china unless noted otherwise. Refer to per ASME A112.19.2 for vitreous china fixtures.,22,Plumbing,22 40 00,Plumbing Fixtures,Category 22 - Plumbing,22 40 00 Plumbing Fixtures
"Quotation for lightweight concrete for elevated slabs for slab-on-grade in warehouse area. Finish to be steel trowel for interior slabs, broom finish for exterior. per approved concrete mix design.",03,Concrete,03 30 00,Cast-in-Place Concrete,Category 03 - Concrete,03 30 00 Cast-in-Place Concrete
Proposal for supply and installation of cast iron no-hub soil pipe and fittings for sanitary sewer and storm drain piping. Insulation on all hot and cold water piping per specification.,22,Plumbing,22 10 00,Plumbing Piping and Pumps,Category 22 - Plumbing,22 10 00 Plumbing Piping and Pumps
PROJECT PROPOSAL: Subcontractor bid for cable tray system ladder type with covers. Location: for grounding electrode system per NEC. Conduit fill not to exceed 40% per NEC Chapter 9.,26,Electrical,26 05 00,Common Work Results for Electrical,Category 26 - Electrical,26 05 00 Common Work Results for Electrical
"RE: Metal Decking – Proposal for erection of non-composite roof deck panels for metal building roof deck replacement. Includes all side laps, end laps, and pour stop angles.",05,Metals,05 30 00,Metal Decking,Category 05 - Metals,05 30 00 Metal Decking
RE: Plumbing Equipment – Subcontractor bid for water softener and treatment system. Location: for domestic hot water system in mechanical room. Unit to be seismic-rated for installation zone.,22,Plumbing,22 30 00,Plumbing Equipment,Category 22 - Plumbing,22 30 00 Plumbing Equipment
Request for approval: composite metal floor deck 3-inch 20 gauge for use for roof deck installation over steel joists. Includes temporary shoring during concrete placement. conforming to ASTM A653 galvanized steel.,05,Metals,05 30 00,Metal Decking,Category 05 - Metals,05 30 00 Metal Decking
PROJECT PROPOSAL: Material submittal for interior latex paint (2 coats) over primer. Two coats finish over one coat primer on new drywall. Refer to per paint manufacturer technical data sheets.,09,Finishes,09 90 00,Painting and Coating,Category 09 - Finishes,09 90 00 Painting and Coating
Proposal for furnishing and piping of domestic water booster pump station for restroom and kitchen plumbing rough-in. Piping to be pressure tested at 1.5x operating pressure.,22,Plumbing,22 10 00,Plumbing Piping and Pumps,Category 22 - Plumbing,22 10 00 Plumbing Piping and Pumps
"Furnish and install main electrical switchboard 2000A 480/277V as indicated on drawings and per NEC Article 230 (Services) and 240 (Overcurrent Protection). Includes circuit breakers, fuses and all internal components.",26,Electrical,26 20 00,Low-Voltage Electrical Distribution,Category 26 - Electrical,26 20 00 Low-Voltage Electrical Distribution
This submittal covers the delivery and installation of access doors and panels flush-mounted for warehouse and loading dock openings. All work to comply with per NFPA 80 fire door assembly standards. Fire-rated assemblies with UL listed label.,08,Openings,08 10 00,Doors and Frames,Category 08 - Openings,08 10 00 Doors and Frames
procurement and installation of rubber athletic flooring for gymnasium including all necessary accessories and hardware. per manufacturer installation instructions.,09,Finishes,09 60 00,Flooring,Category 09 - Finishes,09 60 00 Flooring
This submittal covers the supply and placement of fiber-reinforced concrete (FRC) for slab on grade for concrete topping slab over metal deck. All work to comply with per approved concrete mix design. Portland cement Type I/II with 3/4 inch maximum aggregate.,03,Concrete,03 30 00,Cast-in-Place Concrete,Category 03 - Concrete,03 30 00 Cast-in-Place Concrete
"rough-in and termination of electrical junction boxes, pull boxes and fittings including all necessary accessories and hardware. per UL listed materials and components.",26,Electrical,26 05 00,Common Work Results for Electrical,Category 26 - Electrical,26 05 00 Common Work Results for Electrical
Subject: Material Submittal – Quotation for hot-rolled steel I-beams for floor framing for second floor and roof framing. High-strength bolts A325 for all connections. per project specification Section 05 10 00.,05,Metals,05 10 00,Structural Metal Framing,Category 05 - Metals,05 10 00 Structural Metal Framing
furnishing and applying of fluid-applied rubberized asphalt waterproofing including all necessary accessories and hardware. per manufacturer installation guidelines.,07,Thermal and Moisture Protection,07 10 00,Dampproofing and Waterproofing,Category 07 - Thermal and Moisture Protection,07 10 00 Dampproofing and Waterproofing
Quotation for metal roof deck 1.5-inch Type B 22 gauge for metal building roof deck replacement. Minimum bearing length 2 inches on structural steel supports. per project specification Section 05 30 00.,05,Metals,05 30 00,Metal Decking,Category 05 - Metals,05 30 00 Metal Decking
supply and installation of computer room precision cooling unit (CRAC/CRAH) including all necessary accessories and hardware. per AHRI certified performance ratings.,23,HVAC,23 60 00,Central Cooling Equipment,Category 23 - HVAC,23 60 00 Central Cooling Equipment
"Subject: Material Submittal – Provide all labor, materials and equipment for wall-hung lavatory sink with faucet for laboratory and medical exam rooms. per ADA and ICC/ANSI A117.1 accessibility standard. Fixtures to be white vitreous china unless noted otherwise.",22,Plumbing,22 40 00,Plumbing Fixtures,Category 22 - Plumbing,22 40 00 Plumbing Fixtures
BID ITEM: Material submittal for lightweight concrete for elevated slabs. Portland cement Type I/II with 3/4 inch maximum aggregate. Refer to per approved concrete mix design.,03,Concrete,03 30 00,Cast-in-Place Concrete,Category 03 - Concrete,03 30 00 Cast-in-Place Concrete
"Provide all labor, materials and equipment for ductwork insulation wrap and lining for data center precision air distribution. per mechanical drawings and duct layout schedule. Duct leakage testing per SMACNA Class A seal requirement.",23,HVAC,23 30 00,HVAC Air Distribution,Category 23 - HVAC,23 30 00 HVAC Air Distribution
BID ITEM: This submittal covers the procurement and installation of terrazzo flooring with brass divider strips for office spaces and conference rooms. All work to comply with per manufacturer installation instructions. Transition strips at all flooring material changes.,09,Finishes,09 60 00,Flooring,Category 09 - Finishes,09 60 00 Flooring
Furnish and install distribution panelboard 225A 208/120V as indicated on drawings and per NEC Article 230 (Services) and 240 (Overcurrent Protection). Equipment to be UL 891 listed and labeled.,26,Electrical,26 20 00,Low-Voltage Electrical Distribution,Category 26 - Electrical,26 20 00 Low-Voltage Electrical Distribution
Proposal for furnishing and connecting of parking garage LED fixtures with daylight sensor for exterior site and building-mounted lighting. Lighting controls to include occupancy sensors per energy code.,26,Electrical,26 50 00,Lighting,Category 26 - Electrical,26 50 00 Lighting
"RE: Concrete Forming and Accessories – Furnish and install plywood concrete formwork system as indicated on drawings and per ACI 347 standards. Includes all bracing, wedges, and form oil.",03,Concrete,03 10 00,Concrete Forming and Accessories,Category 03 - Concrete,03 10 00 Concrete Forming and Accessories
PROJECT PROPOSAL: Subcontractor bid for fabric ductwork for open ceiling areas. Location: for office and conference room supply and return. Duct leakage testing per SMACNA Class A seal requirement.,23,HVAC,23 30 00,HVAC Air Distribution,Category 23 - HVAC,23 30 00 HVAC Air Distribution
Supply and install outside air louvers with bird screen for HVAC air distribution throughout building. TAB (Testing Adjusting Balancing) included in scope. per ASHRAE 90.1 duct insulation requirements.,23,HVAC,23 30 00,HVAC Air Distribution,Category 23 - HVAC,23 30 00 HVAC Air Distribution
BID ITEM: Furnish and install air-cooled scroll chiller 100-ton capacity as indicated on drawings and per mechanical schedule on drawings. Factory startup and commissioning by manufacturer representative.,23,HVAC,23 60 00,Central Cooling Equipment,Category 23 - HVAC,23 60 00 Central Cooling Equipment
This submittal covers the supply and installation of grade 60 deformed reinforcing steel bars for elevated concrete slab reinforcement. All work to comply with per CRSI Manual of Standard Practice. Rebar to be shop-fabricated and tagged per bar schedule.,03,Concrete,03 20 00,Concrete Reinforcing,Category 03 - Concrete,03 20 00 Concrete Reinforcing
Material submittal for TPO single-ply membrane roofing system 60-mil. Membrane to be mechanically fastened or fully adhered per wind uplift. Refer to per manufacturer approved applicator installation manual.,07,Thermal and Moisture Protection,07 50 00,Membrane Roofing,Category 07 - Thermal and Moisture Protection,07 50 00 Membrane Roofing
Request for approval: spray-applied polyurethane foam insulation (SPF) for use for exterior wall cavities and stud bays. R-value verified by third-party testing per ASTM C518. per manufacturer technical data and installation guide.,07,Thermal and Moisture Protection,07 20 00,Thermal Insulation,Category 07 - Thermal and Moisture Protection,07 20 00 Thermal Insulation
"Subject: Material Submittal – Scope of work includes supply and placement of 4000 PSI ready-mix structural concrete for exterior sidewalks and curbs. Finish to be steel trowel for interior slabs, broom finish for exterior.",03,Concrete,03 30 00,Cast-in-Place Concrete,Category 03 - Concrete,03 30 00 Cast-in-Place Concrete
"Furnish and install electric resistance duct heater as indicated on drawings and per AHRI certified heating capacity ratings. Expansion tank, air separator and chemical feeder included.",23,HVAC,23 70 00,Central Heating Equipment,Category 23 - HVAC,23 70 00 Central Heating Equipment
"VENDOR SUBMITTAL: Provide all labor, materials and equipment for veneer plaster system over blueboard for fire-rated corridor and stairwell assemblies. per UL listed assembly design number. Corner bead at all exposed edges and reveals.",09,Finishes,09 20 00,Plaster and Gypsum Board,Category 09 - Finishes,09 20 00 Plaster and Gypsum Board
"RE: Central Cooling Equipment – This submittal covers the delivery, rigging and startup of evaporative condenser for refrigeration for data center and server room cooling. All work to comply with per AHRI certified performance ratings. Vibration isolation pads and curb adapter included.",23,HVAC,23 60 00,Central Cooling Equipment,Category 23 - HVAC,23 60 00 Central Cooling Equipment
"Subject: Material Submittal – Scope of work includes tear-off and replacement of standing seam metal roof panels 24-gauge for rooftop mechanical equipment area. Includes all flashings, counterflashings, and edge metal.",07,Thermal and Moisture Protection,07 50 00,Membrane Roofing,Category 07 - Thermal and Moisture Protection,07 50 00 Membrane Roofing
BID ITEM: erection of composite metal floor deck 3-inch 20 gauge including all necessary accessories and hardware. per project specification Section 05 30 00.,05,Metals,05 30 00,Metal Decking,Category 05 - Metals,05 30 00 Metal Decking
Furnish and install back-painted decorative glass panels as indicated on drawings and per ASTM C1048 for flat glass specifications. Mock-up panel required for architect approval before production.,08,Openings,08 80 00,Glazing,Category 08 - Openings,08 80 00 Glazing
Supply and install duct-mounted fire and smoke dampers for data center precision air distribution. Insulation: 2-inch fiberglass duct wrap with vapor barrier. per project specification Section 23 30 00.,23,HVAC,23 30 00,HVAC Air Distribution,Category 23 - HVAC,23 30 00 HVAC Air Distribution
This submittal covers the supply and installation of exterior LED wall pack and pole-mounted fixtures for warehouse and industrial high-bay areas. All work to comply with per NEC Article 410 and local energy code. Includes dimming drivers compatible with 0-10V control system.,26,Electrical,26 50 00,Lighting,Category 26 - Electrical,26 50 00 Lighting
Subject: Material Submittal – application of sheet membrane waterproofing for plaza deck including all necessary accessories and hardware. conforming to local building code moisture protection requirements.,07,Thermal and Moisture Protection,07 10 00,Dampproofing and Waterproofing,Category 07 - Thermal and Moisture Protection,07 10 00 Dampproofing and Waterproofing
Furnish and install concrete placement and finishing for foundations as indicated on drawings and per approved concrete mix design. Water-to-cement ratio not to exceed 0.45.,03,Concrete,03 30 00,Cast-in-Place Concrete,Category 03 - Concrete,03 30 00 Cast-in-Place Concrete
VENDOR SUBMITTAL: installation of continuous exterior insulation (CI) system including all necessary accessories and hardware. per ASHRAE 90.1 energy code requirements.,07,Thermal and Moisture Protection,07 20 00,Thermal Insulation,Category 07 - Thermal and Moisture Protection,07 20 00 Thermal Insulation
"BID ITEM: Vendor submittal: explosion-proof lighting for hazardous locations. All fixtures to be LED with minimum 50,000-hour rated life. per IES recommended lighting levels for occupancy type.",26,Electrical,26 50 00,Lighting,Category 26 - Electrical,26 50 00 Lighting
RE: Dampproofing and Waterproofing – Furnish and install liquid-applied air and vapor barrier as indicated on drawings and per project specification Section 07 10 00. Surface preparation includes primer coat as recommended by manufacturer.,07,Thermal and Moisture Protection,07 10 00,Dampproofing and Waterproofing,Category 07 - Thermal and Moisture Protection,07 10 00 Dampproofing and Waterproofing
RE: Thermal Insulation – Request for approval: blown-in cellulose insulation for attic spaces for use for mechanical room pipe and duct insulation. Fire rating: Class A flame spread per ASTM E84. conforming to local energy conservation code.,07,Thermal and Moisture Protection,07 20 00,Thermal Insulation,Category 07 - Thermal and Moisture Protection,07 20 00 Thermal Insulation
"Scope of work includes supply and installation of LED recessed troffer light fixtures 2x4 for office, lobby and common area lighting. All fixtures to be LED with minimum 50,000-hour rated life.",26,Electrical,26 50 00,Lighting,Category 26 - Electrical,26 50 00 Lighting
"Scope of work includes delivery and setting of blast-resistant security window assemblies for exterior building facade per window schedule. Includes all sealants, flashing and perimeter caulking.",08,Openings,08 50 00,Windows,Category 08 - Openings,08 50 00 Windows
Subject: Material Submittal – Quotation for duct-mounted fire and smoke dampers for rooftop air handling unit connections. Ductwork fabricated per SMACNA standards. per mechanical drawings and duct layout schedule.,23,HVAC,23 30 00,HVAC Air Distribution,Category 23 - HVAC,23 30 00 HVAC Air Distribution
Scope of work includes furnishing and connecting of tankless instantaneous water heater for building water treatment and softening. Manufacturer factory startup and commissioning required.,22,Plumbing,22 30 00,Plumbing Equipment,Category 22 - Plumbing,22 30 00 Plumbing Equipment
Furnish and install plywood concrete formwork system as indicated on drawings and per structural engineer approved shop drawings. Allow for three reuses of formwork panels.,03,Concrete,03 10 00,Concrete Forming and Accessories,Category 03 - Concrete,03 10 00 Concrete Forming and Accessories
VENDOR SUBMITTAL: Vendor submittal: foam board insulation for slab edge. R-value verified by third-party testing per ASTM C518. per ASHRAE 90.1 energy code requirements.,07,Thermal and Moisture Protection,07 20 00,Thermal Insulation,Category 07 - Thermal and Moisture Protection,07 20 00 Thermal Insulation
"Subcontractor bid for polished concrete floor with densifier and sealer. Location: for commercial kitchen and food prep areas. Includes all floor preparation, leveling and patching.",09,Finishes,09 60 00,Flooring,Category 09 - Finishes,09 60 00 Flooring
"BID ITEM: Vendor submittal: radiant ceiling panel heating system. Includes gas piping, venting and combustion air provisions. per local mechanical and fuel gas code.",23,HVAC,23 70 00,Central Heating Equipment,Category 23 - HVAC,23 70 00 Central Heating Equipment
"Subcontractor bid for FRP fiberglass reinforced plastic doors. Location: for main building entry and vestibule. Hardware to include lever handles, closers, and hinges per hardware schedule.",08,Openings,08 10 00,Doors and Frames,Category 08 - Openings,08 10 00 Doors and Frames
Supply and install foam board insulation for slab edge for mechanical room pipe and duct insulation. Insulation to be unfaced or kraft-faced as indicated. per project specification Section 07 20 00.,07,Thermal and Moisture Protection,07 20 00,Thermal Insulation,Category 07 - Thermal and Moisture Protection,07 20 00 Thermal Insulation
"Request for approval: ductwork insulation wrap and lining for use for rooftop air handling unit connections. Includes all hangers, supports and seismic bracing per code. per ASHRAE 90.1 duct insulation requirements.",23,HVAC,23 30 00,HVAC Air Distribution,Category 23 - HVAC,23 30 00 HVAC Air Distribution
"Request for approval: column formwork with snap ties for use for foundation walls and footings. Plywood grade B-B, minimum 3/4 inch thick. conforming to OSHA shoring requirements.",03,Concrete,03 10 00,Concrete Forming and Accessories,Category 03 - Concrete,03 10 00 Concrete Forming and Accessories
BID ITEM: Vendor submittal: composite metal floor deck 3-inch 20 gauge. Deck to be Vulcraft or approved equal. per project specification Section 05 30 00.,05,Metals,05 30 00,Metal Decking,Category 05 - Metals,05 30 00 Metal Decking
Furnish and install raised access flooring system 6-inch pedestal as indicated on drawings and per project specification Section 09 60 00. Transition strips at all flooring material changes.,09,Finishes,09 60 00,Flooring,Category 09 - Finishes,09 60 00 Flooring
"Vendor submittal: unit heater gas-fired for warehouse. Includes gas piping, venting and combustion air provisions. per ASME Boiler and Pressure Vessel Code for boilers.",23,HVAC,23 70 00,Central Heating Equipment,Category 23 - HVAC,23 70 00 Central Heating Equipment
Scope of work includes supply and application of wood stain and polyurethane finish for millwork for mechanical and electrical rooms. Colors per architect-selected paint schedule.,09,Finishes,09 90 00,Painting and Coating,Category 09 - Finishes,09 90 00 Painting and Coating
"Scope of work includes furnishing and applying of vegetated green roof assembly with drainage mat for green roof system over parking structure. Insulation R-30 minimum per energy code, tapered for drainage.",07,Thermal and Moisture Protection,07 50 00,Membrane Roofing,Category 07 - Thermal and Moisture Protection,07 50 00 Membrane Roofing
Scope of work includes placement of epoxy-coated rebar for exposed concrete for concrete shear walls per seismic design. Rebar to be shop-fabricated and tagged per bar schedule.,03,Concrete,03 20 00,Concrete Reinforcing,Category 03 - Concrete,03 20 00 Concrete Reinforcing
"Provide all labor, materials and equipment for chilled water air handler unit (AHU) with economizer for data center and server room cooling. per ASHRAE 90.1 minimum efficiency requirements. Unit to be high-efficiency with minimum 14 SEER rating.",23,HVAC,23 60 00,Central Cooling Equipment,Category 23 - HVAC,23 60 00 Central Cooling Equipment
Subject: Material Submittal – This submittal covers the furnishing and applying of fluid-applied rubberized asphalt waterproofing for occupied basement and parking levels. All work to comply with per ASTM D6153 for liquid-applied waterproofing. Includes protection board and drainage composite.,07,Thermal and Moisture Protection,07 10 00,Dampproofing and Waterproofing,Category 07 - Thermal and Moisture Protection,07 10 00 Dampproofing and Waterproofing
Scope of work includes installation of metal stud framing 3-5/8 inch 20-gauge for interior partitions and ceilings throughout building. Partitions to achieve fire rating per UL assembly design.,09,Finishes,09 20 00,Plaster and Gypsum Board,Category 09 - Finishes,09 20 00 Plaster and Gypsum Board
"Provide all labor, materials and equipment for condensing high-efficiency boiler 95% AFUE for ventilation air preheat system. per project specification Section 23 70 00. Expansion tank, air separator and chemical feeder included.",23,HVAC,23 70 00,Central Heating Equipment,Category 23 - HVAC,23 70 00 Central Heating Equipment
Vendor submittal: 5000 PSI high-strength concrete for columns. Maximum slump 4 inches without superplasticizer. per ACI 318 and ACI 301 specifications.,03,Concrete,03 30 00,Cast-in-Place Concrete,Category 03 - Concrete,03 30 00 Cast-in-Place Concrete
SCOPE OF WORK DESCRIPTION: supply and application of foundation drain board and protection course including all necessary accessories and hardware. per manufacturer installation guidelines.,07,Thermal and Moisture Protection,07 10 00,Dampproofing and Waterproofing,Category 07 - Thermal and Moisture Protection,07 10 00 Dampproofing and Waterproofing
RE: Flooring – Quotation for polished concrete floor with densifier and sealer for gymnasium and multipurpose room. Transition strips at all flooring material changes. per project specification Section 09 60 00.,09,Finishes,09 60 00,Flooring,Category 09 - Finishes,09 60 00 Flooring
"Vendor submittal: backflow preventer and pressure reducing valve. Includes all valves, supports, hangers and seismic bracing. per project specification Section 22 10 00.",22,Plumbing,22 10 00,Plumbing Piping and Pumps,Category 22 - Plumbing,22 10 00 Plumbing Piping and Pumps
Vendor submittal: structural steel canopy framing. Steel to be blast-cleaned and primed with shop primer. per structural engineer sealed shop drawings.,05,Metals,05 10 00,Structural Metal Framing,Category 05 - Metals,05 10 00 Structural Metal Framing
"SCOPE OF WORK DESCRIPTION: Provide all labor, materials and equipment for PVC DWV drain, waste and vent piping for mechanical room plumbing connections. per local plumbing code and health department requirements. Includes all valves, supports, hangers and seismic bracing.",22,Plumbing,22 10 00,Plumbing Piping and Pumps,Category 22 - Plumbing,22 10 00 Plumbing Piping and Pumps
"RE: Plaster and Gypsum Board – Subcontractor bid for glass mat gypsum sheathing for exterior. Location: for tenant improvement build-out. Metal studs at 16 inches on center, bridging at mid-height.",09,Finishes,09 20 00,Plaster and Gypsum Board,Category 09 - Finishes,09 20 00 Plaster and Gypsum Board
furnishing and hanging of fire-rated steel doors and frames 90-minute including all necessary accessories and hardware. per door and hardware schedule on drawings.,08,Openings,08 10 00,Doors and Frames,Category 08 - Openings,08 10 00 Doors and Frames
This submittal covers the supply and installation of stainless steel piping for medical gas for restroom and kitchen plumbing rough-in. All work to comply with per Uniform Plumbing Code (UPC). Insulation on all hot and cold water piping per specification.,22,Plumbing,22 10 00,Plumbing Piping and Pumps,Category 22 - Plumbing,22 10 00 Plumbing Piping and Pumps
"BID ITEM: This submittal covers the rough-in and termination of wire connectors, lugs and termination kits for electrical raceway and wiring infrastructure. All work to comply with per UL listed materials and components. As-built drawings required showing all concealed raceway routing.",26,Electrical,26 05 00,Common Work Results for Electrical,Category 26 - Electrical,26 05 00 Common Work Results for Electrical
SCOPE OF WORK DESCRIPTION: Vendor submittal: outside air louvers with bird screen. Ductwork fabricated per SMACNA standards. per project specification Section 23 30 00.,23,HVAC,23 30 00,HVAC Air Distribution,Category 23 - HVAC,23 30 00 HVAC Air Distribution
"SCOPE OF WORK DESCRIPTION: Quotation for fire-rated steel doors and frames 90-minute for mechanical and electrical room access. Includes all weatherstripping, thresholds and smoke seals. per NFPA 80 fire door assembly standards.",08,Openings,08 10 00,Doors and Frames,Category 08 - Openings,08 10 00 Doors and Frames
Vendor submittal: roofing insulation tapered cricket system. System includes 20-year NDL (No Dollar Limit) manufacturer warranty. per NRCA roofing guidelines.,07,Thermal and Moisture Protection,07 50 00,Membrane Roofing,Category 07 - Thermal and Moisture Protection,07 50 00 Membrane Roofing
Request for approval: back-painted decorative glass panels for use for canopy and skylight overhead glazing. Includes structural silicone sealant for wet glazing. per glazing contractor shop drawings.,08,Openings,08 80 00,Glazing,Category 08 - Openings,08 80 00 Glazing
Supply and install outside air louvers with bird screen for commercial kitchen ventilation system. TAB (Testing Adjusting Balancing) included in scope. per mechanical drawings and duct layout schedule.,23,HVAC,23 30 00,HVAC Air Distribution,Category 23 - HVAC,23 30 00 HVAC Air Distribution
This submittal covers the supply and installation of structural steel canopy framing for main building structural frame. All work to comply with conforming to AWS D1.1 for welded connections. High-strength bolts A325 for all connections.,05,Metals,05 10 00,Structural Metal Framing,Category 05 - Metals,05 10 00 Structural Metal Framing
Furnish and install lightweight concrete for elevated slabs as indicated on drawings and conforming to ASTM C94 ready-mixed concrete standard. Portland cement Type I/II with 3/4 inch maximum aggregate.,03,Concrete,03 30 00,Cast-in-Place Concrete,Category 03 - Concrete,03 30 00 Cast-in-Place Concrete
Material submittal for flexible insulated duct for branch connections. Duct leakage testing per SMACNA Class A seal requirement. Refer to per mechanical drawings and duct layout schedule.,23,HVAC,23 30 00,HVAC Air Distribution,Category 23 - HVAC,23 30 00 HVAC Air Distribution
"Furnish and install bar supports and chairs for rebar placement as indicated on drawings and per CRSI Manual of Standard Practice. Minimum concrete cover 3 inches for footings, 1.5 inches for slabs.",03,Concrete,03 20 00,Concrete Reinforcing,Category 03 - Concrete,03 20 00 Concrete Reinforcing
BID ITEM: supply and erection of plywood concrete formwork system including all necessary accessories and hardware. per project specification Section 03 10 00.,03,Concrete,03 10 00,Concrete Forming and Accessories,Category 03 - Concrete,03 10 00 Concrete Forming and Accessories
Material submittal for tempered safety glass panels. Glass to meet ANSI Z97.1 safety glazing requirements. Refer to per glazing contractor shop drawings.,08,Openings,08 80 00,Glazing,Category 08 - Openings,08 80 00 Glazing
"Proposal for furnishing and finishing of glass mat gypsum sheathing for exterior for tenant improvement build-out. Metal studs at 16 inches on center, bridging at mid-height.",09,Finishes,09 20 00,Plaster and Gypsum Board,Category 09 - Finishes,09 20 00 Plaster and Gypsum Board
SCOPE OF WORK DESCRIPTION: Supply and install roofing penetration flashings and pitch pockets for roof replacement over existing building. Remove existing roofing to deck and install new system complete. per NRCA roofing guidelines.,07,Thermal and Moisture Protection,07 50 00,Membrane Roofing,Category 07 - Thermal and Moisture Protection,07 50 00 Membrane Roofing
"Vendor submittal: steam-to-hot-water heat exchanger. Expansion tank, air separator and chemical feeder included. per project specification Section 23 70 00.",23,HVAC,23 70 00,Central Heating Equipment,Category 23 - HVAC,23 70 00 Central Heating Equipment
"PROJECT PROPOSAL: Provide all labor, materials and equipment for acoustic sound-rated door assemblies STC 45 for fire-rated corridor and stairwell openings. conforming to SDI (Steel Door Institute) standards. Includes all weatherstripping, thresholds and smoke seals.",08,Openings,08 10 00,Doors and Frames,Category 08 - Openings,08 10 00 Doors and Frames
Quotation for post-tensioning tendons and anchors for elevated concrete slab reinforcement. Mill certifications required for all reinforcing steel. per ACI 318-19 and project structural drawings.,03,Concrete,03 20 00,Concrete Reinforcing,Category 03 - Concrete,03 20 00 Concrete Reinforcing
Material submittal for exposed aggregate decorative concrete. Water-to-cement ratio not to exceed 0.45. Refer to conforming to ASTM C94 ready-mixed concrete standard.,03,Concrete,03 30 00,Cast-in-Place Concrete,Category 03 - Concrete,03 30 00 Cast-in-Place Concrete
VENDOR SUBMITTAL: Quotation for blown-in cellulose insulation for attic spaces for continuous insulation at building envelope. R-value verified by third-party testing per ASTM C518. conforming to local energy conservation code.,07,Thermal and Moisture Protection,07 20 00,Thermal Insulation,Category 07 - Thermal and Moisture Protection,07 20 00 Thermal Insulation
RE: Painting and Coating – Quotation for elastomeric exterior wall coating for exterior building facade and soffits. Two coats finish over one coat primer on new drywall. per paint manufacturer technical data sheets.,09,Finishes,09 90 00,Painting and Coating,Category 09 - Finishes,09 90 00 Painting and Coating
Request for approval: porcelain tile flooring 24x24 inch with thin-set mortar for use for restrooms and locker rooms. Base: 4-inch rubber or tile cove base at all walls. per manufacturer installation instructions.,09,Finishes,09 60 00,Flooring,Category 09 - Finishes,09 60 00 Flooring
supply and installation of stainless steel commercial kitchen sink triple-bowl including all necessary accessories and hardware. per plumbing fixture schedule on drawings.,22,Plumbing,22 40 00,Plumbing Fixtures,Category 22 - Plumbing,22 40 00 Plumbing Fixtures
"Provide all labor, materials and equipment for blast-resistant security window assemblies for office and classroom window openings. per AAMA/WDMA/CSA 101 performance standards. Includes all sealants, flashing and perimeter caulking.",08,Openings,08 50 00,Windows,Category 08 - Openings,08 50 00 Windows
Vendor submittal: acoustic insulation for interior partitions. Includes vapor retarder on warm side of assembly. conforming to local energy conservation code.,07,Thermal and Moisture Protection,07 20 00,Thermal Insulation,Category 07 - Thermal and Moisture Protection,07 20 00 Thermal Insulation
"PROJECT PROPOSAL: Provide all labor, materials and equipment for built-up roofing (BUR) 4-ply asphalt system for roof replacement over existing building. per FM Global and UL listed roof assembly. System includes 20-year NDL (No Dollar Limit) manufacturer warranty.",07,Thermal and Moisture Protection,07 50 00,Membrane Roofing,Category 07 - Thermal and Moisture Protection,07 50 00 Membrane Roofing
BID ITEM: Vendor submittal: post-tensioning tendons and anchors. Bar supports at maximum 4-foot spacing. in accordance with Section 03 20 00.,03,Concrete,03 20 00,Concrete Reinforcing,Category 03 - Concrete,03 20 00 Concrete Reinforcing
"Proposal for furnishing and piping of hydronic baseboard fin-tube radiation heater for perimeter heating at exterior walls. Expansion tank, air separator and chemical feeder included.",23,HVAC,23 70 00,Central Heating Equipment,Category 23 - HVAC,23 70 00 Central Heating Equipment
"Provide all labor, materials and equipment for mini-split ductless air conditioning system for tenant space supplemental cooling. per project specification Section 23 60 00. Controls: BACnet compatible DDC for building automation integration.",23,HVAC,23 60 00,Central Cooling Equipment,Category 23 - HVAC,23 60 00 Central Cooling Equipment
"Provide all labor, materials and equipment for crystalline waterproofing admixture for concrete at tunnel and underground utility connections. conforming to local building code moisture protection requirements. Includes protection board and drainage composite.",07,Thermal and Moisture Protection,07 10 00,Dampproofing and Waterproofing,Category 07 - Thermal and Moisture Protection,07 10 00 Dampproofing and Waterproofing
Subject: Material Submittal – Quotation for intumescent fireproofing paint for structural steel for all interior walls and ceilings. VOC content to comply with LEED IEQ v4 requirements. per MPI (Master Painters Institute) standards.,09,Finishes,09 90 00,Painting and Coating,Category 09 - Finishes,09 90 00 Painting and Coating
Scope of work includes delivery and installation of fiber-reinforced concrete (FRC) for slab on grade for building foundations and footings. Maximum slump 4 inches without superplasticizer.,03,Concrete,03 30 00,Cast-in-Place Concrete,Category 03 - Concrete,03 30 00 Cast-in-Place Concrete
"BID ITEM: Provide all labor, materials and equipment for roofing penetration flashings and pitch pockets for green roof system over parking structure. per NRCA roofing guidelines. Membrane to be mechanically fastened or fully adhered per wind uplift.",07,Thermal and Moisture Protection,07 50 00,Membrane Roofing,Category 07 - Thermal and Moisture Protection,07 50 00 Membrane Roofing
BID ITEM: Supply and install steel angle lintels for masonry openings for loading dock steel structure. High-strength bolts A325 for all connections. per AISC 360 Specification for Structural Steel Buildings.,05,Metals,05 10 00,Structural Metal Framing,Category 05 - Metals,05 10 00 Structural Metal Framing
Furnish and install ornamental steel railing and balusters as indicated on drawings and per project specification Section 05 50 00. Steel to be shop-primed with rust-inhibitive primer.,05,Metals,05 50 00,Metal Fabrications,Category 05 - Metals,05 50 00 Metal Fabrications
Material submittal for sewage ejector pump with alarm. Manufacturer factory startup and commissioning required. Refer to per NSF/ANSI 61 for drinking water components.,22,Plumbing,22 30 00,Plumbing Equipment,Category 22 - Plumbing,22 30 00 Plumbing Equipment
Request for approval: steel HSS columns and bracing for use for mezzanine floor framing. Includes crane and rigging for steel erection. per structural engineer sealed shop drawings.,05,Metals,05 10 00,Structural Metal Framing,Category 05 - Metals,05 10 00 Structural Metal Framing
This submittal covers the furnishing and piping of hydronic baseboard fin-tube radiation heater for mechanical room boiler plant. All work to comply with per ASME Boiler and Pressure Vessel Code for boilers. Boiler efficiency exceeds ASHRAE 90.1 minimum requirement.,23,HVAC,23 70 00,Central Heating Equipment,Category 23 - HVAC,23 70 00 Central Heating Equipment
Furnish and install steel security doors with electronic hardware as indicated on drawings and per door and hardware schedule on drawings. Frames to be set and grouted plumb and square.,08,Openings,08 10 00,Doors and Frames,Category 08 - Openings,08 10 00 Doors and Frames
"VENDOR SUBMITTAL: Request for approval: automatic transfer switch (ATS) 400A for use for electrical room equipment installation. Generator includes sub-base fuel tank, muffler and weatherproof enclosure. per project specification Section 26 20 00.",26,Electrical,26 20 00,Low-Voltage Electrical Distribution,Category 26 - Electrical,26 20 00 Low-Voltage Electrical Distribution
Quotation for equipment support steel framing miscellaneous metals throughout building. Field welds to be ground smooth and touch-up painted. per architectural detail drawings.,05,Metals,05 50 00,Metal Fabrications,Category 05 - Metals,05 50 00 Metal Fabrications
"Material submittal for bar supports and chairs for rebar placement. Minimum concrete cover 3 inches for footings, 1.5 inches for slabs. Refer to in accordance with Section 03 20 00.",03,Concrete,03 20 00,Concrete Reinforcing,Category 03 - Concrete,03 20 00 Concrete Reinforcing
RE: Metal Decking – Request for approval: acoustic metal deck with perforations for use for parking garage composite deck system. Deck to be welded to supports at 12 inches on center. per SDI (Steel Deck Institute) standards.,05,Metals,05 30 00,Metal Decking,Category 05 - Metals,05 30 00 Metal Decking
"Proposal for furnishing and piping of PEX flexible water supply tubing for roof drain piping and overflow system. Pipe connections: soldered for copper, solvent welded for PVC.",22,Plumbing,22 10 00,Plumbing Piping and Pumps,Category 22 - Plumbing,22 10 00 Plumbing Piping and Pumps
BID ITEM: Material submittal for sheet membrane waterproofing for plaza deck. Includes protection board and drainage composite. Refer to conforming to local building code moisture protection requirements.,07,Thermal and Moisture Protection,07 10 00,Dampproofing and Waterproofing,Category 07 - Thermal and Moisture Protection,07 10 00 Dampproofing and Waterproofing
Supply and install electrical identification labels and tags for underground electrical duct bank to building. As-built drawings required showing all concealed raceway routing. per NECA installation standards.,26,Electrical,26 05 00,Common Work Results for Electrical,Category 26 - Electrical,26 05 00 Common Work Results for Electrical
placement of welded wire reinforcement WWR 6x6-W2.9xW2.9 including all necessary accessories and hardware. per ASTM A615 Grade 60 specifications.,03,Concrete,03 20 00,Concrete Reinforcing,Category 03 - Concrete,03 20 00 Concrete Reinforcing
Vendor submittal: emergency eyewash and shower station. All fixtures to be water-efficient per WaterSense label. per project specification Section 22 40 00.,22,Plumbing,22 40 00,Plumbing Fixtures,Category 22 - Plumbing,22 40 00 Plumbing Fixtures
Proposal for supply and installation of underground PVC electrical conduit duct bank for grounding electrode system per NEC. All wiring and raceway per National Electrical Code (NEC).,26,Electrical,26 05 00,Common Work Results for Electrical,Category 26 - Electrical,26 05 00 Common Work Results for Electrical
This submittal covers the duct installation of duct silencers and sound attenuators for commercial kitchen ventilation system. All work to comply with per mechanical drawings and duct layout schedule. TAB (Testing Adjusting Balancing) included in scope.,23,HVAC,23 30 00,HVAC Air Distribution,Category 23 - HVAC,23 30 00 HVAC Air Distribution
"Provide all labor, materials and equipment for automatic transfer switch (ATS) 400A for tenant electrical metering and sub-distribution. per utility company service entrance requirements. Equipment to be UL 891 listed and labeled.",26,Electrical,26 20 00,Low-Voltage Electrical Distribution,Category 26 - Electrical,26 20 00 Low-Voltage Electrical Distribution
"Vendor submittal: fiber-reinforced concrete (FRC) for slab on grade. Includes concrete testing: slump, air content, cylinders per ACI 301. per ACI 318 and ACI 301 specifications.",03,Concrete,03 30 00,Cast-in-Place Concrete,Category 03 - Concrete,03 30 00 Cast-in-Place Concrete
Subject: Material Submittal – Furnish and install curtain wall window system unitized as indicated on drawings and per approved window schedule and shop drawings. Windows to be factory-assembled and glazed.,08,Openings,08 50 00,Windows,Category 08 - Openings,08 50 00 Windows
"PROJECT PROPOSAL: Subcontractor bid for fixed aluminum picture windows. Location: for hospital patient room exterior windows. Includes all sealants, flashing and perimeter caulking.",08,Openings,08 50 00,Windows,Category 08 - Openings,08 50 00 Windows
"Subcontractor bid for below-grade bituminous waterproofing membrane. Location: at tunnel and underground utility connections. Membrane to be installed on clean, dry substrate.",07,Thermal and Moisture Protection,07 10 00,Dampproofing and Waterproofing,Category 07 - Thermal and Moisture Protection,07 10 00 Dampproofing and Waterproofing
furnishing and pulling of grounding and bonding system with ground rods including all necessary accessories and hardware. per NECA installation standards.,26,Electrical,26 05 00,Common Work Results for Electrical,Category 26 - Electrical,26 05 00 Common Work Results for Electrical
"Quotation for explosion-proof lighting for hazardous locations for exterior site and building-mounted lighting. All fixtures to be LED with minimum 50,000-hour rated life. per NEC Article 410 and local energy code.",26,Electrical,26 50 00,Lighting,Category 26 - Electrical,26 50 00 Lighting
"Request for approval: miscellaneous steel angles, plates and channels for use at stairwells, mechanical rooms and roof. Steel to be shop-primed with rust-inhibitive primer. per architectural detail drawings.",05,Metals,05 50 00,Metal Fabrications,Category 05 - Metals,05 50 00 Metal Fabrications
PROJECT PROPOSAL: Furnish and install chilled water air handler unit (AHU) with economizer as indicated on drawings and per ASHRAE 90.1 minimum efficiency requirements. Vibration isolation pads and curb adapter included.,23,HVAC,23 60 00,Central Cooling Equipment,Category 23 - HVAC,23 60 00 Central Cooling Equipment
Material submittal for reinforcing bar couplers (mechanical splices). Bar supports at maximum 4-foot spacing. Refer to per ACI 318-19 and project structural drawings.,03,Concrete,03 20 00,Concrete Reinforcing,Category 03 - Concrete,03 20 00 Concrete Reinforcing
"Furnish and install seismic bracing for electrical equipment as indicated on drawings and per project specification Section 26 05 00. Wire pulled with approved lubricant, no damage to insulation.",26,Electrical,26 05 00,Common Work Results for Electrical,Category 26 - Electrical,26 05 00 Common Work Results for Electrical
VENDOR SUBMITTAL: Proposal for fabrication and erection of steel braced frame lateral system for main building structural frame. Material per ASTM A992 Grade 50 for wide flanges.,05,Metals,05 10 00,Structural Metal Framing,Category 05 - Metals,05 10 00 Structural Metal Framing
Proposal for supply and erection of ornamental steel railing and balusters for building perimeter bollard protection. Steel to be shop-primed with rust-inhibitive primer.,05,Metals,05 50 00,Metal Fabrications,Category 05 - Metals,05 50 00 Metal Fabrications
"PROJECT PROPOSAL: Vendor submittal: 5/8-inch Type X gypsum board for fire-rated partitions. Metal studs at 16 inches on center, bridging at mid-height. per GA (Gypsum Association) Fire Resistance Design Manual.",09,Finishes,09 20 00,Plaster and Gypsum Board,Category 09 - Finishes,09 20 00 Plaster and Gypsum Board
Supply and install rubber athletic flooring for gymnasium for gymnasium and multipurpose room. Base: 4-inch rubber or tile cove base at all walls. per ASTM F710 for substrate preparation.,09,Finishes,09 60 00,Flooring,Category 09 - Finishes,09 60 00 Flooring
BID ITEM: Proposal for shop fabrication and field installation of steel access hatches and floor plates miscellaneous metals throughout building. Handrails to comply with ADA requirements.,05,Metals,05 50 00,Metal Fabrications,Category 05 - Metals,05 50 00 Metal Fabrications
Material submittal for headed reinforcing bar anchors. Lap splices per ACI 318 development length requirements. Refer to per ACI 318-19 and project structural drawings.,03,Concrete,03 20 00,Concrete Reinforcing,Category 03 - Concrete,03 20 00 Concrete Reinforcing
This submittal covers the delivery and installation of metal deck shear studs and connectors for metal building roof deck replacement. All work to comply with per composite design per AISC 360 Chapter I. Deck to be welded to supports at 12 inches on center.,05,Metals,05 30 00,Metal Decking,Category 05 - Metals,05 30 00 Metal Decking
"Provide all labor, materials and equipment for shaft wall liner and C-H stud system for elevator shaft and mechanical shaft walls. per UL listed assembly design number. Corner bead at all exposed edges and reveals.",09,Finishes,09 20 00,Plaster and Gypsum Board,Category 09 - Finishes,09 20 00 Plaster and Gypsum Board
"Subcontractor bid for fiber-reinforced concrete (FRC) for slab on grade. Location: for exterior sidewalks and curbs. Finish to be steel trowel for interior slabs, broom finish for exterior.",03,Concrete,03 30 00,Cast-in-Place Concrete,Category 03 - Concrete,03 30 00 Cast-in-Place Concrete
"Provide all labor, materials and equipment for elastomeric exterior wall coating for millwork, casework and trim. per paint manufacturer technical data sheets. Colors per architect-selected paint schedule.",09,Finishes,09 90 00,Painting and Coating,Category 09 - Finishes,09 90 00 Painting and Coating
Scope of work includes shop fabrication and field installation of steel ladder and safety cage for building perimeter bollard protection. Handrails to comply with ADA requirements.,05,Metals,05 50 00,Metal Fabrications,Category 05 - Metals,05 50 00 Metal Fabrications
"VENDOR SUBMITTAL: Furnish and install grease interceptor for commercial kitchen as indicated on drawings and per NSF/ANSI 61 for drinking water components. Equipment includes mounting, piping connections and startup.",22,Plumbing,22 30 00,Plumbing Equipment,Category 22 - Plumbing,22 30 00 Plumbing Equipment
Furnish and install liquid-applied air and vapor barrier as indicated on drawings and conforming to local building code moisture protection requirements. Includes protection board and drainage composite.,07,Thermal and Moisture Protection,07 10 00,Dampproofing and Waterproofing,Category 07 - Thermal and Moisture Protection,07 10 00 Dampproofing and Waterproofing
Subcontractor bid for PVC single-ply roofing membrane with hot-air welded seams. Location: for roof replacement over existing building. System includes 20-year NDL (No Dollar Limit) manufacturer warranty.,07,Thermal and Moisture Protection,07 50 00,Membrane Roofing,Category 07 - Thermal and Moisture Protection,07 50 00 Membrane Roofing
Vendor submittal: terrazzo flooring with brass divider strips. Moisture testing required per ASTM F2170 before installation. per manufacturer installation instructions.,09,Finishes,09 60 00,Flooring,Category 09 - Finishes,09 60 00 Flooring
RE: Central Heating Equipment – procurement and installation of hot water circulating pump and piping including all necessary accessories and hardware. per AHRI certified heating capacity ratings.,23,HVAC,23 70 00,Central Heating Equipment,Category 23 - HVAC,23 70 00 Central Heating Equipment
"BID ITEM: Supply and install ductwork insulation wrap and lining for commercial kitchen ventilation system. Includes all hangers, supports and seismic bracing per code. per mechanical drawings and duct layout schedule.",23,HVAC,23 30 00,HVAC Air Distribution,Category 23 - HVAC,23 30 00 HVAC Air Distribution
Furnish and install exterior acrylic paint system with primer as indicated on drawings and per paint manufacturer technical data sheets. Colors per architect-selected paint schedule.,09,Finishes,09 90 00,Painting and Coating,Category 09 - Finishes,09 90 00 Painting and Coating
This submittal covers the furnishing and hanging of access doors and panels flush-mounted for interior and exterior door openings per door schedule. All work to comply with conforming to SDI (Steel Door Institute) standards. Frames to be set and grouted plumb and square.,08,Openings,08 10 00,Doors and Frames,Category 08 - Openings,08 10 00 Doors and Frames
VENDOR SUBMITTAL: Vendor submittal: below-grade bituminous waterproofing membrane. All seams to be sealed and corners reinforced. per ASTM D6153 for liquid-applied waterproofing.,07,Thermal and Moisture Protection,07 10 00,Dampproofing and Waterproofing,Category 07 - Thermal and Moisture Protection,07 10 00 Dampproofing and Waterproofing
Quotation for wall-mounted urinal with flush valve for public restrooms per fixture schedule. Chrome-plated brass faucets with ceramic disc cartridge. per ASME A112.19.2 for vitreous china fixtures.,22,Plumbing,22 40 00,Plumbing Fixtures,Category 22 - Plumbing,22 40 00 Plumbing Fixtures
"Material submittal for galvanized structural steel for exterior. Includes shop drawings, erection drawings and mill certificates. Refer to per AISC 360 Specification for Structural Steel Buildings.",05,Metals,05 10 00,Structural Metal Framing,Category 05 - Metals,05 10 00 Structural Metal Framing
"Provide all labor, materials and equipment for curved gypsum board soffits and bulkheads for elevator shaft and mechanical shaft walls. per project specification Section 09 20 00. Includes acoustic sealant at top and bottom tracks.",09,Finishes,09 20 00,Plaster and Gypsum Board,Category 09 - Finishes,09 20 00 Plaster and Gypsum Board
Subcontractor bid for electrical metering and monitoring system. Location: for tenant electrical metering and sub-distribution. Load bank testing and startup by factory technician.,26,Electrical,26 20 00,Low-Voltage Electrical Distribution,Category 26 - Electrical,26 20 00 Low-Voltage Electrical Distribution
Request for approval: insulating concrete forms (ICF) for use for basement foundation walls. Allow for three reuses of formwork panels. per ACI 347 standards.,03,Concrete,03 10 00,Concrete Forming and Accessories,Category 03 - Concrete,03 10 00 Concrete Forming and Accessories
application of fiberglass batt insulation R-19 for exterior walls including all necessary accessories and hardware. per ASHRAE 90.1 energy code requirements.,07,Thermal and Moisture Protection,07 20 00,Thermal Insulation,Category 07 - Thermal and Moisture Protection,07 20 00 Thermal Insulation
Subcontractor bid for motor control center (MCC) with VFDs. Location: for emergency and standby power system. Load bank testing and startup by factory technician.,26,Electrical,26 20 00,Low-Voltage Electrical Distribution,Category 26 - Electrical,26 20 00 Low-Voltage Electrical Distribution
Subcontractor bid for kitchen exhaust hood and duct system. Location: for office and conference room supply and return. Ductwork fabricated per SMACNA standards.,23,HVAC,23 30 00,HVAC Air Distribution,Category 23 - HVAC,23 30 00 HVAC Air Distribution
SCOPE OF WORK DESCRIPTION: This submittal covers the pouring and curing of lightweight concrete for elevated slabs for elevated concrete slabs at all levels. All work to comply with per approved concrete mix design. Maximum slump 4 inches without superplasticizer.,03,Concrete,03 30 00,Cast-in-Place Concrete,Category 03 - Concrete,03 30 00 Cast-in-Place Concrete
Supply and install bar supports and chairs for rebar placement for concrete columns and beams. Lap splices per ACI 318 development length requirements. per ACI 318-19 and project structural drawings.,03,Concrete,03 20 00,Concrete Reinforcing,Category 03 - Concrete,03 20 00 Concrete Reinforcing
Request for approval: metal deck pour stops and closures for use for composite floor system at all elevated levels. Includes temporary shoring during concrete placement. conforming to ASTM A653 galvanized steel.,05,Metals,05 30 00,Metal Decking,Category 05 - Metals,05 30 00 Metal Decking
"Subject: Material Submittal – Provide all labor, materials and equipment for TPO single-ply membrane roofing system 60-mil for rooftop mechanical equipment area. per FM Global and UL listed roof assembly. Insulation R-30 minimum per energy code, tapered for drainage.",07,Thermal and Moisture Protection,07 50 00,Membrane Roofing,Category 07 - Thermal and Moisture Protection,07 50 00 Membrane Roofing
"BID ITEM: Quotation for rebar dowels and starter bars for concrete shear walls per seismic design. Minimum concrete cover 3 inches for footings, 1.5 inches for slabs. per ACI 318-19 and project structural drawings.",03,Concrete,03 20 00,Concrete Reinforcing,Category 03 - Concrete,03 20 00 Concrete Reinforcing
Quotation for concrete placement and finishing for foundations for building foundations and footings. Maximum slump 4 inches without superplasticizer. per ACI 318 and ACI 301 specifications.,03,Concrete,03 30 00,Cast-in-Place Concrete,Category 03 - Concrete,03 30 00 Cast-in-Place Concrete
SCOPE OF WORK DESCRIPTION: Request for approval: automatic sensor faucets and flush valves for use for laboratory and medical exam rooms. Chrome-plated brass faucets with ceramic disc cartridge. per ADA and ICC/ANSI A117.1 accessibility standard.,22,Plumbing,22 40 00,Plumbing Fixtures,Category 22 - Plumbing,22 40 00 Plumbing Fixtures
Proposal for procurement and installation of computer room precision cooling unit (CRAC/CRAH) for data center and server room cooling. Unit to be high-efficiency with minimum 14 SEER rating.,23,HVAC,23 60 00,Central Cooling Equipment,Category 23 - HVAC,23 60 00 Central Cooling Equipment
SCOPE OF WORK DESCRIPTION: Material submittal for below-grade bituminous waterproofing membrane. Includes protection board and drainage composite. Refer to conforming to local building code moisture protection requirements.,07,Thermal and Moisture Protection,07 10 00,Dampproofing and Waterproofing,Category 07 - Thermal and Moisture Protection,07 10 00 Dampproofing and Waterproofing
Subject: Material Submittal – Quotation for bird-friendly fritted glass panels for building lobby and atrium glazing. Glass thickness and type per structural analysis for wind loads. per project specification Section 08 80 00.,08,Openings,08 80 00,Glazing,Category 08 - Openings,08 80 00 Glazing
"Request for approval: floor sealer and concrete stain for use for mechanical and electrical rooms. Includes surface preparation, sanding and priming. per project specification Section 09 90 00.",09,Finishes,09 90 00,Painting and Coating,Category 09 - Finishes,09 90 00 Painting and Coating
Scope of work includes supply and application of interior latex paint (2 coats) over primer for mechanical and electrical rooms. Touch-up painting at all trades damage at project completion.,09,Finishes,09 90 00,Painting and Coating,Category 09 - Finishes,09 90 00 Painting and Coating
Scope of work includes furnishing and commissioning of computer room precision cooling unit (CRAC/CRAH) for office building comfort cooling. Factory startup and commissioning by manufacturer representative.,23,HVAC,23 60 00,Central Cooling Equipment,Category 23 - HVAC,23 60 00 Central Cooling Equipment
"Supply and install miscellaneous steel angles, plates and channels for building perimeter bollard protection. Includes all anchors, fasteners and connection hardware. conforming to ASTM A36 for miscellaneous steel.",05,Metals,05 50 00,Metal Fabrications,Category 05 - Metals,05 50 00 Metal Fabrications
VENDOR SUBMITTAL: Material submittal for high-early-strength concrete for fast-track construction. Concrete to be cured with wet burlap and plastic sheeting for 7 days. Refer to per project specification Section 03 30 00.,03,Concrete,03 30 00,Cast-in-Place Concrete,Category 03 - Concrete,03 30 00 Cast-in-Place Concrete
Vendor submittal: evaporative condenser for refrigeration. Vibration isolation pads and curb adapter included. per ASHRAE 90.1 minimum efficiency requirements.,23,HVAC,23 60 00,Central Cooling Equipment,Category 23 - HVAC,23 60 00 Central Cooling Equipment
"Proposal for procurement and installation of curtain wall window system unitized for residential tower window replacement. U-factor 0.30 maximum, SHGC 0.25 maximum per energy code.",08,Openings,08 50 00,Windows,Category 08 - Openings,08 50 00 Windows
BID ITEM: This submittal covers the supply and installation of steel base plates and anchor bolts for loading dock steel structure. All work to comply with per AISC 360 Specification for Structural Steel Buildings. Material per ASTM A992 Grade 50 for wide flanges.,05,Metals,05 10 00,Structural Metal Framing,Category 05 - Metals,05 10 00 Structural Metal Framing
Scope of work includes delivery and startup of grease interceptor for commercial kitchen for domestic hot water system in mechanical room. Manufacturer factory startup and commissioning required.,22,Plumbing,22 30 00,Plumbing Equipment,Category 22 - Plumbing,22 30 00 Plumbing Equipment
"Vendor submittal: hot water circulating pump and piping. Expansion tank, air separator and chemical feeder included. per ASME Boiler and Pressure Vessel Code for boilers.",23,HVAC,23 70 00,Central Heating Equipment,Category 23 - HVAC,23 70 00 Central Heating Equipment
Subject: Material Submittal – Material submittal for 1-inch insulated glazing units (IGU) Low-E coated. Glass thickness and type per structural analysis for wind loads. Refer to per ASTM C1048 for flat glass specifications.,08,Openings,08 80 00,Glazing,Category 08 - Openings,08 80 00 Glazing
Supply and install firestopping for electrical penetrations for data center cable tray installation. As-built drawings required showing all concealed raceway routing. per NECA installation standards.,26,Electrical,26 05 00,Common Work Results for Electrical,Category 26 - Electrical,26 05 00 Common Work Results for Electrical
"Quotation for cellular metal floor deck for electrical raceway for composite floor system at all elevated levels. Includes all side laps, end laps, and pour stop angles. per project specification Section 05 30 00.",05,Metals,05 30 00,Metal Decking,Category 05 - Metals,05 30 00 Metal Decking
"PROJECT PROPOSAL: Provide all labor, materials and equipment for mini-split ductless air conditioning system for data center and server room cooling. per ASHRAE 90.1 minimum efficiency requirements. Unit to be high-efficiency with minimum 14 SEER rating.",23,HVAC,23 60 00,Central Cooling Equipment,Category 23 - HVAC,23 60 00 Central Cooling Equipment
"Provide all labor, materials and equipment for acoustic insulation for interior partitions for mechanical room pipe and duct insulation. per ASHRAE 90.1 energy code requirements. Fire rating: Class A flame spread per ASTM E84.",07,Thermal and Moisture Protection,07 20 00,Thermal Insulation,Category 07 - Thermal and Moisture Protection,07 20 00 Thermal Insulation
"Proposal for surface preparation and coating of interior latex paint (2 coats) over primer for millwork, casework and trim. Colors per architect-selected paint schedule.",09,Finishes,09 90 00,Painting and Coating,Category 09 - Finishes,09 90 00 Painting and Coating
Material submittal for VAV (variable air volume) terminal units with controls. Duct leakage testing per SMACNA Class A seal requirement. Refer to per mechanical drawings and duct layout schedule.,23,HVAC,23 30 00,HVAC Air Distribution,Category 23 - HVAC,23 30 00 HVAC Air Distribution
"Proposal for rough-in and connection of PEX flexible water supply tubing for mechanical room plumbing connections. Pipe connections: soldered for copper, solvent welded for PVC.",22,Plumbing,22 10 00,Plumbing Piping and Pumps,Category 22 - Plumbing,22 10 00 Plumbing Piping and Pumps
Vendor submittal: air-cooled scroll chiller 100-ton capacity. Factory startup and commissioning by manufacturer representative. per project specification Section 23 60 00.,23,HVAC,23 60 00,Central Cooling Equipment,Category 23 - HVAC,23 60 00 Central Cooling Equipment
"Subcontractor bid for concrete placement and finishing for foundations. Location: for slab-on-grade in warehouse area. Finish to be steel trowel for interior slabs, broom finish for exterior.",03,Concrete,03 30 00,Cast-in-Place Concrete,Category 03 - Concrete,03 30 00 Cast-in-Place Concrete
"SCOPE OF WORK DESCRIPTION: Request for approval: wire connectors, lugs and termination kits for use for power distribution conduit and wire pulls. All wiring and raceway per National Electrical Code (NEC). per NEC (NFPA 70) National Electrical Code.",26,Electrical,26 05 00,Common Work Results for Electrical,Category 26 - Electrical,26 05 00 Common Work Results for Electrical
PROJECT PROPOSAL: Furnish and install composite metal floor deck 3-inch 20 gauge as indicated on drawings and conforming to ASTM A653 galvanized steel. Deck to be welded to supports at 12 inches on center.,05,Metals,05 30 00,Metal Decking,Category 05 - Metals,05 30 00 Metal Decking
This submittal covers the delivery and startup of electric water cooler / drinking fountain for kitchen grease waste management. All work to comply with per project specification Section 22 30 00. Manufacturer factory startup and commissioning required.,22,Plumbing,22 30 00,Plumbing Equipment,Category 22 - Plumbing,22 30 00 Plumbing Equipment
"Provide all labor, materials and equipment for stainless steel reinforcement for corrosive environments for foundation mat and footings. per ASTM A615 Grade 60 specifications. Includes all cutting, bending, placing and tying.",03,Concrete,03 20 00,Concrete Reinforcing,Category 03 - Concrete,03 20 00 Concrete Reinforcing
installation of sheet membrane waterproofing for plaza deck including all necessary accessories and hardware. conforming to local building code moisture protection requirements.,07,Thermal and Moisture Protection,07 10 00,Dampproofing and Waterproofing,Category 07 - Thermal and Moisture Protection,07 10 00 Dampproofing and Waterproofing
Vendor submittal: metal stud framing 3-5/8 inch 20-gauge. Partitions to achieve fire rating per UL assembly design. per UL listed assembly design number.,09,Finishes,09 20 00,Plaster and Gypsum Board,Category 09 - Finishes,09 20 00 Plaster and Gypsum Board
"PROJECT PROPOSAL: Furnish and install composite metal floor deck 3-inch 20 gauge as indicated on drawings and conforming to ASTM A653 galvanized steel. Includes all side laps, end laps, and pour stop angles.",05,Metals,05 30 00,Metal Decking,Category 05 - Metals,05 30 00 Metal Decking
"SCOPE OF WORK DESCRIPTION: Provide all labor, materials and equipment for electric water cooler / drinking fountain for drinking water cooling and dispensing. per NSF/ANSI 61 for drinking water components. 5-year manufacturer warranty on heat exchanger.",22,Plumbing,22 30 00,Plumbing Equipment,Category 22 - Plumbing,22 30 00 Plumbing Equipment
Vendor submittal: anti-graffiti coating for exterior masonry. Touch-up painting at all trades damage at project completion. per SSPC surface preparation standards for steel.,09,Finishes,09 90 00,Painting and Coating,Category 09 - Finishes,09 90 00 Painting and Coating
SCOPE OF WORK DESCRIPTION: Supply and install wood stain and polyurethane finish for millwork for mechanical and electrical rooms. Colors per architect-selected paint schedule. per paint manufacturer technical data sheets.,09,Finishes,09 90 00,Painting and Coating,Category 09 - Finishes,09 90 00 Painting and Coating
PROJECT PROPOSAL: Material submittal for sound-rated gypsum board assembly STC 50. Includes acoustic sealant at top and bottom tracks. Refer to per UL listed assembly design number.,09,Finishes,09 20 00,Plaster and Gypsum Board,Category 09 - Finishes,09 20 00 Plaster and Gypsum Board
"BID ITEM: Furnish and install column formwork with snap ties as indicated on drawings and per project specification Section 03 10 00. Plywood grade B-B, minimum 3/4 inch thick.",03,Concrete,03 10 00,Concrete Forming and Accessories,Category 03 - Concrete,03 10 00 Concrete Forming and Accessories
Quotation for main electrical switchboard 2000A 480/277V for main electrical service and distribution. Arc flash study and labels required per NFPA 70E. per NFPA 110 for emergency power systems.,26,Electrical,26 20 00,Low-Voltage Electrical Distribution,Category 26 - Electrical,26 20 00 Low-Voltage Electrical Distribution
BID ITEM: Supply and install automatic sensor faucets and flush valves for ADA-compliant accessible restroom. Fixtures to be white vitreous china unless noted otherwise. per project specification Section 22 40 00.,22,Plumbing,22 40 00,Plumbing Fixtures,Category 22 - Plumbing,22 40 00 Plumbing Fixtures
"VENDOR SUBMITTAL: Vendor submittal: explosion-proof lighting for hazardous locations. All fixtures to be LED with minimum 50,000-hour rated life. per project specification Section 26 50 00.",26,Electrical,26 50 00,Lighting,Category 26 - Electrical,26 50 00 Lighting
"Subcontractor bid for PEX flexible water supply tubing. Location: for roof drain piping and overflow system. Pipe connections: soldered for copper, solvent welded for PVC.",22,Plumbing,22 10 00,Plumbing Piping and Pumps,Category 22 - Plumbing,22 10 00 Plumbing Piping and Pumps
This submittal covers the pouring and curing of air-entrained concrete for exterior flatwork for elevated concrete slabs at all levels. All work to comply with per ACI 318 and ACI 301 specifications. Concrete to be cured with wet burlap and plastic sheeting for 7 days.,03,Concrete,03 30 00,Cast-in-Place Concrete,Category 03 - Concrete,03 30 00 Cast-in-Place Concrete
This submittal covers the supply and installation of janitor closet plumbing fixtures for public restrooms per fixture schedule. All work to comply with per ADA and ICC/ANSI A117.1 accessibility standard. All fixtures to be water-efficient per WaterSense label.,22,Plumbing,22 40 00,Plumbing Fixtures,Category 22 - Plumbing,22 40 00 Plumbing Fixtures
Supply and install steel pipe bollards with concrete fill for equipment pads and roof penetration supports. Field welds to be ground smooth and touch-up painted. per ADA and local building code requirements.,05,Metals,05 50 00,Metal Fabrications,Category 05 - Metals,05 50 00 Metal Fabrications
Subcontractor bid for specialty antimicrobial paint for healthcare. Location: for all interior walls and ceilings. VOC content to comply with LEED IEQ v4 requirements.,09,Finishes,09 90 00,Painting and Coating,Category 09 - Finishes,09 90 00 Painting and Coating
painting of exterior acrylic paint system with primer including all necessary accessories and hardware. per SSPC surface preparation standards for steel.,09,Finishes,09 90 00,Painting and Coating,Category 09 - Finishes,09 90 00 Painting and Coating
Subject: Material Submittal – This submittal covers the shop fabrication and field installation of steel embed plates and loose lintels for building perimeter bollard protection. All work to comply with per ADA and local building code requirements. Handrails to comply with ADA requirements.,05,Metals,05 50 00,Metal Fabrications,Category 05 - Metals,05 50 00 Metal Fabrications
Subcontractor bid for FRP fiberglass reinforced plastic doors. Location: for interior and exterior door openings per door schedule. Finish: factory-applied powder coat paint.,08,Openings,08 10 00,Doors and Frames,Category 08 - Openings,08 10 00 Doors and Frames
Subject: Material Submittal – Proposal for shop fabrication and field erection of steel braced frame lateral system for second floor and roof framing. High-strength bolts A325 for all connections.,05,Metals,05 10 00,Structural Metal Framing,Category 05 - Metals,05 10 00 Structural Metal Framing
Furnish and install foundation drain board and protection course as indicated on drawings and per ASTM D6153 for liquid-applied waterproofing. All seams to be sealed and corners reinforced.,07,Thermal and Moisture Protection,07 10 00,Dampproofing and Waterproofing,Category 07 - Thermal and Moisture Protection,07 10 00 Dampproofing and Waterproofing
Quotation for raised access flooring system 6-inch pedestal for restrooms and locker rooms. Transition strips at all flooring material changes. per TCNA Handbook for tile installations.,09,Finishes,09 60 00,Flooring,Category 09 - Finishes,09 60 00 Flooring
Quotation for motor control center (MCC) with VFDs for building power distribution infrastructure. Arc flash study and labels required per NFPA 70E. per NFPA 110 for emergency power systems.,26,Electrical,26 20 00,Low-Voltage Electrical Distribution,Category 26 - Electrical,26 20 00 Low-Voltage Electrical Distribution
"Subcontractor bid for fiber-reinforced concrete (FRC) for slab on grade. Location: for concrete columns, beams and shear walls. Maximum slump 4 inches without superplasticizer.",03,Concrete,03 30 00,Cast-in-Place Concrete,Category 03 - Concrete,03 30 00 Cast-in-Place Concrete
Proposal for furnishing and laying of raised access flooring system 6-inch pedestal for commercial kitchen and food prep areas. Base: 4-inch rubber or tile cove base at all walls.,09,Finishes,09 60 00,Flooring,Category 09 - Finishes,09 60 00 Flooring
Supply and install steel panel forms for walls for elevated slab construction at level 2 through roof. Snap ties at 24 inches on center both ways. conforming to OSHA shoring requirements.,03,Concrete,03 10 00,Concrete Forming and Accessories,Category 03 - Concrete,03 10 00 Concrete Forming and Accessories
VENDOR SUBMITTAL: Supply and install fluid-applied rubberized asphalt waterproofing for occupied basement and parking levels. 10-year manufacturer warranty on waterproofing system. conforming to local building code moisture protection requirements.,07,Thermal and Moisture Protection,07 10 00,Dampproofing and Waterproofing,Category 07 - Thermal and Moisture Protection,07 10 00 Dampproofing and Waterproofing
"Provide all labor, materials and equipment for bentonite clay waterproofing panels at tunnel and underground utility connections. per project specification Section 07 10 00. All seams to be sealed and corners reinforced.",07,Thermal and Moisture Protection,07 10 00,Dampproofing and Waterproofing,Category 07 - Thermal and Moisture Protection,07 10 00 Dampproofing and Waterproofing
"Supply and install miscellaneous steel angles, plates and channels miscellaneous metals throughout building. Handrails to comply with ADA requirements. conforming to ASTM A36 for miscellaneous steel.",05,Metals,05 50 00,Metal Fabrications,Category 05 - Metals,05 50 00 Metal Fabrications
Subcontractor bid for heat recovery ventilator (HRV/ERV). Location: for perimeter heating at exterior walls. Factory startup required by manufacturer certified technician.,23,HVAC,23 70 00,Central Heating Equipment,Category 23 - HVAC,23 70 00 Central Heating Equipment
Quotation for diesel emergency standby generator 500 kW for emergency and standby power system. Arc flash study and labels required per NFPA 70E. per project specification Section 26 20 00.,26,Electrical,26 20 00,Low-Voltage Electrical Distribution,Category 26 - Electrical,26 20 00 Low-Voltage Electrical Distribution
Material submittal for grounding and bonding system with ground rods. Conduit fill not to exceed 40% per NEC Chapter 9. Refer to per UL listed materials and components.,26,Electrical,26 05 00,Common Work Results for Electrical,Category 26 - Electrical,26 05 00 Common Work Results for Electrical
Scope of work includes supply and installation of welded wire reinforcement WWR 6x6-W2.9xW2.9 for concrete columns and beams. Mill certifications required for all reinforcing steel.,03,Concrete,03 20 00,Concrete Reinforcing,Category 03 - Concrete,03 20 00 Concrete Reinforcing
"Material submittal for LED high-bay warehouse light fixtures. All fixtures to be LED with minimum 50,000-hour rated life. Refer to per project specification Section 26 50 00.",26,Electrical,26 50 00,Lighting,Category 26 - Electrical,26 50 00 Lighting
Quotation for standing seam metal roof panels 24-gauge for green roof system over parking structure. System includes 20-year NDL (No Dollar Limit) manufacturer warranty. per NRCA roofing guidelines.,07,Thermal and Moisture Protection,07 50 00,Membrane Roofing,Category 07 - Thermal and Moisture Protection,07 50 00 Membrane Roofing
SCOPE OF WORK DESCRIPTION: Scope of work includes furnishing and finishing of moisture-resistant (green board) gypsum in wet areas for fire-rated corridor and stairwell assemblies. Includes acoustic sealant at top and bottom tracks.,09,Finishes,09 20 00,Plaster and Gypsum Board,Category 09 - Finishes,09 20 00 Plaster and Gypsum Board
"Scope of work includes painting of floor sealer and concrete stain for mechanical and electrical rooms. Includes surface preparation, sanding and priming.",09,Finishes,09 90 00,Painting and Coating,Category 09 - Finishes,09 90 00 Painting and Coating
Quotation for steel ladder and safety cage for building perimeter bollard protection. Field welds to be ground smooth and touch-up painted. per ADA and local building code requirements.,05,Metals,05 50 00,Metal Fabrications,Category 05 - Metals,05 50 00 Metal Fabrications
"Subcontractor bid for mop basin (service sink) floor-mounted. Location: for public restrooms per fixture schedule. Includes all trim, supplies, stops and connection fittings.",22,Plumbing,22 40 00,Plumbing Fixtures,Category 22 - Plumbing,22 40 00 Plumbing Fixtures
"PROJECT PROPOSAL: This submittal covers the procurement and installation of impact-resistant hurricane windows for high-rise building perimeter. All work to comply with per approved window schedule and shop drawings. Includes all sealants, flashing and perimeter caulking.",08,Openings,08 50 00,Windows,Category 08 - Openings,08 50 00 Windows
"BID ITEM: This submittal covers the furnishing and finishing of glass mat gypsum sheathing for exterior for interior partitions and ceilings throughout building. All work to comply with per project specification Section 09 20 00. Metal studs at 16 inches on center, bridging at mid-height.",09,Finishes,09 20 00,Plaster and Gypsum Board,Category 09 - Finishes,09 20 00 Plaster and Gypsum Board
"Request for approval: blast-resistant security window assemblies for use for exterior building facade per window schedule. U-factor 0.30 maximum, SHGC 0.25 maximum per energy code. per AAMA/WDMA/CSA 101 performance standards.",08,Openings,08 50 00,Windows,Category 08 - Openings,08 50 00 Windows
Request for approval: floor sealer and concrete stain for use for mechanical and electrical rooms. Colors per architect-selected paint schedule. per SSPC surface preparation standards for steel.,09,Finishes,09 90 00,Painting and Coating,Category 09 - Finishes,09 90 00 Painting and Coating
"Subcontractor bid for overhead coiling steel service doors. Location: for main building entry and vestibule. Includes all weatherstripping, thresholds and smoke seals.",08,Openings,08 10 00,Doors and Frames,Category 08 - Openings,08 10 00 Doors and Frames
"Furnish and install heat recovery ventilator (HRV/ERV) as indicated on drawings and per local mechanical and fuel gas code. Includes gas piping, venting and combustion air provisions.",23,HVAC,23 70 00,Central Heating Equipment,Category 23 - HVAC,23 70 00 Central Heating Equipment
Supply and install acoustic sound-rated door assemblies STC 45 for interior and exterior door openings per door schedule. Fire-rated assemblies with UL listed label. conforming to SDI (Steel Door Institute) standards.,08,Openings,08 10 00,Doors and Frames,Category 08 - Openings,08 10 00 Doors and Frames
RE: Common Work Results for Electrical – Furnish and install underground PVC electrical conduit duct bank as indicated on drawings and per UL listed materials and components. As-built drawings required showing all concealed raceway routing.,26,Electrical,26 05 00,Common Work Results for Electrical,Category 26 - Electrical,26 05 00 Common Work Results for Electrical
Quotation for column formwork with snap ties for basement foundation walls. Allow for three reuses of formwork panels. per project specification Section 03 10 00.,03,Concrete,03 10 00,Concrete Forming and Accessories,Category 03 - Concrete,03 10 00 Concrete Forming and Accessories
furnishing and glazing of aluminum awning windows with screens including all necessary accessories and hardware. per AAMA/WDMA/CSA 101 performance standards.,08,Openings,08 50 00,Windows,Category 08 - Openings,08 50 00 Windows
Proposal for supply and installation of vitreous china water closet (toilet) floor-mounted for janitor closets and service areas. All fixtures to be water-efficient per WaterSense label.,22,Plumbing,22 40 00,Plumbing Fixtures,Category 22 - Plumbing,22 40 00 Plumbing Fixtures
Proposal for installation of PVC single-ply roofing membrane with hot-air welded seams for roof replacement over existing building. System includes 20-year NDL (No Dollar Limit) manufacturer warranty.,07,Thermal and Moisture Protection,07 50 00,Membrane Roofing,Category 07 - Thermal and Moisture Protection,07 50 00 Membrane Roofing
supply and installation of main electrical switchboard 2000A 480/277V including all necessary accessories and hardware. per utility company service entrance requirements.,26,Electrical,26 20 00,Low-Voltage Electrical Distribution,Category 26 - Electrical,26 20 00 Low-Voltage Electrical Distribution
"Request for approval: sump pump and pit with float switch for use for restroom and kitchen plumbing rough-in. Pipe connections: soldered for copper, solvent welded for PVC. per Uniform Plumbing Code (UPC).",22,Plumbing,22 10 00,Plumbing Piping and Pumps,Category 22 - Plumbing,22 10 00 Plumbing Piping and Pumps
PROJECT PROPOSAL: Supply and install motor control center (MCC) with VFDs for tenant electrical metering and sub-distribution. Arc flash study and labels required per NFPA 70E. per NFPA 110 for emergency power systems.,26,Electrical,26 20 00,Low-Voltage Electrical Distribution,Category 26 - Electrical,26 20 00 Low-Voltage Electrical Distribution
"Provide all labor, materials and equipment for cooling tower induced draft crossflow for data center and server room cooling. per project specification Section 23 60 00. Factory startup and commissioning by manufacturer representative.",23,HVAC,23 60 00,Central Cooling Equipment,Category 23 - HVAC,23 60 00 Central Cooling Equipment
Subject: Material Submittal – supply and installation of radiant ceiling panel heating system including all necessary accessories and hardware. per local mechanical and fuel gas code.,23,HVAC,23 70 00,Central Heating Equipment,Category 23 - HVAC,23 70 00 Central Heating Equipment
Subcontractor bid for steel base plates and anchor bolts. Location: for main building structural frame. Steel to be blast-cleaned and primed with shop primer.,05,Metals,05 10 00,Structural Metal Framing,Category 05 - Metals,05 10 00 Structural Metal Framing
VENDOR SUBMITTAL: Proposal for supply and installation of structural steel wide-flange beams W12x26 for main building structural frame. Steel to be blast-cleaned and primed with shop primer.,05,Metals,05 10 00,Structural Metal Framing,Category 05 - Metals,05 10 00 Structural Metal Framing
SCOPE OF WORK DESCRIPTION: This submittal covers the supply and erection of galvanized steel shelf angles for masonry miscellaneous metals throughout building. All work to comply with per architectural detail drawings. Steel to be shop-primed with rust-inhibitive primer.,05,Metals,05 50 00,Metal Fabrications,Category 05 - Metals,05 50 00 Metal Fabrications
Vendor submittal: structural steel wide-flange beams W12x26. Steel to be blast-cleaned and primed with shop primer. per project specification Section 05 10 00.,05,Metals,05 10 00,Structural Metal Framing,Category 05 - Metals,05 10 00 Structural Metal Framing
pouring and curing of air-entrained concrete for exterior flatwork including all necessary accessories and hardware. conforming to ASTM C94 ready-mixed concrete standard.,03,Concrete,03 30 00,Cast-in-Place Concrete,Category 03 - Concrete,03 30 00 Cast-in-Place Concrete
PROJECT PROPOSAL: Scope of work includes supply and installation of wall-hung lavatory sink with faucet for laboratory and medical exam rooms. Fixtures to be white vitreous china unless noted otherwise.,22,Plumbing,22 40 00,Plumbing Fixtures,Category 22 - Plumbing,22 40 00 Plumbing Fixtures
"Vendor submittal: aluminum awning windows with screens. Includes all sealants, flashing and perimeter caulking. per approved window schedule and shop drawings.",08,Openings,08 50 00,Windows,Category 08 - Openings,08 50 00 Windows
RE: Plaster and Gypsum Board – Scope of work includes installation of sound-rated gypsum board assembly STC 50 for bathroom and kitchen wet-area walls. Taping and finishing to Level 4 finish per ASTM C840.,09,Finishes,09 20 00,Plaster and Gypsum Board,Category 09 - Finishes,09 20 00 Plaster and Gypsum Board
SCOPE OF WORK DESCRIPTION: Proposal for procurement and mounting of dimming lighting control system with occupancy sensors for parking garage and canopy lighting. Lighting controls to include occupancy sensors per energy code.,26,Electrical,26 50 00,Lighting,Category 26 - Electrical,26 50 00 Lighting
application of anti-graffiti coating for exterior masonry including all necessary accessories and hardware. per SSPC surface preparation standards for steel.,09,Finishes,09 90 00,Painting and Coating,Category 09 - Finishes,09 90 00 Painting and Coating
"RE: Central Heating Equipment – Provide all labor, materials and equipment for heat recovery ventilator (HRV/ERV) for mechanical room boiler plant. per project specification Section 23 70 00. Boiler efficiency exceeds ASHRAE 90.1 minimum requirement.",23,HVAC,23 70 00,Central Heating Equipment,Category 23 - HVAC,23 70 00 Central Heating Equipment
"Scope of work includes application of cementitious dampproofing coating for below-grade foundation walls and footings. Membrane to be installed on clean, dry substrate.",07,Thermal and Moisture Protection,07 10 00,Dampproofing and Waterproofing,Category 07 - Thermal and Moisture Protection,07 10 00 Dampproofing and Waterproofing
Proposal for supply and installation of porcelain tile flooring 24x24 inch with thin-set mortar for restrooms and locker rooms. Moisture testing required per ASTM F2170 before installation.,09,Finishes,09 60 00,Flooring,Category 09 - Finishes,09 60 00 Flooring
"This submittal covers the furnishing and piping of PEX flexible water supply tubing for roof drain piping and overflow system. All work to comply with per project specification Section 22 10 00. Includes all valves, supports, hangers and seismic bracing.",22,Plumbing,22 10 00,Plumbing Piping and Pumps,Category 22 - Plumbing,22 10 00 Plumbing Piping and Pumps
Request for approval: hardwood oak strip flooring 3/4-inch solid for use for restrooms and locker rooms. Transition strips at all flooring material changes. per ASTM F710 for substrate preparation.,09,Finishes,09 60 00,Flooring,Category 09 - Finishes,09 60 00 Flooring
Furnish and install steel fixed-lite windows for industrial as indicated on drawings and per AAMA/WDMA/CSA 101 performance standards. Color: clear anodized aluminum or custom RAL color.,08,Openings,08 50 00,Windows,Category 08 - Openings,08 50 00 Windows
"Subcontractor bid for insulating concrete forms (ICF). Location: at building core shear walls. Includes all bracing, wedges, and form oil.",03,Concrete,03 10 00,Concrete Forming and Accessories,Category 03 - Concrete,03 10 00 Concrete Forming and Accessories
Supply and install abuse-resistant gypsum board for corridors for tenant improvement build-out. Includes acoustic sealant at top and bottom tracks. per GA (Gypsum Association) Fire Resistance Design Manual.,09,Finishes,09 20 00,Plaster and Gypsum Board,Category 09 - Finishes,09 20 00 Plaster and Gypsum Board
Vendor submittal: steel access hatches and floor plates. Field welds to be ground smooth and touch-up painted. per project specification Section 05 50 00.,05,Metals,05 50 00,Metal Fabrications,Category 05 - Metals,05 50 00 Metal Fabrications
SCOPE OF WORK DESCRIPTION: Vendor submittal: non-composite roof deck panels. Deck to be Vulcraft or approved equal. per SDI (Steel Deck Institute) standards.,05,Metals,05 30 00,Metal Decking,Category 05 - Metals,05 30 00 Metal Decking
"BID ITEM: Proposal for application of high-performance epoxy wall coating for wet areas for all interior walls and ceilings. Includes surface preparation, sanding and priming.",09,Finishes,09 90 00,Painting and Coating,Category 09 - Finishes,09 90 00 Painting and Coating
furnishing and erection of steel angle lintels for masonry openings including all necessary accessories and hardware. per AISC 360 Specification for Structural Steel Buildings.,05,Metals,05 10 00,Structural Metal Framing,Category 05 - Metals,05 10 00 Structural Metal Framing
Proposal for procurement and installation of electric water cooler / drinking fountain for below-grade sewage ejection system. 5-year manufacturer warranty on heat exchanger.,22,Plumbing,22 30 00,Plumbing Equipment,Category 22 - Plumbing,22 30 00 Plumbing Equipment
"Provide all labor, materials and equipment for bentonite clay waterproofing panels for elevator pit and mechanical room. per ASTM D6153 for liquid-applied waterproofing. Surface preparation includes primer coat as recommended by manufacturer.",07,Thermal and Moisture Protection,07 10 00,Dampproofing and Waterproofing,Category 07 - Thermal and Moisture Protection,07 10 00 Dampproofing and Waterproofing
"Material submittal for sheet vinyl flooring for healthcare corridors. Includes all floor preparation, leveling and patching. Refer to per ASTM F710 for substrate preparation.",09,Finishes,09 60 00,Flooring,Category 09 - Finishes,09 60 00 Flooring
Vendor submittal: wood stain and polyurethane finish for millwork. Two coats finish over one coat primer on new drywall. per MPI (Master Painters Institute) standards.,09,Finishes,09 90 00,Painting and Coating,Category 09 - Finishes,09 90 00 Painting and Coating
PROJECT PROPOSAL: Quotation for metal stud framing 3-5/8 inch 20-gauge for bathroom and kitchen wet-area walls. Corner bead at all exposed edges and reveals. per project specification Section 09 20 00.,09,Finishes,09 20 00,Plaster and Gypsum Board,Category 09 - Finishes,09 20 00 Plaster and Gypsum Board
Subcontractor bid for structural steel wide-flange beams W12x26. Location: for lateral bracing system per seismic design. Steel to be blast-cleaned and primed with shop primer.,05,Metals,05 10 00,Structural Metal Framing,Category 05 - Metals,05 10 00 Structural Metal Framing
"Supply and install EPDM rubber roofing membrane fully adhered for green roof system over parking structure. Includes all flashings, counterflashings, and edge metal. per NRCA roofing guidelines.",07,Thermal and Moisture Protection,07 50 00,Membrane Roofing,Category 07 - Thermal and Moisture Protection,07 50 00 Membrane Roofing
BID ITEM: Material submittal for wood stain and polyurethane finish for millwork. Two coats finish over one coat primer on new drywall. Refer to per SSPC surface preparation standards for steel.,09,Finishes,09 90 00,Painting and Coating,Category 09 - Finishes,09 90 00 Painting and Coating
Subcontractor bid for ornamental steel railing and balusters. Location: miscellaneous metals throughout building. All exposed steel to be hot-dip galvanized after fabrication.,05,Metals,05 50 00,Metal Fabrications,Category 05 - Metals,05 50 00 Metal Fabrications
SCOPE OF WORK DESCRIPTION: Furnish and install unit heater gas-fired for warehouse as indicated on drawings and per ASME Boiler and Pressure Vessel Code for boilers. Controls integrated with building automation system (BAS).,23,HVAC,23 70 00,Central Heating Equipment,Category 23 - HVAC,23 70 00 Central Heating Equipment
SCOPE OF WORK DESCRIPTION: Subcontractor bid for sewage ejector pump with alarm. Location: for kitchen grease waste management. Unit to be seismic-rated for installation zone.,22,Plumbing,22 30 00,Plumbing Equipment,Category 22 - Plumbing,22 30 00 Plumbing Equipment
Subcontractor bid for concrete pump truck and placement services. Location: for elevated concrete slabs at all levels. Concrete to be cured with wet burlap and plastic sheeting for 7 days.,03,Concrete,03 30 00,Cast-in-Place Concrete,Category 03 - Concrete,03 30 00 Cast-in-Place Concrete
"PROJECT PROPOSAL: Vendor submittal: condensing high-efficiency boiler 95% AFUE. Includes gas piping, venting and combustion air provisions. per project specification Section 23 70 00.",23,HVAC,23 70 00,Central Heating Equipment,Category 23 - HVAC,23 70 00 Central Heating Equipment
RE: Dampproofing and Waterproofing – Furnish and install sheet membrane waterproofing for plaza deck as indicated on drawings and per project specification Section 07 10 00. Includes protection board and drainage composite.,07,Thermal and Moisture Protection,07 10 00,Dampproofing and Waterproofing,Category 07 - Thermal and Moisture Protection,07 10 00 Dampproofing and Waterproofing
"Supply and install fire-rated steel doors and frames 90-minute for warehouse and loading dock openings. Hardware to include lever handles, closers, and hinges per hardware schedule. per door and hardware schedule on drawings.",08,Openings,08 10 00,Doors and Frames,Category 08 - Openings,08 10 00 Doors and Frames
"Vendor submittal: grease interceptor for commercial kitchen. Equipment includes mounting, piping connections and startup. per local health and plumbing code requirements.",22,Plumbing,22 30 00,Plumbing Equipment,Category 22 - Plumbing,22 30 00 Plumbing Equipment
Quotation for underground PVC electrical conduit duct bank for grounding electrode system per NEC. All wiring and raceway per National Electrical Code (NEC). per NECA installation standards.,26,Electrical,26 05 00,Common Work Results for Electrical,Category 26 - Electrical,26 05 00 Common Work Results for Electrical
Material submittal for raised access flooring system 6-inch pedestal. Transition strips at all flooring material changes. Refer to per TCNA Handbook for tile installations.,09,Finishes,09 60 00,Flooring,Category 09 - Finishes,09 60 00 Flooring
Furnish and install slab edge forms and blockouts as indicated on drawings and per structural engineer approved shop drawings. Forms to remain in place for minimum 7-day cure period.,03,Concrete,03 10 00,Concrete Forming and Accessories,Category 03 - Concrete,03 10 00 Concrete Forming and Accessories
Scope of work includes shop fabrication and field erection of structural steel roof trusses for second floor and roof framing. Steel to be blast-cleaned and primed with shop primer.,05,Metals,05 10 00,Structural Metal Framing,Category 05 - Metals,05 10 00 Structural Metal Framing
"Provide all labor, materials and equipment for steel base plates and anchor bolts for steel canopy at building entrance. per AISC 360 Specification for Structural Steel Buildings. Includes crane and rigging for steel erection.",05,Metals,05 10 00,Structural Metal Framing,Category 05 - Metals,05 10 00 Structural Metal Framing
Vendor submittal: acoustic metal deck with perforations. Deck to be Vulcraft or approved equal. per SDI (Steel Deck Institute) standards.,05,Metals,05 30 00,Metal Decking,Category 05 - Metals,05 30 00 Metal Decking
"RE: Concrete Reinforcing – Provide all labor, materials and equipment for grade 60 deformed reinforcing steel bars for parking structure post-tensioned slabs. per ASTM A615 Grade 60 specifications. Mill certifications required for all reinforcing steel.",03,Concrete,03 20 00,Concrete Reinforcing,Category 03 - Concrete,03 20 00 Concrete Reinforcing
BID ITEM: Supply and install fabric ductwork for open ceiling areas for commercial kitchen ventilation system. Duct leakage testing per SMACNA Class A seal requirement. per ASHRAE 90.1 duct insulation requirements.,23,HVAC,23 30 00,HVAC Air Distribution,Category 23 - HVAC,23 30 00 HVAC Air Distribution
Material submittal for headed reinforcing bar anchors. Bar supports at maximum 4-foot spacing. Refer to per CRSI Manual of Standard Practice.,03,Concrete,03 20 00,Concrete Reinforcing,Category 03 - Concrete,03 20 00 Concrete Reinforcing
Vendor submittal: specialty antimicrobial paint for healthcare. Touch-up painting at all trades damage at project completion. per MPI (Master Painters Institute) standards.,09,Finishes,09 90 00,Painting and Coating,Category 09 - Finishes,09 90 00 Painting and Coating
Vendor submittal: CPVC hot and cold water distribution piping. Insulation on all hot and cold water piping per specification. per local plumbing code and health department requirements.,22,Plumbing,22 10 00,Plumbing Piping and Pumps,Category 22 - Plumbing,22 10 00 Plumbing Piping and Pumps
SCOPE OF WORK DESCRIPTION: Quotation for fire-rated glazing assemblies 60-minute for curtain wall and storefront glazing systems. Insulated units with warm-edge spacer and argon gas fill. per ASTM C1048 for flat glass specifications.,08,Openings,08 80 00,Glazing,Category 08 - Openings,08 80 00 Glazing
"Supply and install point-of-use water filtration system for building water treatment and softening. Equipment includes mounting, piping connections and startup. per ASME Boiler and Pressure Vessel Code.",22,Plumbing,22 30 00,Plumbing Equipment,Category 22 - Plumbing,22 30 00 Plumbing Equipment
Request for approval: stainless steel reinforcement for corrosive environments for use for foundation mat and footings. Bar supports at maximum 4-foot spacing. per ASTM A615 Grade 60 specifications.,03,Concrete,03 20 00,Concrete Reinforcing,Category 03 - Concrete,03 20 00 Concrete Reinforcing
supply and installation of wired glass for fire-rated openings including all necessary accessories and hardware. per IGCC standards for insulating glass.,08,Openings,08 80 00,Glazing,Category 08 - Openings,08 80 00 Glazing
RE: Painting and Coating – Supply and install interior latex paint (2 coats) over primer for mechanical and electrical rooms. Colors per architect-selected paint schedule. per paint manufacturer technical data sheets.,09,Finishes,09 90 00,Painting and Coating,Category 09 - Finishes,09 90 00 Painting and Coating
furnishing and connecting of bus duct feeder system from switchboard including all necessary accessories and hardware. per NFPA 110 for emergency power systems.,26,Electrical,26 20 00,Low-Voltage Electrical Distribution,Category 26 - Electrical,26 20 00 Low-Voltage Electrical Distribution
Subcontractor bid for bird-friendly fritted glass panels. Location: for building lobby and atrium glazing. Insulated units with warm-edge spacer and argon gas fill.,08,Openings,08 80 00,Glazing,Category 08 - Openings,08 80 00 Glazing
BID ITEM: Furnish and install roof walkway pads and protection mats as indicated on drawings and per manufacturer approved applicator installation manual. Remove existing roofing to deck and install new system complete.,07,Thermal and Moisture Protection,07 50 00,Membrane Roofing,Category 07 - Thermal and Moisture Protection,07 50 00 Membrane Roofing
"PROJECT PROPOSAL: Material submittal for specialty antimicrobial paint for healthcare. Includes surface preparation, sanding and priming. Refer to per paint manufacturer technical data sheets.",09,Finishes,09 90 00,Painting and Coating,Category 09 - Finishes,09 90 00 Painting and Coating
Proposal for supply and application of intumescent fireproofing paint for structural steel for all interior walls and ceilings. Two coats finish over one coat primer on new drywall.,09,Finishes,09 90 00,Painting and Coating,Category 09 - Finishes,09 90 00 Painting and Coating
Material submittal for steel dumpster enclosure frame. Handrails to comply with ADA requirements. Refer to conforming to ASTM A36 for miscellaneous steel.,05,Metals,05 50 00,Metal Fabrications,Category 05 - Metals,05 50 00 Metal Fabrications
"Request for approval: roofing insulation tapered cricket system for use for low-slope roof area approximately 45,000 square feet. Insulation R-30 minimum per energy code, tapered for drainage. per FM Global and UL listed roof assembly.",07,Thermal and Moisture Protection,07 50 00,Membrane Roofing,Category 07 - Thermal and Moisture Protection,07 50 00 Membrane Roofing
Supply and install emergency and exit lighting with battery backup for exterior site and building-mounted lighting. Includes dimming drivers compatible with 0-10V control system. per project specification Section 26 50 00.,26,Electrical,26 50 00,Lighting,Category 26 - Electrical,26 50 00 Lighting
Request for approval: triple-glazed high-performance IGU for use for canopy and skylight overhead glazing. Glass thickness and type per structural analysis for wind loads. per ASTM C1048 for flat glass specifications.,08,Openings,08 80 00,Glazing,Category 08 - Openings,08 80 00 Glazing
SCOPE OF WORK DESCRIPTION: Subcontractor bid for surge protective device (SPD) panel-mounted. Location: for electrical room equipment installation. Equipment to be UL 891 listed and labeled.,26,Electrical,26 20 00,Low-Voltage Electrical Distribution,Category 26 - Electrical,26 20 00 Low-Voltage Electrical Distribution
Furnish and install equipment support steel framing as indicated on drawings and per ADA and local building code requirements. Field welds to be ground smooth and touch-up painted.,05,Metals,05 50 00,Metal Fabrications,Category 05 - Metals,05 50 00 Metal Fabrications
"Provide all labor, materials and equipment for slab edge forms and blockouts for cast-in-place concrete columns. per ACI 347 standards. Includes all bracing, wedges, and form oil.",03,Concrete,03 10 00,Concrete Forming and Accessories,Category 03 - Concrete,03 10 00 Concrete Forming and Accessories
Furnish and install copper building wire THHN/THWN various sizes as indicated on drawings and per NECA installation standards. As-built drawings required showing all concealed raceway routing.,26,Electrical,26 05 00,Common Work Results for Electrical,Category 26 - Electrical,26 05 00 Common Work Results for Electrical
BID ITEM: procurement and mounting of LED high-bay warehouse light fixtures including all necessary accessories and hardware. per project specification Section 26 50 00.,26,Electrical,26 50 00,Lighting,Category 26 - Electrical,26 50 00 Lighting
SCOPE OF WORK DESCRIPTION: procurement and installation of recirculating hot water pump system including all necessary accessories and hardware. per NSF/ANSI 61 for drinking water components.,22,Plumbing,22 30 00,Plumbing Equipment,Category 22 - Plumbing,22 30 00 Plumbing Equipment
Supply and install motor control center (MCC) with VFDs for tenant electrical metering and sub-distribution. Equipment to be UL 891 listed and labeled. per utility company service entrance requirements.,26,Electrical,26 20 00,Low-Voltage Electrical Distribution,Category 26 - Electrical,26 20 00 Low-Voltage Electrical Distribution
PROJECT PROPOSAL: Supply and install air-cooled scroll chiller 100-ton capacity for tenant space supplemental cooling. Factory startup and commissioning by manufacturer representative. per ASHRAE 90.1 minimum efficiency requirements.,23,HVAC,23 60 00,Central Cooling Equipment,Category 23 - HVAC,23 60 00 Central Cooling Equipment
"Subcontractor bid for electric resistance duct heater. Location: for mechanical room boiler plant. Includes gas piping, venting and combustion air provisions.",23,HVAC,23 70 00,Central Heating Equipment,Category 23 - HVAC,23 70 00 Central Heating Equipment
VENDOR SUBMITTAL: Subcontractor bid for steel pipe bollards with concrete fill. Location: miscellaneous metals throughout building. Field welds to be ground smooth and touch-up painted.,05,Metals,05 50 00,Metal Fabrications,Category 05 - Metals,05 50 00 Metal Fabrications
This submittal covers the supply and installation of copper Type L water supply piping and fittings for sanitary sewer and storm drain piping. All work to comply with per project specification Section 22 10 00. Piping to be pressure tested at 1.5x operating pressure.,22,Plumbing,22 10 00,Plumbing Piping and Pumps,Category 22 - Plumbing,22 10 00 Plumbing Piping and Pumps
This submittal covers the furnishing and pulling of firestopping for electrical penetrations for underground electrical duct bank to building. All work to comply with per NECA installation standards. Conduit fill not to exceed 40% per NEC Chapter 9.,26,Electrical,26 05 00,Common Work Results for Electrical,Category 26 - Electrical,26 05 00 Common Work Results for Electrical
Quotation for galvanized corrugated steel decking for parking garage composite deck system. Deck to be Vulcraft or approved equal. conforming to ASTM A653 galvanized steel.,05,Metals,05 30 00,Metal Decking,Category 05 - Metals,05 30 00 Metal Decking
"Subcontractor bid for dry-type transformer 75 kVA 480V to 208/120V. Location: for emergency and standby power system. Includes circuit breakers, fuses and all internal components.",26,Electrical,26 20 00,Low-Voltage Electrical Distribution,Category 26 - Electrical,26 20 00 Low-Voltage Electrical Distribution
Scope of work includes procurement and mounting of LED recessed troffer light fixtures 2x4 for interior lighting per reflected ceiling plan. Lighting controls to include occupancy sensors per energy code.,26,Electrical,26 50 00,Lighting,Category 26 - Electrical,26 50 00 Lighting
"Quotation for zinc-rich primer for corrosion protection for millwork, casework and trim. Touch-up painting at all trades damage at project completion. per MPI (Master Painters Institute) standards.",09,Finishes,09 90 00,Painting and Coating,Category 09 - Finishes,09 90 00 Painting and Coating
"Scope of work includes supply and installation of access doors and panels flush-mounted for mechanical and electrical room access. Hardware to include lever handles, closers, and hinges per hardware schedule.",08,Openings,08 10 00,Doors and Frames,Category 08 - Openings,08 10 00 Doors and Frames
"Furnish and install form release agent and accessories as indicated on drawings and per structural engineer approved shop drawings. Includes all bracing, wedges, and form oil.",03,Concrete,03 10 00,Concrete Forming and Accessories,Category 03 - Concrete,03 10 00 Concrete Forming and Accessories
"Quotation for aluminum gang forming system for basement foundation walls. Includes all bracing, wedges, and form oil. per structural engineer approved shop drawings.",03,Concrete,03 10 00,Concrete Forming and Accessories,Category 03 - Concrete,03 10 00 Concrete Forming and Accessories
installation of roof walkway pads and protection mats including all necessary accessories and hardware. per project specification Section 07 50 00.,07,Thermal and Moisture Protection,07 50 00,Membrane Roofing,Category 07 - Thermal and Moisture Protection,07 50 00 Membrane Roofing
"This submittal covers the procurement and installation of commercial gas-fired water heater 100-gallon for kitchen grease waste management. All work to comply with per ASME Boiler and Pressure Vessel Code. Equipment includes mounting, piping connections and startup.",22,Plumbing,22 30 00,Plumbing Equipment,Category 22 - Plumbing,22 30 00 Plumbing Equipment
Furnish and install supply air diffusers and return air grilles as indicated on drawings and per ASHRAE 90.1 duct insulation requirements. Ductwork fabricated per SMACNA standards.,23,HVAC,23 30 00,HVAC Air Distribution,Category 23 - HVAC,23 30 00 HVAC Air Distribution
PROJECT PROPOSAL: Furnish and install curved gypsum board soffits and bulkheads as indicated on drawings and per GA (Gypsum Association) Fire Resistance Design Manual. Corner bead at all exposed edges and reveals.,09,Finishes,09 20 00,Plaster and Gypsum Board,Category 09 - Finishes,09 20 00 Plaster and Gypsum Board
Vendor submittal: drinking fountain / bottle filler combo unit. ADA fixtures mounted at heights per accessibility code. per ASME A112.19.2 for vitreous china fixtures.,22,Plumbing,22 40 00,Plumbing Fixtures,Category 22 - Plumbing,22 40 00 Plumbing Fixtures
RE: Metal Fabrications – Supply and install galvanized steel shelf angles for masonry for equipment pads and roof penetration supports. Field welds to be ground smooth and touch-up painted. per architectural detail drawings.,05,Metals,05 50 00,Metal Fabrications,Category 05 - Metals,05 50 00 Metal Fabrications
"RE: Painting and Coating – Material submittal for zinc-rich primer for corrosion protection. Includes surface preparation, sanding and priming. Refer to per paint manufacturer technical data sheets.",09,Finishes,09 90 00,Painting and Coating,Category 09 - Finishes,09 90 00 Painting and Coating
Subject: Material Submittal – Vendor submittal: epoxy resin flooring for commercial kitchen. Base: 4-inch rubber or tile cove base at all walls. per TCNA Handbook for tile installations.,09,Finishes,09 60 00,Flooring,Category 09 - Finishes,09 60 00 Flooring
"Scope of work includes fabrication and installation of ductwork insulation wrap and lining for commercial kitchen ventilation system. Includes all hangers, supports and seismic bracing per code.",23,HVAC,23 30 00,HVAC Air Distribution,Category 23 - HVAC,23 30 00 HVAC Air Distribution
application of foam board insulation for slab edge including all necessary accessories and hardware. per project specification Section 07 20 00.,07,Thermal and Moisture Protection,07 20 00,Thermal Insulation,Category 07 - Thermal and Moisture Protection,07 20 00 Thermal Insulation
RE: Cast-in-Place Concrete – Material submittal for exposed aggregate decorative concrete. Water-to-cement ratio not to exceed 0.45. Refer to per project specification Section 03 30 00.,03,Concrete,03 30 00,Cast-in-Place Concrete,Category 03 - Concrete,03 30 00 Cast-in-Place Concrete
Scope of work includes supply and installation of solid core wood doors with hardware for interior and exterior door openings per door schedule. Fire-rated assemblies with UL listed label.,08,Openings,08 10 00,Doors and Frames,Category 08 - Openings,08 10 00 Doors and Frames
Subject: Material Submittal – Request for approval: main electrical switchboard 2000A 480/277V for use for building power distribution infrastructure. Load bank testing and startup by factory technician. per NFPA 110 for emergency power systems.,26,Electrical,26 20 00,Low-Voltage Electrical Distribution,Category 26 - Electrical,26 20 00 Low-Voltage Electrical Distribution
"This submittal covers the supply and erection of steel pipe bollards with concrete fill at stairwells, mechanical rooms and roof. All work to comply with per project specification Section 05 50 00. All exposed steel to be hot-dip galvanized after fabrication.",05,Metals,05 50 00,Metal Fabrications,Category 05 - Metals,05 50 00 Metal Fabrications
Subject: Material Submittal – Request for approval: hot-rolled steel I-beams for floor framing for use for loading dock steel structure. High-strength bolts A325 for all connections. per project specification Section 05 10 00.,05,Metals,05 10 00,Structural Metal Framing,Category 05 - Metals,05 10 00 Structural Metal Framing
This submittal covers the fabrication and installation of ornamental steel railing and balusters for building perimeter bollard protection. All work to comply with conforming to ASTM A36 for miscellaneous steel. Handrails to comply with ADA requirements.,05,Metals,05 50 00,Metal Fabrications,Category 05 - Metals,05 50 00 Metal Fabrications
Material submittal for parking garage LED fixtures with daylight sensor. Lighting controls to include occupancy sensors per energy code. Refer to per IES recommended lighting levels for occupancy type.,26,Electrical,26 50 00,Lighting,Category 26 - Electrical,26 50 00 Lighting
"Quotation for vegetated green roof assembly with drainage mat for roof replacement over existing building. Insulation R-30 minimum per energy code, tapered for drainage. per project specification Section 07 50 00.",07,Thermal and Moisture Protection,07 50 00,Membrane Roofing,Category 07 - Thermal and Moisture Protection,07 50 00 Membrane Roofing
RE: Concrete Reinforcing – Material submittal for reinforcing bar couplers (mechanical splices). Lap splices per ACI 318 development length requirements. Refer to in accordance with Section 03 20 00.,03,Concrete,03 20 00,Concrete Reinforcing,Category 03 - Concrete,03 20 00 Concrete Reinforcing
"Proposal for fabrication and installation of ornamental steel railing and balusters at stairwells, mechanical rooms and roof. All exposed steel to be hot-dip galvanized after fabrication.",05,Metals,05 50 00,Metal Fabrications,Category 05 - Metals,05 50 00 Metal Fabrications
This submittal covers the supply and installation of spandrel glass panels with ceramic frit for canopy and skylight overhead glazing. All work to comply with per project specification Section 08 80 00. Mock-up panel required for architect approval before production.,08,Openings,08 80 00,Glazing,Category 08 - Openings,08 80 00 Glazing
"Subcontractor bid for steel stair stringers, treads and handrails. Location: miscellaneous metals throughout building. All exposed steel to be hot-dip galvanized after fabrication.",05,Metals,05 50 00,Metal Fabrications,Category 05 - Metals,05 50 00 Metal Fabrications
"BID ITEM: Provide all labor, materials and equipment for ornamental steel railing and balusters for interior and exterior metal railings. per project specification Section 05 50 00. Steel to be shop-primed with rust-inhibitive primer.",05,Metals,05 50 00,Metal Fabrications,Category 05 - Metals,05 50 00 Metal Fabrications
RE: Structural Metal Framing – Subcontractor bid for steel braced frame lateral system. Location: for mezzanine floor framing. All connections per AISC standards and structural drawings.,05,Metals,05 10 00,Structural Metal Framing,Category 05 - Metals,05 10 00 Structural Metal Framing
Material submittal for air-cooled scroll chiller 100-ton capacity. Unit to be high-efficiency with minimum 14 SEER rating. Refer to per ASHRAE 90.1 minimum efficiency requirements.,23,HVAC,23 60 00,Central Cooling Equipment,Category 23 - HVAC,23 60 00 Central Cooling Equipment
Request for approval: steam-to-hot-water heat exchanger for use for warehouse and loading dock space heating. Controls integrated with building automation system (BAS). per AHRI certified heating capacity ratings.,23,HVAC,23 70 00,Central Heating Equipment,Category 23 - HVAC,23 70 00 Central Heating Equipment
"Provide all labor, materials and equipment for curtain wall window system unitized for hospital patient room exterior windows. per approved window schedule and shop drawings. U-factor 0.30 maximum, SHGC 0.25 maximum per energy code.",08,Openings,08 50 00,Windows,Category 08 - Openings,08 50 00 Windows
Scope of work includes installation of insulating concrete forms (ICF) for foundation walls and footings. Allow for three reuses of formwork panels.,03,Concrete,03 10 00,Concrete Forming and Accessories,Category 03 - Concrete,03 10 00 Concrete Forming and Accessories
"Provide all labor, materials and equipment for acoustic sound-rated door assemblies STC 45 for interior and exterior door openings per door schedule. conforming to SDI (Steel Door Institute) standards. Frames to be set and grouted plumb and square.",08,Openings,08 10 00,Doors and Frames,Category 08 - Openings,08 10 00 Doors and Frames
Request for approval: impact-resistant hurricane windows for use for residential tower window replacement. Color: clear anodized aluminum or custom RAL color. per approved window schedule and shop drawings.,08,Openings,08 50 00,Windows,Category 08 - Openings,08 50 00 Windows
Proposal for placement and finishing of fiber-reinforced concrete (FRC) for slab on grade for slab-on-grade in warehouse area. Portland cement Type I/II with 3/4 inch maximum aggregate.,03,Concrete,03 30 00,Cast-in-Place Concrete,Category 03 - Concrete,03 30 00 Cast-in-Place Concrete
Request for approval: kitchen exhaust hood and duct system for use for rooftop air handling unit connections. Duct leakage testing per SMACNA Class A seal requirement. per ASHRAE 90.1 duct insulation requirements.,23,HVAC,23 30 00,HVAC Air Distribution,Category 23 - HVAC,23 30 00 HVAC Air Distribution
Proposal for furnishing and installing of rigid XPS foam insulation board 2-inch thick for roof insulation above deck. R-value verified by third-party testing per ASTM C518.,07,Thermal and Moisture Protection,07 20 00,Thermal Insulation,Category 07 - Thermal and Moisture Protection,07 20 00 Thermal Insulation
"Subject: Material Submittal – Quotation for luxury vinyl plank (LVP) flooring click-lock system for lobby, corridors and common areas. Transition strips at all flooring material changes. per manufacturer installation instructions.",09,Finishes,09 60 00,Flooring,Category 09 - Finishes,09 60 00 Flooring
"RE: Concrete Reinforcing – This submittal covers the supply and installation of stainless steel reinforcement for corrosive environments for parking structure post-tensioned slabs. All work to comply with in accordance with Section 03 20 00. Minimum concrete cover 3 inches for footings, 1.5 inches for slabs.",03,Concrete,03 20 00,Concrete Reinforcing,Category 03 - Concrete,03 20 00 Concrete Reinforcing
This submittal covers the supply and installation of bird-friendly fritted glass panels for fire-rated glazing at rated corridors. All work to comply with per project specification Section 08 80 00. Mock-up panel required for architect approval before production.,08,Openings,08 80 00,Glazing,Category 08 - Openings,08 80 00 Glazing
BID ITEM: This submittal covers the furnishing and setting of emergency eyewash and shower station for public restrooms per fixture schedule. All work to comply with per plumbing fixture schedule on drawings. Chrome-plated brass faucets with ceramic disc cartridge.,22,Plumbing,22 40 00,Plumbing Fixtures,Category 22 - Plumbing,22 40 00 Plumbing Fixtures
Scope of work includes procurement and mounting of LED strip lighting for cove and accent for exterior site and building-mounted lighting. Emergency fixtures with 90-minute battery backup per code.,26,Electrical,26 50 00,Lighting,Category 26 - Electrical,26 50 00 Lighting
"Request for approval: exposed aggregate decorative concrete for use for building foundations and footings. Finish to be steel trowel for interior slabs, broom finish for exterior. per project specification Section 03 30 00.",03,Concrete,03 30 00,Cast-in-Place Concrete,Category 03 - Concrete,03 30 00 Cast-in-Place Concrete
"RE: Metal Fabrications – This submittal covers the shop fabrication and field installation of steel pipe bollards with concrete fill at stairwells, mechanical rooms and roof. All work to comply with per architectural detail drawings. Includes all anchors, fasteners and connection hardware.",05,Metals,05 50 00,Metal Fabrications,Category 05 - Metals,05 50 00 Metal Fabrications
This submittal covers the delivery and installation of wall-mounted urinal with flush valve for commercial kitchen and break rooms. All work to comply with per plumbing fixture schedule on drawings. Fixtures to be white vitreous china unless noted otherwise.,22,Plumbing,22 40 00,Plumbing Fixtures,Category 22 - Plumbing,22 40 00 Plumbing Fixtures
Vendor submittal: infrared radiant tube heater for garage. Boiler efficiency exceeds ASHRAE 90.1 minimum requirement. per ASME Boiler and Pressure Vessel Code for boilers.,23,HVAC,23 70 00,Central Heating Equipment,Category 23 - HVAC,23 70 00 Central Heating Equipment
Request for approval: LED high-bay warehouse light fixtures for use for parking garage and canopy lighting. Includes dimming drivers compatible with 0-10V control system. per DesignLights Consortium (DLC) qualified products list.,26,Electrical,26 50 00,Lighting,Category 26 - Electrical,26 50 00 Lighting
Furnish and install rigid XPS foam insulation board 2-inch thick as indicated on drawings and per manufacturer technical data and installation guide. R-value verified by third-party testing per ASTM C518.,07,Thermal and Moisture Protection,07 20 00,Thermal Insulation,Category 07 - Thermal and Moisture Protection,07 20 00 Thermal Insulation
"Vendor submittal: PEX flexible water supply tubing. Pipe connections: soldered for copper, solvent welded for PVC. per project specification Section 22 10 00.",22,Plumbing,22 10 00,Plumbing Piping and Pumps,Category 22 - Plumbing,22 10 00 Plumbing Piping and Pumps
"Subject: Material Submittal – Vendor submittal: form release agent and accessories. Includes form stripping, cleaning, and concrete surface patching. per structural engineer approved shop drawings.",03,Concrete,03 10 00,Concrete Forming and Accessories,Category 03 - Concrete,03 10 00 Concrete Forming and Accessories
"Subject: Material Submittal – Proposal for installation of shaft wall liner and C-H stud system for fire-rated corridor and stairwell assemblies. Metal studs at 16 inches on center, bridging at mid-height.",09,Finishes,09 20 00,Plaster and Gypsum Board,Category 09 - Finishes,09 20 00 Plaster and Gypsum Board
Proposal for delivery and installation of hollow metal door frames 16-gauge welded for interior and exterior door openings per door schedule. Fire-rated assemblies with UL listed label.,08,Openings,08 10 00,Doors and Frames,Category 08 - Openings,08 10 00 Doors and Frames
"Provide all labor, materials and equipment for structural steel canopy framing for steel canopy at building entrance. per project specification Section 05 10 00. Material per ASTM A992 Grade 50 for wide flanges.",05,Metals,05 10 00,Structural Metal Framing,Category 05 - Metals,05 10 00 Structural Metal Framing
Material submittal for steel ladder and safety cage. Handrails to comply with ADA requirements. Refer to per architectural detail drawings.,05,Metals,05 50 00,Metal Fabrications,Category 05 - Metals,05 50 00 Metal Fabrications
Subject: Material Submittal – Quotation for water softener and treatment system for below-grade sewage ejection system. Unit to be seismic-rated for installation zone. per ASME Boiler and Pressure Vessel Code.,22,Plumbing,22 30 00,Plumbing Equipment,Category 22 - Plumbing,22 30 00 Plumbing Equipment
Supply and install wired glass for fire-rated openings for curtain wall and storefront glazing systems. Glass to meet ANSI Z97.1 safety glazing requirements. per IGCC standards for insulating glass.,08,Openings,08 80 00,Glazing,Category 08 - Openings,08 80 00 Glazing
"RE: Concrete Forming and Accessories – Furnish and install slab edge forms and blockouts as indicated on drawings and per structural engineer approved shop drawings. Plywood grade B-B, minimum 3/4 inch thick.",03,Concrete,03 10 00,Concrete Forming and Accessories,Category 03 - Concrete,03 10 00 Concrete Forming and Accessories
"Request for approval: wire connectors, lugs and termination kits for use for grounding electrode system per NEC. All wiring and raceway per National Electrical Code (NEC). per NEC (NFPA 70) National Electrical Code.",26,Electrical,26 05 00,Common Work Results for Electrical,Category 26 - Electrical,26 05 00 Common Work Results for Electrical
Subject: Material Submittal – supply and installation of blast-resistant security window assemblies including all necessary accessories and hardware. per approved window schedule and shop drawings.,08,Openings,08 50 00,Windows,Category 08 - Openings,08 50 00 Windows
"Furnish and install mop basin (service sink) floor-mounted as indicated on drawings and per project specification Section 22 40 00. Includes all trim, supplies, stops and connection fittings.",22,Plumbing,22 40 00,Plumbing Fixtures,Category 22 - Plumbing,22 40 00 Plumbing Fixtures
Furnish and install underground PVC electrical conduit duct bank as indicated on drawings and per project specification Section 26 05 00. All wiring and raceway per National Electrical Code (NEC).,26,Electrical,26 05 00,Common Work Results for Electrical,Category 26 - Electrical,26 05 00 Common Work Results for Electrical
"Provide all labor, materials and equipment for exposed aggregate decorative concrete for elevated concrete slabs at all levels. conforming to ASTM C94 ready-mixed concrete standard. Finish to be steel trowel for interior slabs, broom finish for exterior.",03,Concrete,03 30 00,Cast-in-Place Concrete,Category 03 - Concrete,03 30 00 Cast-in-Place Concrete
Scope of work includes installation of grounding and bonding system with ground rods for underground electrical duct bank to building. As-built drawings required showing all concealed raceway routing.,26,Electrical,26 05 00,Common Work Results for Electrical,Category 26 - Electrical,26 05 00 Common Work Results for Electrical
"RE: Low-Voltage Electrical Distribution – Quotation for diesel emergency standby generator 500 kW for emergency and standby power system. Includes circuit breakers, fuses and all internal components. per utility company service entrance requirements.",26,Electrical,26 20 00,Low-Voltage Electrical Distribution,Category 26 - Electrical,26 20 00 Low-Voltage Electrical Distribution
"Material submittal for domestic water booster pump station. Includes all valves, supports, hangers and seismic bracing. Refer to per local plumbing code and health department requirements.",22,Plumbing,22 10 00,Plumbing Piping and Pumps,Category 22 - Plumbing,22 10 00 Plumbing Piping and Pumps
"SCOPE OF WORK DESCRIPTION: Material submittal for electrical junction boxes, pull boxes and fittings. Wire pulled with approved lubricant, no damage to insulation. Refer to per NECA installation standards.",26,Electrical,26 05 00,Common Work Results for Electrical,Category 26 - Electrical,26 05 00 Common Work Results for Electrical
"Subcontractor bid for steel security doors with electronic hardware. Location: for warehouse and loading dock openings. Includes all weatherstripping, thresholds and smoke seals.",08,Openings,08 10 00,Doors and Frames,Category 08 - Openings,08 10 00 Doors and Frames
Supply and install polyiso rigid insulation for roof assembly for exterior wall cavities and stud bays. Includes vapor retarder on warm side of assembly. per ASHRAE 90.1 energy code requirements.,07,Thermal and Moisture Protection,07 20 00,Thermal Insulation,Category 07 - Thermal and Moisture Protection,07 20 00 Thermal Insulation
VENDOR SUBMITTAL: Request for approval: metal roof deck 1.5-inch Type B 22 gauge for use for composite floor system at all elevated levels. Minimum bearing length 2 inches on structural steel supports. per composite design per AISC 360 Chapter I.,05,Metals,05 30 00,Metal Decking,Category 05 - Metals,05 30 00 Metal Decking
"Request for approval: carpet tile modular 24x24 with adhesive for use for lobby, corridors and common areas. Adhesive to be low-VOC per LEED IEQ requirements. per project specification Section 09 60 00.",09,Finishes,09 60 00,Flooring,Category 09 - Finishes,09 60 00 Flooring
"Scope of work includes furnishing and pulling of electrical junction boxes, pull boxes and fittings for grounding electrode system per NEC. Wire pulled with approved lubricant, no damage to insulation.",26,Electrical,26 05 00,Common Work Results for Electrical,Category 26 - Electrical,26 05 00 Common Work Results for Electrical
"VENDOR SUBMITTAL: Provide all labor, materials and equipment for underground PVC electrical conduit duct bank for underground electrical duct bank to building. per project specification Section 26 05 00. As-built drawings required showing all concealed raceway routing.",26,Electrical,26 05 00,Common Work Results for Electrical,Category 26 - Electrical,26 05 00 Common Work Results for Electrical
Supply and install galvanized corrugated steel decking for mezzanine floor deck. Deck to be welded to supports at 12 inches on center. per SDI (Steel Deck Institute) standards.,05,Metals,05 30 00,Metal Decking,Category 05 - Metals,05 30 00 Metal Decking
"Material submittal for foundation footing formwork. Includes form stripping, cleaning, and concrete surface patching. Refer to per structural engineer approved shop drawings.",03,Concrete,03 10 00,Concrete Forming and Accessories,Category 03 - Concrete,03 10 00 Concrete Forming and Accessories
Scope of work includes procurement and installation of condensing high-efficiency boiler 95% AFUE for perimeter heating at exterior walls. Factory startup required by manufacturer certified technician.,23,HVAC,23 70 00,Central Heating Equipment,Category 23 - HVAC,23 70 00 Central Heating Equipment
Supply and install steel panel forms for walls for cast-in-place concrete columns. Snap ties at 24 inches on center both ways. conforming to OSHA shoring requirements.,03,Concrete,03 10 00,Concrete Forming and Accessories,Category 03 - Concrete,03 10 00 Concrete Forming and Accessories
"Quotation for impact-resistant hurricane windows for hospital patient room exterior windows. Includes all sealants, flashing and perimeter caulking. per project specification Section 08 50 00.",08,Openings,08 50 00,Windows,Category 08 - Openings,08 50 00 Windows
PROJECT PROPOSAL: furnishing and installing of rigid XPS foam insulation board 2-inch thick including all necessary accessories and hardware. conforming to local energy conservation code.,07,Thermal and Moisture Protection,07 20 00,Thermal Insulation,Category 07 - Thermal and Moisture Protection,07 20 00 Thermal Insulation
BID ITEM: Request for approval: cable tray system ladder type with covers for use for underground electrical duct bank to building. All wiring and raceway per National Electrical Code (NEC). per UL listed materials and components.,26,Electrical,26 05 00,Common Work Results for Electrical,Category 26 - Electrical,26 05 00 Common Work Results for Electrical
"Vendor submittal: structural steel canopy framing. Includes shop drawings, erection drawings and mill certificates. per structural engineer sealed shop drawings.",05,Metals,05 10 00,Structural Metal Framing,Category 05 - Metals,05 10 00 Structural Metal Framing
"SCOPE OF WORK DESCRIPTION: Proposal for supply and placement of concrete placement and finishing for foundations for building foundations and footings. Includes concrete testing: slump, air content, cylinders per ACI 301.",03,Concrete,03 30 00,Cast-in-Place Concrete,Category 03 - Concrete,03 30 00 Cast-in-Place Concrete
"Quotation for PVC DWV drain, waste and vent piping for building domestic water distribution system. Pipe connections: soldered for copper, solvent welded for PVC. per project specification Section 22 10 00.",22,Plumbing,22 10 00,Plumbing Piping and Pumps,Category 22 - Plumbing,22 10 00 Plumbing Piping and Pumps
This submittal covers the supply and installation of acoustic insulation for interior partitions for mechanical room pipe and duct insulation. All work to comply with conforming to local energy conservation code. R-value verified by third-party testing per ASTM C518.,07,Thermal and Moisture Protection,07 20 00,Thermal Insulation,Category 07 - Thermal and Moisture Protection,07 20 00 Thermal Insulation
"Subcontractor bid for hydronic baseboard fin-tube radiation heater. Location: for perimeter heating at exterior walls. Includes gas piping, venting and combustion air provisions.",23,HVAC,23 70 00,Central Heating Equipment,Category 23 - HVAC,23 70 00 Central Heating Equipment
Scope of work includes installation of crystalline waterproofing admixture for concrete for occupied basement and parking levels. Includes protection board and drainage composite.,07,Thermal and Moisture Protection,07 10 00,Dampproofing and Waterproofing,Category 07 - Thermal and Moisture Protection,07 10 00 Dampproofing and Waterproofing
PROJECT PROPOSAL: Scope of work includes supply and installation of electric resistance duct heater for mechanical room boiler plant. Controls integrated with building automation system (BAS).,23,HVAC,23 70 00,Central Heating Equipment,Category 23 - HVAC,23 70 00 Central Heating Equipment
Subcontractor bid for chilled water air handler unit (AHU) with economizer. Location: for tenant space supplemental cooling. Factory startup and commissioning by manufacturer representative.,23,HVAC,23 60 00,Central Cooling Equipment,Category 23 - HVAC,23 60 00 Central Cooling Equipment
Scope of work includes supply and installation of steel braced frame lateral system for lateral bracing system per seismic design. Includes crane and rigging for steel erection.,05,Metals,05 10 00,Structural Metal Framing,Category 05 - Metals,05 10 00 Structural Metal Framing
Request for approval: 4000 PSI ready-mix structural concrete for use for slab-on-grade in warehouse area. Water-to-cement ratio not to exceed 0.45. per approved concrete mix design.,03,Concrete,03 30 00,Cast-in-Place Concrete,Category 03 - Concrete,03 30 00 Cast-in-Place Concrete
PROJECT PROPOSAL: Quotation for roof walkway pads and protection mats for roof replacement over existing building. Membrane to be mechanically fastened or fully adhered per wind uplift. per manufacturer approved applicator installation manual.,07,Thermal and Moisture Protection,07 50 00,Membrane Roofing,Category 07 - Thermal and Moisture Protection,07 50 00 Membrane Roofing
Material submittal for motor control center (MCC) with VFDs. Equipment to be UL 891 listed and labeled. Refer to per NEC Article 230 (Services) and 240 (Overcurrent Protection).,26,Electrical,26 20 00,Low-Voltage Electrical Distribution,Category 26 - Electrical,26 20 00 Low-Voltage Electrical Distribution
Subject: Material Submittal – Request for approval: exterior LED wall pack and pole-mounted fixtures for use for warehouse and industrial high-bay areas. Lighting controls to include occupancy sensors per energy code. per DesignLights Consortium (DLC) qualified products list.,26,Electrical,26 50 00,Lighting,Category 26 - Electrical,26 50 00 Lighting
VENDOR SUBMITTAL: furnishing and setting of janitor closet plumbing fixtures including all necessary accessories and hardware. per plumbing fixture schedule on drawings.,22,Plumbing,22 40 00,Plumbing Fixtures,Category 22 - Plumbing,22 40 00 Plumbing Fixtures
PROJECT PROPOSAL: Request for approval: fire-rated glazing assemblies 60-minute for use for interior glass partitions and sidelights. Glass to meet ANSI Z97.1 safety glazing requirements. per IGCC standards for insulating glass.,08,Openings,08 80 00,Glazing,Category 08 - Openings,08 80 00 Glazing
"This submittal covers the furnishing and pulling of electrical junction boxes, pull boxes and fittings for underground electrical duct bank to building. All work to comply with per NEC (NFPA 70) National Electrical Code. Includes all supports, straps and seismic bracing.",26,Electrical,26 05 00,Common Work Results for Electrical,Category 26 - Electrical,26 05 00 Common Work Results for Electrical
Subject: Material Submittal – Scope of work includes installation of spray-applied polyurethane foam insulation (SPF) for exterior wall cavities and stud bays. Fire rating: Class A flame spread per ASTM E84.,07,Thermal and Moisture Protection,07 20 00,Thermal Insulation,Category 07 - Thermal and Moisture Protection,07 20 00 Thermal Insulation
Supply and install mini-split ductless air conditioning system for office building comfort cooling. Vibration isolation pads and curb adapter included. per AHRI certified performance ratings.,23,HVAC,23 60 00,Central Cooling Equipment,Category 23 - HVAC,23 60 00 Central Cooling Equipment
VENDOR SUBMITTAL: Material submittal for mini-split ductless air conditioning system. Unit to be high-efficiency with minimum 14 SEER rating. Refer to per mechanical schedule on drawings.,23,HVAC,23 60 00,Central Cooling Equipment,Category 23 - HVAC,23 60 00 Central Cooling Equipment
BID ITEM: Subcontractor bid for 1-inch insulated glazing units (IGU) Low-E coated. Location: for canopy and skylight overhead glazing. Mock-up panel required for architect approval before production.,08,Openings,08 80 00,Glazing,Category 08 - Openings,08 80 00 Glazing
VENDOR SUBMITTAL: Request for approval: LED recessed troffer light fixtures 2x4 for use for interior lighting per reflected ceiling plan. Emergency fixtures with 90-minute battery backup per code. per project specification Section 26 50 00.,26,Electrical,26 50 00,Lighting,Category 26 - Electrical,26 50 00 Lighting
Scope of work includes delivery and installation of composite metal floor deck 3-inch 20 gauge for metal building roof deck replacement. Deck to be Vulcraft or approved equal.,05,Metals,05 30 00,Metal Decking,Category 05 - Metals,05 30 00 Metal Decking
Furnish and install hardwood oak strip flooring 3/4-inch solid as indicated on drawings and per project specification Section 09 60 00. Adhesive to be low-VOC per LEED IEQ requirements.,09,Finishes,09 60 00,Flooring,Category 09 - Finishes,09 60 00 Flooring
PROJECT PROPOSAL: Subcontractor bid for exposed aggregate decorative concrete. Location: for elevated concrete slabs at all levels. Concrete to be cured with wet burlap and plastic sheeting for 7 days.,03,Concrete,03 30 00,Cast-in-Place Concrete,Category 03 - Concrete,03 30 00 Cast-in-Place Concrete
Scope of work includes furnishing and setting of triple-glazed high-performance IGU for curtain wall and storefront glazing systems. Insulated units with warm-edge spacer and argon gas fill.,08,Openings,08 80 00,Glazing,Category 08 - Openings,08 80 00 Glazing
Material submittal for lightweight concrete for elevated slabs. Portland cement Type I/II with 3/4 inch maximum aggregate. Refer to per ACI 318 and ACI 301 specifications.,03,Concrete,03 30 00,Cast-in-Place Concrete,Category 03 - Concrete,03 30 00 Cast-in-Place Concrete
"Provide all labor, materials and equipment for blast-resistant security window assemblies for hospital patient room exterior windows. per AAMA/WDMA/CSA 101 performance standards. U-factor 0.30 maximum, SHGC 0.25 maximum per energy code.",08,Openings,08 50 00,Windows,Category 08 - Openings,08 50 00 Windows
"Supply and install steel stair stringers, treads and handrails at stairwells, mechanical rooms and roof. Steel to be shop-primed with rust-inhibitive primer. per architectural detail drawings.",05,Metals,05 50 00,Metal Fabrications,Category 05 - Metals,05 50 00 Metal Fabrications
Scope of work includes delivery and installation of cellular metal floor deck for electrical raceway for composite floor system at all elevated levels. Deck to be Vulcraft or approved equal.,05,Metals,05 30 00,Metal Decking,Category 05 - Metals,05 30 00 Metal Decking
BID ITEM: Proposal for supply and installation of 1-inch insulated glazing units (IGU) Low-E coated for building lobby and atrium glazing. Includes structural silicone sealant for wet glazing.,08,Openings,08 80 00,Glazing,Category 08 - Openings,08 80 00 Glazing
"SCOPE OF WORK DESCRIPTION: Provide all labor, materials and equipment for dimming lighting control system with occupancy sensors for exterior site and building-mounted lighting. per DesignLights Consortium (DLC) qualified products list. Color temperature: 4000K for offices, 3000K for corridors.",26,Electrical,26 50 00,Lighting,Category 26 - Electrical,26 50 00 Lighting
"Request for approval: steel dumpster enclosure frame for use at stairwells, mechanical rooms and roof. All exposed steel to be hot-dip galvanized after fabrication. conforming to ASTM A36 for miscellaneous steel.",05,Metals,05 50 00,Metal Fabrications,Category 05 - Metals,05 50 00 Metal Fabrications
PROJECT PROPOSAL: Vendor submittal: duct-mounted fire and smoke dampers. Ductwork fabricated per SMACNA standards. per mechanical drawings and duct layout schedule.,23,HVAC,23 30 00,HVAC Air Distribution,Category 23 - HVAC,23 30 00 HVAC Air Distribution
RE: Central Cooling Equipment – This submittal covers the furnishing and commissioning of computer room precision cooling unit (CRAC/CRAH) for building central cooling plant. All work to comply with per mechanical schedule on drawings. Vibration isolation pads and curb adapter included.,23,HVAC,23 60 00,Central Cooling Equipment,Category 23 - HVAC,23 60 00 Central Cooling Equipment
Subcontractor bid for LED strip lighting for cove and accent. Location: for parking garage and canopy lighting. Lighting controls to include occupancy sensors per energy code.,26,Electrical,26 50 00,Lighting,Category 26 - Electrical,26 50 00 Lighting
BID ITEM: This submittal covers the painting of interior latex paint (2 coats) over primer for exterior building facade and soffits. All work to comply with per MPI (Master Painters Institute) standards. Colors per architect-selected paint schedule.,09,Finishes,09 90 00,Painting and Coating,Category 09 - Finishes,09 90 00 Painting and Coating
Subject: Material Submittal – This submittal covers the installation of below-grade bituminous waterproofing membrane for plaza deck over occupied space. All work to comply with per ASTM D6153 for liquid-applied waterproofing. Includes protection board and drainage composite.,07,Thermal and Moisture Protection,07 10 00,Dampproofing and Waterproofing,Category 07 - Thermal and Moisture Protection,07 10 00 Dampproofing and Waterproofing
VENDOR SUBMITTAL: Furnish and install packaged rooftop air conditioning unit 25-ton as indicated on drawings and per project specification Section 23 60 00. Controls: BACnet compatible DDC for building automation integration.,23,HVAC,23 60 00,Central Cooling Equipment,Category 23 - HVAC,23 60 00 Central Cooling Equipment
"Material submittal for galvanized corrugated steel decking. Includes all side laps, end laps, and pour stop angles. Refer to per composite design per AISC 360 Chapter I.",05,Metals,05 30 00,Metal Decking,Category 05 - Metals,05 30 00 Metal Decking
PROJECT PROPOSAL: Vendor submittal: aluminum awning windows with screens. Glazing to be dual-pane insulated Low-E argon-filled. per AAMA/WDMA/CSA 101 performance standards.,08,Openings,08 50 00,Windows,Category 08 - Openings,08 50 00 Windows
"Scope of work includes supply and installation of electrical junction boxes, pull boxes and fittings for underground electrical duct bank to building. As-built drawings required showing all concealed raceway routing.",26,Electrical,26 05 00,Common Work Results for Electrical,Category 26 - Electrical,26 05 00 Common Work Results for Electrical
"Proposal for furnishing and piping of cast iron no-hub soil pipe and fittings for building domestic water distribution system. Includes core drilling, firestopping and sleeve installation.",22,Plumbing,22 10 00,Plumbing Piping and Pumps,Category 22 - Plumbing,22 10 00 Plumbing Piping and Pumps
supply and installation of seismic bracing for electrical equipment including all necessary accessories and hardware. per NECA installation standards.,26,Electrical,26 05 00,Common Work Results for Electrical,Category 26 - Electrical,26 05 00 Common Work Results for Electrical
PROJECT PROPOSAL: surface preparation and coating of wood stain and polyurethane finish for millwork including all necessary accessories and hardware. per project specification Section 09 90 00.,09,Finishes,09 90 00,Painting and Coating,Category 09 - Finishes,09 90 00 Painting and Coating
"This submittal covers the furnishing and piping of copper Type L water supply piping and fittings for roof drain piping and overflow system. All work to comply with per Uniform Plumbing Code (UPC). Includes all valves, supports, hangers and seismic bracing.",22,Plumbing,22 10 00,Plumbing Piping and Pumps,Category 22 - Plumbing,22 10 00 Plumbing Piping and Pumps
Quotation for roof walkway pads and protection mats for roof replacement over existing building. Remove existing roofing to deck and install new system complete. per manufacturer approved applicator installation manual.,07,Thermal and Moisture Protection,07 50 00,Membrane Roofing,Category 07 - Thermal and Moisture Protection,07 50 00 Membrane Roofing
RE: Concrete Forming and Accessories – Scope of work includes furnishing and placement of slab edge forms and blockouts for cast-in-place concrete columns. Allow for three reuses of formwork panels.,03,Concrete,03 10 00,Concrete Forming and Accessories,Category 03 - Concrete,03 10 00 Concrete Forming and Accessories
VENDOR SUBMITTAL: This submittal covers the rough-in and termination of seismic bracing for electrical equipment for electrical raceway and wiring infrastructure. All work to comply with per project specification Section 26 05 00. All wiring and raceway per National Electrical Code (NEC).,26,Electrical,26 05 00,Common Work Results for Electrical,Category 26 - Electrical,26 05 00 Common Work Results for Electrical
"PROJECT PROPOSAL: This submittal covers the supply and installation of emergency and exit lighting with battery backup for office, lobby and common area lighting. All work to comply with per project specification Section 26 50 00. Emergency fixtures with 90-minute battery backup per code.",26,Electrical,26 50 00,Lighting,Category 26 - Electrical,26 50 00 Lighting
Furnish and install concrete placement and finishing for foundations as indicated on drawings and per project specification Section 03 30 00. Water-to-cement ratio not to exceed 0.45.,03,Concrete,03 30 00,Cast-in-Place Concrete,Category 03 - Concrete,03 30 00 Cast-in-Place Concrete
RE: Painting and Coating – Supply and install specialty antimicrobial paint for healthcare for all interior walls and ceilings. VOC content to comply with LEED IEQ v4 requirements. per SSPC surface preparation standards for steel.,09,Finishes,09 90 00,Painting and Coating,Category 09 - Finishes,09 90 00 Painting and Coating
Quotation for steel ladder and safety cage miscellaneous metals throughout building. Handrails to comply with ADA requirements. per ADA and local building code requirements.,05,Metals,05 50 00,Metal Fabrications,Category 05 - Metals,05 50 00 Metal Fabrications
PROJECT PROPOSAL: Vendor submittal: flexible insulated duct for branch connections. Duct leakage testing per SMACNA Class A seal requirement. per mechanical drawings and duct layout schedule.,23,HVAC,23 30 00,HVAC Air Distribution,Category 23 - HVAC,23 30 00 HVAC Air Distribution
Material submittal for mini-split ductless air conditioning system. Unit to be high-efficiency with minimum 14 SEER rating. Refer to per project specification Section 23 60 00.,23,HVAC,23 60 00,Central Cooling Equipment,Category 23 - HVAC,23 60 00 Central Cooling Equipment
installation of polished concrete floor with densifier and sealer including all necessary accessories and hardware. per manufacturer installation instructions.,09,Finishes,09 60 00,Flooring,Category 09 - Finishes,09 60 00 Flooring
Scope of work includes supply and installation of mop basin (service sink) floor-mounted for janitor closets and service areas. Fixtures to be white vitreous china unless noted otherwise.,22,Plumbing,22 40 00,Plumbing Fixtures,Category 22 - Plumbing,22 40 00 Plumbing Fixtures
Proposal for supply and installation of hydronic baseboard fin-tube radiation heater for building central heating system. Controls integrated with building automation system (BAS).,23,HVAC,23 70 00,Central Heating Equipment,Category 23 - HVAC,23 70 00 Central Heating Equipment
SCOPE OF WORK DESCRIPTION: Material submittal for curved gypsum board soffits and bulkheads. Corner bead at all exposed edges and reveals. Refer to per project specification Section 09 20 00.,09,Finishes,09 20 00,Plaster and Gypsum Board,Category 09 - Finishes,09 20 00 Plaster and Gypsum Board
Proposal for erection of composite metal floor deck 3-inch 20 gauge for mezzanine floor deck. Minimum bearing length 2 inches on structural steel supports.,05,Metals,05 30 00,Metal Decking,Category 05 - Metals,05 30 00 Metal Decking
BID ITEM: Vendor submittal: roofing insulation tapered cricket system. Membrane to be mechanically fastened or fully adhered per wind uplift. per manufacturer approved applicator installation manual.,07,Thermal and Moisture Protection,07 50 00,Membrane Roofing,Category 07 - Thermal and Moisture Protection,07 50 00 Membrane Roofing
"SCOPE OF WORK DESCRIPTION: Material submittal for PEX flexible water supply tubing. Includes all valves, supports, hangers and seismic bracing. Refer to per Uniform Plumbing Code (UPC).",22,Plumbing,22 10 00,Plumbing Piping and Pumps,Category 22 - Plumbing,22 10 00 Plumbing Piping and Pumps
Subcontractor bid for hot-rolled steel I-beams for floor framing. Location: for steel canopy at building entrance. Steel to be blast-cleaned and primed with shop primer.,05,Metals,05 10 00,Structural Metal Framing,Category 05 - Metals,05 10 00 Structural Metal Framing
Vendor submittal: split-system DX cooling unit with condenser. Unit to be high-efficiency with minimum 14 SEER rating. per mechanical schedule on drawings.,23,HVAC,23 60 00,Central Cooling Equipment,Category 23 - HVAC,23 60 00 Central Cooling Equipment
"BID ITEM: Furnish and install steel pipe bollards with concrete fill as indicated on drawings and per ADA and local building code requirements. Includes all anchors, fasteners and connection hardware.",05,Metals,05 50 00,Metal Fabrications,Category 05 - Metals,05 50 00 Metal Fabrications
VENDOR SUBMITTAL: furnishing and placement of steel panel forms for walls including all necessary accessories and hardware. per project specification Section 03 10 00.,03,Concrete,03 10 00,Concrete Forming and Accessories,Category 03 - Concrete,03 10 00 Concrete Forming and Accessories
Request for approval: wired glass for fire-rated openings for use for building lobby and atrium glazing. Glass thickness and type per structural analysis for wind loads. per project specification Section 08 80 00.,08,Openings,08 80 00,Glazing,Category 08 - Openings,08 80 00 Glazing
Supply and install split-system DX cooling unit with condenser for building central cooling plant. Vibration isolation pads and curb adapter included. per project specification Section 23 60 00.,23,HVAC,23 60 00,Central Cooling Equipment,Category 23 - HVAC,23 60 00 Central Cooling Equipment
This submittal covers the installation of continuous exterior insulation (CI) system for attic floor and knee wall insulation. All work to comply with per manufacturer technical data and installation guide. Insulation to be unfaced or kraft-faced as indicated.,07,Thermal and Moisture Protection,07 20 00,Thermal Insulation,Category 07 - Thermal and Moisture Protection,07 20 00 Thermal Insulation
"Material submittal for PEX flexible water supply tubing. Includes core drilling, firestopping and sleeve installation. Refer to per ASME B31.9 building services piping.",22,Plumbing,22 10 00,Plumbing Piping and Pumps,Category 22 - Plumbing,22 10 00 Plumbing Piping and Pumps
Quotation for UPS (uninterruptible power supply) 100 kVA for building power distribution infrastructure. Arc flash study and labels required per NFPA 70E. per project specification Section 26 20 00.,26,Electrical,26 20 00,Low-Voltage Electrical Distribution,Category 26 - Electrical,26 20 00 Low-Voltage Electrical Distribution
Quotation for 1-inch insulated glazing units (IGU) Low-E coated for building lobby and atrium glazing. Includes structural silicone sealant for wet glazing. per project specification Section 08 80 00.,08,Openings,08 80 00,Glazing,Category 08 - Openings,08 80 00 Glazing
"Material submittal for PEX flexible water supply tubing. Includes core drilling, firestopping and sleeve installation. Refer to per local plumbing code and health department requirements.",22,Plumbing,22 10 00,Plumbing Piping and Pumps,Category 22 - Plumbing,22 10 00 Plumbing Piping and Pumps
Material submittal for LED high-bay warehouse light fixtures. Includes dimming drivers compatible with 0-10V control system. Refer to per NEC Article 410 and local energy code.,26,Electrical,26 50 00,Lighting,Category 26 - Electrical,26 50 00 Lighting
Supply and install grounding and bonding system with ground rods for power distribution conduit and wire pulls. Conduit fill not to exceed 40% per NEC Chapter 9. per NECA installation standards.,26,Electrical,26 05 00,Common Work Results for Electrical,Category 26 - Electrical,26 05 00 Common Work Results for Electrical
"Provide all labor, materials and equipment for cast iron no-hub soil pipe and fittings for sanitary sewer and storm drain piping. per local plumbing code and health department requirements. Insulation on all hot and cold water piping per specification.",22,Plumbing,22 10 00,Plumbing Piping and Pumps,Category 22 - Plumbing,22 10 00 Plumbing Piping and Pumps
"SCOPE OF WORK DESCRIPTION: Provide all labor, materials and equipment for domestic water booster pump station for roof drain piping and overflow system. per local plumbing code and health department requirements. Includes core drilling, firestopping and sleeve installation.",22,Plumbing,22 10 00,Plumbing Piping and Pumps,Category 22 - Plumbing,22 10 00 Plumbing Piping and Pumps
"Provide all labor, materials and equipment for fixed aluminum picture windows for exterior building facade per window schedule. per approved window schedule and shop drawings. Includes all sealants, flashing and perimeter caulking.",08,Openings,08 50 00,Windows,Category 08 - Openings,08 50 00 Windows
Subcontractor bid for steel base plates and anchor bolts. Location: for steel canopy at building entrance. Steel to be blast-cleaned and primed with shop primer.,05,Metals,05 10 00,Structural Metal Framing,Category 05 - Metals,05 10 00 Structural Metal Framing
Supply and install galvanized steel shelf angles for masonry for interior and exterior metal railings. Field welds to be ground smooth and touch-up painted. per project specification Section 05 50 00.,05,Metals,05 50 00,Metal Fabrications,Category 05 - Metals,05 50 00 Metal Fabrications
"Request for approval: glass mat gypsum sheathing for exterior for use for elevator shaft and mechanical shaft walls. Metal studs at 16 inches on center, bridging at mid-height. per ASTM C840 gypsum board application standard.",09,Finishes,09 20 00,Plaster and Gypsum Board,Category 09 - Finishes,09 20 00 Plaster and Gypsum Board
"PROJECT PROPOSAL: Vendor submittal: surge protective device (SPD) panel-mounted. Includes circuit breakers, fuses and all internal components. per utility company service entrance requirements.",26,Electrical,26 20 00,Low-Voltage Electrical Distribution,Category 26 - Electrical,26 20 00 Low-Voltage Electrical Distribution
Material submittal for liquid-applied air and vapor barrier. All seams to be sealed and corners reinforced. Refer to conforming to local building code moisture protection requirements.,07,Thermal and Moisture Protection,07 10 00,Dampproofing and Waterproofing,Category 07 - Thermal and Moisture Protection,07 10 00 Dampproofing and Waterproofing
Furnish and install fire-rated steel doors and frames 90-minute as indicated on drawings and per door and hardware schedule on drawings. Fire-rated assemblies with UL listed label.,08,Openings,08 10 00,Doors and Frames,Category 08 - Openings,08 10 00 Doors and Frames
"Furnish and install FRP fiberglass reinforced plastic doors as indicated on drawings and per NFPA 80 fire door assembly standards. Hardware to include lever handles, closers, and hinges per hardware schedule.",08,Openings,08 10 00,Doors and Frames,Category 08 - Openings,08 10 00 Doors and Frames
Supply and install structural steel roof trusses for loading dock steel structure. Steel to be blast-cleaned and primed with shop primer. conforming to AWS D1.1 for welded connections.,05,Metals,05 10 00,Structural Metal Framing,Category 05 - Metals,05 10 00 Structural Metal Framing
"This submittal covers the installation of slab edge forms and blockouts for foundation walls and footings. All work to comply with per structural engineer approved shop drawings. Includes all bracing, wedges, and form oil.",03,Concrete,03 10 00,Concrete Forming and Accessories,Category 03 - Concrete,03 10 00 Concrete Forming and Accessories
Vendor submittal: outside air louvers with bird screen. Ductwork fabricated per SMACNA standards. per project specification Section 23 30 00.,23,HVAC,23 30 00,HVAC Air Distribution,Category 23 - HVAC,23 30 00 HVAC Air Distribution
VENDOR SUBMITTAL: Subcontractor bid for unit heater gas-fired for warehouse. Location: for mechanical room boiler plant. Controls integrated with building automation system (BAS).,23,HVAC,23 70 00,Central Heating Equipment,Category 23 - HVAC,23 70 00 Central Heating Equipment
"RE: Central Heating Equipment – Provide all labor, materials and equipment for condensing high-efficiency boiler 95% AFUE for warehouse and loading dock space heating. per local mechanical and fuel gas code. Boiler efficiency exceeds ASHRAE 90.1 minimum requirement.",23,HVAC,23 70 00,Central Heating Equipment,Category 23 - HVAC,23 70 00 Central Heating Equipment
Supply and install roofing penetration flashings and pitch pockets for rooftop mechanical equipment area. Membrane to be mechanically fastened or fully adhered per wind uplift. per FM Global and UL listed roof assembly.,07,Thermal and Moisture Protection,07 50 00,Membrane Roofing,Category 07 - Thermal and Moisture Protection,07 50 00 Membrane Roofing
Subject: Material Submittal – Request for approval: exposed aggregate decorative concrete for use for exterior sidewalks and curbs. Portland cement Type I/II with 3/4 inch maximum aggregate. conforming to ASTM C94 ready-mixed concrete standard.,03,Concrete,03 30 00,Cast-in-Place Concrete,Category 03 - Concrete,03 30 00 Cast-in-Place Concrete
Supply and install supply air diffusers and return air grilles for data center precision air distribution. Insulation: 2-inch fiberglass duct wrap with vapor barrier. per mechanical drawings and duct layout schedule.,23,HVAC,23 30 00,HVAC Air Distribution,Category 23 - HVAC,23 30 00 HVAC Air Distribution
This submittal covers the furnishing and installing of fiberglass batt insulation R-19 for exterior walls for mechanical room pipe and duct insulation. All work to comply with conforming to local energy conservation code. Insulation to be unfaced or kraft-faced as indicated.,07,Thermal and Moisture Protection,07 20 00,Thermal Insulation,Category 07 - Thermal and Moisture Protection,07 20 00 Thermal Insulation
Proposal for tear-off and replacement of roofing penetration flashings and pitch pockets for green roof system over parking structure. System includes 20-year NDL (No Dollar Limit) manufacturer warranty.,07,Thermal and Moisture Protection,07 50 00,Membrane Roofing,Category 07 - Thermal and Moisture Protection,07 50 00 Membrane Roofing
"PROJECT PROPOSAL: Quotation for tankless instantaneous water heater for drinking water cooling and dispensing. Equipment includes mounting, piping connections and startup. per project specification Section 22 30 00.",22,Plumbing,22 30 00,Plumbing Equipment,Category 22 - Plumbing,22 30 00 Plumbing Equipment
"Request for approval: steel pipe bollards with concrete fill for use at stairwells, mechanical rooms and roof. All exposed steel to be hot-dip galvanized after fabrication. per project specification Section 05 50 00.",05,Metals,05 50 00,Metal Fabrications,Category 05 - Metals,05 50 00 Metal Fabrications
RE: Low-Voltage Electrical Distribution – Vendor submittal: motor control center (MCC) with VFDs. Load bank testing and startup by factory technician. per NFPA 110 for emergency power systems.,26,Electrical,26 20 00,Low-Voltage Electrical Distribution,Category 26 - Electrical,26 20 00 Low-Voltage Electrical Distribution
"VENDOR SUBMITTAL: Vendor submittal: evaporative condenser for refrigeration. Includes refrigerant piping, pad, and electrical connections. per mechanical schedule on drawings.",23,HVAC,23 60 00,Central Cooling Equipment,Category 23 - HVAC,23 60 00 Central Cooling Equipment
Proposal for furnishing and commissioning of mini-split ductless air conditioning system for tenant space supplemental cooling. Factory startup and commissioning by manufacturer representative.,23,HVAC,23 60 00,Central Cooling Equipment,Category 23 - HVAC,23 60 00 Central Cooling Equipment
"This submittal covers the delivery and wiring of architectural pendant lighting for lobby for office, lobby and common area lighting. All work to comply with per project specification Section 26 50 00. Includes dimming drivers compatible with 0-10V control system.",26,Electrical,26 50 00,Lighting,Category 26 - Electrical,26 50 00 Lighting
"Provide all labor, materials and equipment for LED strip lighting for cove and accent for warehouse and industrial high-bay areas. per NEC Article 410 and local energy code. Emergency fixtures with 90-minute battery backup per code.",26,Electrical,26 50 00,Lighting,Category 26 - Electrical,26 50 00 Lighting
VENDOR SUBMITTAL: Vendor submittal: heat recovery ventilator (HRV/ERV). Controls integrated with building automation system (BAS). per project specification Section 23 70 00.,23,HVAC,23 70 00,Central Heating Equipment,Category 23 - HVAC,23 70 00 Central Heating Equipment
"Provide all labor, materials and equipment for steel braced frame lateral system for lateral bracing system per seismic design. per project specification Section 05 10 00. Includes shop drawings, erection drawings and mill certificates.",05,Metals,05 10 00,Structural Metal Framing,Category 05 - Metals,05 10 00 Structural Metal Framing
VENDOR SUBMITTAL: Request for approval: metal stud framing 3-5/8 inch 20-gauge for use for interior partitions and ceilings throughout building. Corner bead at all exposed edges and reveals. per ASTM C840 gypsum board application standard.,09,Finishes,09 20 00,Plaster and Gypsum Board,Category 09 - Finishes,09 20 00 Plaster and Gypsum Board
"Scope of work includes delivery and wiring of explosion-proof lighting for hazardous locations for exterior site and building-mounted lighting. All fixtures to be LED with minimum 50,000-hour rated life.",26,Electrical,26 50 00,Lighting,Category 26 - Electrical,26 50 00 Lighting
Scope of work includes framing and boarding of veneer plaster system over blueboard for tenant improvement build-out. Includes acoustic sealant at top and bottom tracks.,09,Finishes,09 20 00,Plaster and Gypsum Board,Category 09 - Finishes,09 20 00 Plaster and Gypsum Board
BID ITEM: Material submittal for electrical metering and monitoring system. Arc flash study and labels required per NFPA 70E. Refer to per project specification Section 26 20 00.,26,Electrical,26 20 00,Low-Voltage Electrical Distribution,Category 26 - Electrical,26 20 00 Low-Voltage Electrical Distribution
Quotation for blast-resistant security window assemblies for high-rise building perimeter. Windows to be factory-assembled and glazed. per energy code and ASHRAE 90.1 requirements.,08,Openings,08 50 00,Windows,Category 08 - Openings,08 50 00 Windows
"Quotation for steel braced frame lateral system for lateral bracing system per seismic design. Includes shop drawings, erection drawings and mill certificates. per AISC 360 Specification for Structural Steel Buildings.",05,Metals,05 10 00,Structural Metal Framing,Category 05 - Metals,05 10 00 Structural Metal Framing
Supply and install chilled water air handler unit (AHU) with economizer for rooftop packaged HVAC installation. Factory startup and commissioning by manufacturer representative. per mechanical schedule on drawings.,23,HVAC,23 60 00,Central Cooling Equipment,Category 23 - HVAC,23 60 00 Central Cooling Equipment
"Provide all labor, materials and equipment for cellular metal floor deck for electrical raceway for mezzanine floor deck. conforming to ASTM A653 galvanized steel. Deck to be welded to supports at 12 inches on center.",05,Metals,05 30 00,Metal Decking,Category 05 - Metals,05 30 00 Metal Decking
Proposal for installation of underslab vapor barrier 15-mil polyethylene at tunnel and underground utility connections. Includes protection board and drainage composite.,07,Thermal and Moisture Protection,07 10 00,Dampproofing and Waterproofing,Category 07 - Thermal and Moisture Protection,07 10 00 Dampproofing and Waterproofing
"RE: Concrete Reinforcing – Quotation for reinforcing bar couplers (mechanical splices) for parking structure post-tensioned slabs. Includes all cutting, bending, placing and tying. in accordance with Section 03 20 00.",03,Concrete,03 20 00,Concrete Reinforcing,Category 03 - Concrete,03 20 00 Concrete Reinforcing
"RE: Flooring – Quotation for epoxy resin flooring for commercial kitchen for lobby, corridors and common areas. Includes all floor preparation, leveling and patching. per manufacturer installation instructions.",09,Finishes,09 60 00,Flooring,Category 09 - Finishes,09 60 00 Flooring
Furnish and install bird-friendly fritted glass panels as indicated on drawings and per project specification Section 08 80 00. Glass to meet ANSI Z97.1 safety glazing requirements.,08,Openings,08 80 00,Glazing,Category 08 - Openings,08 80 00 Glazing
SCOPE OF WORK DESCRIPTION: Proposal for furnishing and placement of reshoring and shoring system for elevated slabs for foundation walls and footings. Allow for three reuses of formwork panels.,03,Concrete,03 10 00,Concrete Forming and Accessories,Category 03 - Concrete,03 10 00 Concrete Forming and Accessories
Quotation for stainless steel reinforcement for corrosive environments for foundation mat and footings. Lap splices per ACI 318 development length requirements. per CRSI Manual of Standard Practice.,03,Concrete,03 20 00,Concrete Reinforcing,Category 03 - Concrete,03 20 00 Concrete Reinforcing
"RE: Membrane Roofing – This submittal covers the tear-off and replacement of EPDM rubber roofing membrane fully adhered for rooftop mechanical equipment area. All work to comply with per manufacturer approved applicator installation manual. Includes all flashings, counterflashings, and edge metal.",07,Thermal and Moisture Protection,07 50 00,Membrane Roofing,Category 07 - Thermal and Moisture Protection,07 50 00 Membrane Roofing
"Subject: Material Submittal – Furnish and install steel base plates and anchor bolts as indicated on drawings and per AISC 360 Specification for Structural Steel Buildings. Includes shop drawings, erection drawings and mill certificates.",05,Metals,05 10 00,Structural Metal Framing,Category 05 - Metals,05 10 00 Structural Metal Framing
Subject: Material Submittal – Material submittal for fire-rated glazing assemblies 60-minute. Insulated units with warm-edge spacer and argon gas fill. Refer to per ASTM C1048 for flat glass specifications.,08,Openings,08 80 00,Glazing,Category 08 - Openings,08 80 00 Glazing
SCOPE OF WORK DESCRIPTION: Material submittal for surge protective device (SPD) panel-mounted. Load bank testing and startup by factory technician. Refer to per NFPA 110 for emergency power systems.,26,Electrical,26 20 00,Low-Voltage Electrical Distribution,Category 26 - Electrical,26 20 00 Low-Voltage Electrical Distribution
PROJECT PROPOSAL: Material submittal for form release agent and accessories. Forms to remain in place for minimum 7-day cure period. Refer to per project specification Section 03 10 00.,03,Concrete,03 10 00,Concrete Forming and Accessories,Category 03 - Concrete,03 10 00 Concrete Forming and Accessories
VENDOR SUBMITTAL: Request for approval: metal deck pour stops and closures for use for mezzanine floor deck. Deck to be Vulcraft or approved equal. per composite design per AISC 360 Chapter I.,05,Metals,05 30 00,Metal Decking,Category 05 - Metals,05 30 00 Metal Decking
"Supply and install architectural pendant lighting for lobby for office, lobby and common area lighting. Color temperature: 4000K for offices, 3000K for corridors. per NEC Article 410 and local energy code.",26,Electrical,26 50 00,Lighting,Category 26 - Electrical,26 50 00 Lighting
This submittal covers the delivery and installation of ADA-compliant accessible plumbing fixtures for laboratory and medical exam rooms. All work to comply with per ADA and ICC/ANSI A117.1 accessibility standard. Chrome-plated brass faucets with ceramic disc cartridge.,22,Plumbing,22 40 00,Plumbing Fixtures,Category 22 - Plumbing,22 40 00 Plumbing Fixtures
Proposal for supply and installation of galvanized structural steel for exterior for main building structural frame. Steel to be blast-cleaned and primed with shop primer.,05,Metals,05 10 00,Structural Metal Framing,Category 05 - Metals,05 10 00 Structural Metal Framing
BID ITEM: Material submittal for point-of-use water filtration system. Unit to be seismic-rated for installation zone. Refer to per local health and plumbing code requirements.,22,Plumbing,22 30 00,Plumbing Equipment,Category 22 - Plumbing,22 30 00 Plumbing Equipment
"Supply and install grade 60 deformed reinforcing steel bars for elevated concrete slab reinforcement. Minimum concrete cover 3 inches for footings, 1.5 inches for slabs. per ASTM A615 Grade 60 specifications.",03,Concrete,03 20 00,Concrete Reinforcing,Category 03 - Concrete,03 20 00 Concrete Reinforcing
"Scope of work includes furnishing and connecting of automatic transfer switch (ATS) 400A for building power distribution infrastructure. Generator includes sub-base fuel tank, muffler and weatherproof enclosure.",26,Electrical,26 20 00,Low-Voltage Electrical Distribution,Category 26 - Electrical,26 20 00 Low-Voltage Electrical Distribution
Scope of work includes procurement and installation of main electrical switchboard 2000A 480/277V for building power distribution infrastructure. Equipment to be UL 891 listed and labeled.,26,Electrical,26 20 00,Low-Voltage Electrical Distribution,Category 26 - Electrical,26 20 00 Low-Voltage Electrical Distribution
supply and application of liquid-applied air and vapor barrier including all necessary accessories and hardware. per manufacturer installation guidelines.,07,Thermal and Moisture Protection,07 10 00,Dampproofing and Waterproofing,Category 07 - Thermal and Moisture Protection,07 10 00 Dampproofing and Waterproofing
"RE: Structural Metal Framing – Subcontractor bid for hot-rolled steel I-beams for floor framing. Location: for lateral bracing system per seismic design. Includes shop drawings, erection drawings and mill certificates.",05,Metals,05 10 00,Structural Metal Framing,Category 05 - Metals,05 10 00 Structural Metal Framing
Quotation for mini-split ductless air conditioning system for rooftop packaged HVAC installation. Vibration isolation pads and curb adapter included. per AHRI certified performance ratings.,23,HVAC,23 60 00,Central Cooling Equipment,Category 23 - HVAC,23 60 00 Central Cooling Equipment
"Provide all labor, materials and equipment for lightweight concrete for elevated slabs for concrete topping slab over metal deck. per ACI 318 and ACI 301 specifications. Includes concrete testing: slump, air content, cylinders per ACI 301.",03,Concrete,03 30 00,Cast-in-Place Concrete,Category 03 - Concrete,03 30 00 Cast-in-Place Concrete
Request for approval: sump pump and pit with float switch for use for sanitary sewer and storm drain piping. Piping to be pressure tested at 1.5x operating pressure. per Uniform Plumbing Code (UPC).,22,Plumbing,22 10 00,Plumbing Piping and Pumps,Category 22 - Plumbing,22 10 00 Plumbing Piping and Pumps
Vendor submittal: hydronic baseboard fin-tube radiation heater. Boiler efficiency exceeds ASHRAE 90.1 minimum requirement. per ASME Boiler and Pressure Vessel Code for boilers.,23,HVAC,23 70 00,Central Heating Equipment,Category 23 - HVAC,23 70 00 Central Heating Equipment
Quotation for galvanized steel shelf angles for masonry for building perimeter bollard protection. All exposed steel to be hot-dip galvanized after fabrication. per architectural detail drawings.,05,Metals,05 50 00,Metal Fabrications,Category 05 - Metals,05 50 00 Metal Fabrications
PROJECT PROPOSAL: Proposal for furnishing and laying of porcelain tile flooring 24x24 inch with thin-set mortar for restrooms and locker rooms. Moisture testing required per ASTM F2170 before installation.,09,Finishes,09 60 00,Flooring,Category 09 - Finishes,09 60 00 Flooring
SCOPE OF WORK DESCRIPTION: Vendor submittal: carpet tile modular 24x24 with adhesive. Base: 4-inch rubber or tile cove base at all walls. per project specification Section 09 60 00.,09,Finishes,09 60 00,Flooring,Category 09 - Finishes,09 60 00 Flooring
delivery and commissioning of hot water circulating pump and piping including all necessary accessories and hardware. per AHRI certified heating capacity ratings.,23,HVAC,23 70 00,Central Heating Equipment,Category 23 - HVAC,23 70 00 Central Heating Equipment
"BID ITEM: Provide all labor, materials and equipment for air-cooled scroll chiller 100-ton capacity for tenant space supplemental cooling. per mechanical schedule on drawings. Controls: BACnet compatible DDC for building automation integration.",23,HVAC,23 60 00,Central Cooling Equipment,Category 23 - HVAC,23 60 00 Central Cooling Equipment
Subcontractor bid for automatic sliding door operator. Location: for mechanical and electrical room access. Frames to be set and grouted plumb and square.,08,Openings,08 10 00,Doors and Frames,Category 08 - Openings,08 10 00 Doors and Frames
"SCOPE OF WORK DESCRIPTION: This submittal covers the delivery, rigging and startup of air-cooled scroll chiller 100-ton capacity for data center and server room cooling. All work to comply with per ASHRAE 90.1 minimum efficiency requirements. Vibration isolation pads and curb adapter included.",23,HVAC,23 60 00,Central Cooling Equipment,Category 23 - HVAC,23 60 00 Central Cooling Equipment
Material submittal for aluminum awning windows with screens. Glazing to be dual-pane insulated Low-E argon-filled. Refer to per project specification Section 08 50 00.,08,Openings,08 50 00,Windows,Category 08 - Openings,08 50 00 Windows
Request for approval: outside air louvers with bird screen for use for HVAC air distribution throughout building. TAB (Testing Adjusting Balancing) included in scope. per SMACNA HVAC Duct Construction Standards.,23,HVAC,23 30 00,HVAC Air Distribution,Category 23 - HVAC,23 30 00 HVAC Air Distribution
"Subject: Material Submittal – Subcontractor bid for polished concrete floor with densifier and sealer. Location: for lobby, corridors and common areas. Includes all floor preparation, leveling and patching.",09,Finishes,09 60 00,Flooring,Category 09 - Finishes,09 60 00 Flooring
"Provide all labor, materials and equipment for polished concrete floor with densifier and sealer for restrooms and locker rooms. per ASTM F710 for substrate preparation. Transition strips at all flooring material changes.",09,Finishes,09 60 00,Flooring,Category 09 - Finishes,09 60 00 Flooring
"Vendor submittal: roof walkway pads and protection mats. Insulation R-30 minimum per energy code, tapered for drainage. per NRCA roofing guidelines.",07,Thermal and Moisture Protection,07 50 00,Membrane Roofing,Category 07 - Thermal and Moisture Protection,07 50 00 Membrane Roofing
Proposal for installation of luxury vinyl plank (LVP) flooring click-lock system for gymnasium and multipurpose room. Base: 4-inch rubber or tile cove base at all walls.,09,Finishes,09 60 00,Flooring,Category 09 - Finishes,09 60 00 Flooring
"VENDOR SUBMITTAL: Material submittal for LED recessed troffer light fixtures 2x4. All fixtures to be LED with minimum 50,000-hour rated life. Refer to per NEC Article 410 and local energy code.",26,Electrical,26 50 00,Lighting,Category 26 - Electrical,26 50 00 Lighting
PROJECT PROPOSAL: This submittal covers the supply and installation of back-painted decorative glass panels for curtain wall and storefront glazing systems. All work to comply with per ASTM C1048 for flat glass specifications. Glass to meet ANSI Z97.1 safety glazing requirements.,08,Openings,08 80 00,Glazing,Category 08 - Openings,08 80 00 Glazing
"Vendor submittal: steel access hatches and floor plates. Includes all anchors, fasteners and connection hardware. per project specification Section 05 50 00.",05,Metals,05 50 00,Metal Fabrications,Category 05 - Metals,05 50 00 Metal Fabrications
PROJECT PROPOSAL: Furnish and install triple-glazed high-performance IGU as indicated on drawings and per ASTM C1048 for flat glass specifications. Mock-up panel required for architect approval before production.,08,Openings,08 80 00,Glazing,Category 08 - Openings,08 80 00 Glazing
"Subject: Material Submittal – Vendor submittal: condensing high-efficiency boiler 95% AFUE. Expansion tank, air separator and chemical feeder included. per project specification Section 23 70 00.",23,HVAC,23 70 00,Central Heating Equipment,Category 23 - HVAC,23 70 00 Central Heating Equipment
furnishing and pulling of grounding and bonding system with ground rods including all necessary accessories and hardware. per UL listed materials and components.,26,Electrical,26 05 00,Common Work Results for Electrical,Category 26 - Electrical,26 05 00 Common Work Results for Electrical
BID ITEM: Furnish and install fire-rated glazing assemblies 60-minute as indicated on drawings and per project specification Section 08 80 00. Mock-up panel required for architect approval before production.,08,Openings,08 80 00,Glazing,Category 08 - Openings,08 80 00 Glazing
"Provide all labor, materials and equipment for wired glass for fire-rated openings for building lobby and atrium glazing. per ASTM C1048 for flat glass specifications. Insulated units with warm-edge spacer and argon gas fill.",08,Openings,08 80 00,Glazing,Category 08 - Openings,08 80 00 Glazing
supply and installation of LED recessed troffer light fixtures 2x4 including all necessary accessories and hardware. per NEC Article 410 and local energy code.,26,Electrical,26 50 00,Lighting,Category 26 - Electrical,26 50 00 Lighting
"SCOPE OF WORK DESCRIPTION: Proposal for furnishing and glazing of aluminum awning windows with screens for hospital patient room exterior windows. Includes all sealants, flashing and perimeter caulking.",08,Openings,08 50 00,Windows,Category 08 - Openings,08 50 00 Windows
Request for approval: column formwork with snap ties for use for elevated slab construction at level 2 through roof. Snap ties at 24 inches on center both ways. per ACI 347 standards.,03,Concrete,03 10 00,Concrete Forming and Accessories,Category 03 - Concrete,03 10 00 Concrete Forming and Accessories
Material submittal for pipe and duct insulation with vapor jacket. Includes vapor retarder on warm side of assembly. Refer to conforming to local energy conservation code.,07,Thermal and Moisture Protection,07 20 00,Thermal Insulation,Category 07 - Thermal and Moisture Protection,07 20 00 Thermal Insulation
supply and installation of rubber athletic flooring for gymnasium including all necessary accessories and hardware. per manufacturer installation instructions.,09,Finishes,09 60 00,Flooring,Category 09 - Finishes,09 60 00 Flooring
Scope of work includes procurement and installation of heat recovery ventilator (HRV/ERV) for perimeter heating at exterior walls. Boiler efficiency exceeds ASHRAE 90.1 minimum requirement.,23,HVAC,23 70 00,Central Heating Equipment,Category 23 - HVAC,23 70 00 Central Heating Equipment
"Subject: Material Submittal – Furnish and install interior latex paint (2 coats) over primer as indicated on drawings and per MPI (Master Painters Institute) standards. Includes surface preparation, sanding and priming.",09,Finishes,09 90 00,Painting and Coating,Category 09 - Finishes,09 90 00 Painting and Coating
"Provide all labor, materials and equipment for steel ladder and safety cage for interior and exterior metal railings. per project specification Section 05 50 00. Field welds to be ground smooth and touch-up painted.",05,Metals,05 50 00,Metal Fabrications,Category 05 - Metals,05 50 00 Metal Fabrications
VENDOR SUBMITTAL: This submittal covers the installation of foam board insulation for slab edge for mechanical room pipe and duct insulation. All work to comply with conforming to local energy conservation code. Fire rating: Class A flame spread per ASTM E84.,07,Thermal and Moisture Protection,07 20 00,Thermal Insulation,Category 07 - Thermal and Moisture Protection,07 20 00 Thermal Insulation
"furnishing and finishing of drywall finishing including taping, mudding and sanding including all necessary accessories and hardware. per GA (Gypsum Association) Fire Resistance Design Manual.",09,Finishes,09 20 00,Plaster and Gypsum Board,Category 09 - Finishes,09 20 00 Plaster and Gypsum Board
"Provide all labor, materials and equipment for hydronic baseboard fin-tube radiation heater for ventilation air preheat system. per ASME Boiler and Pressure Vessel Code for boilers. Factory startup required by manufacturer certified technician.",23,HVAC,23 70 00,Central Heating Equipment,Category 23 - HVAC,23 70 00 Central Heating Equipment
Quotation for wall-mounted urinal with flush valve for janitor closets and service areas. Fixtures to be white vitreous china unless noted otherwise. per plumbing fixture schedule on drawings.,22,Plumbing,22 40 00,Plumbing Fixtures,Category 22 - Plumbing,22 40 00 Plumbing Fixtures
"Request for approval: backflow preventer and pressure reducing valve for use for building domestic water distribution system. Includes core drilling, firestopping and sleeve installation. per local plumbing code and health department requirements.",22,Plumbing,22 10 00,Plumbing Piping and Pumps,Category 22 - Plumbing,22 10 00 Plumbing Piping and Pumps
Request for approval: vinyl casement windows with Low-E glass for use for residential tower window replacement. Color: clear anodized aluminum or custom RAL color. per approved window schedule and shop drawings.,08,Openings,08 50 00,Windows,Category 08 - Openings,08 50 00 Windows
fabrication and erection of structural steel wide-flange beams W12x26 including all necessary accessories and hardware. per project specification Section 05 10 00.,05,Metals,05 10 00,Structural Metal Framing,Category 05 - Metals,05 10 00 Structural Metal Framing
"Proposal for procurement and installation of steel security doors with electronic hardware for mechanical and electrical room access. Includes all weatherstripping, thresholds and smoke seals.",08,Openings,08 10 00,Doors and Frames,Category 08 - Openings,08 10 00 Doors and Frames
"Material submittal for split-system DX cooling unit with condenser. Includes refrigerant piping, pad, and electrical connections. Refer to per mechanical schedule on drawings.",23,HVAC,23 60 00,Central Cooling Equipment,Category 23 - HVAC,23 60 00 Central Cooling Equipment
Scope of work includes fabrication and installation of supply air diffusers and return air grilles for commercial kitchen ventilation system. Duct leakage testing per SMACNA Class A seal requirement.,23,HVAC,23 30 00,HVAC Air Distribution,Category 23 - HVAC,23 30 00 HVAC Air Distribution
Subject: Material Submittal – supply and installation of steel moment frame connections including all necessary accessories and hardware. conforming to AWS D1.1 for welded connections.,05,Metals,05 10 00,Structural Metal Framing,Category 05 - Metals,05 10 00 Structural Metal Framing
Supply and install EMT and rigid metal conduit with fittings for grounding electrode system per NEC. All wiring and raceway per National Electrical Code (NEC). per NEC (NFPA 70) National Electrical Code.,26,Electrical,26 05 00,Common Work Results for Electrical,Category 26 - Electrical,26 05 00 Common Work Results for Electrical
supply and installation of hydronic baseboard fin-tube radiation heater including all necessary accessories and hardware. per AHRI certified heating capacity ratings.,23,HVAC,23 70 00,Central Heating Equipment,Category 23 - HVAC,23 70 00 Central Heating Equipment
"Material submittal for sports field LED flood lighting system. Color temperature: 4000K for offices, 3000K for corridors. Refer to per IES recommended lighting levels for occupancy type.",26,Electrical,26 50 00,Lighting,Category 26 - Electrical,26 50 00 Lighting
"This submittal covers the fabrication and installation of steel dumpster enclosure frame for interior and exterior metal railings. All work to comply with per project specification Section 05 50 00. Includes all anchors, fasteners and connection hardware.",05,Metals,05 50 00,Metal Fabrications,Category 05 - Metals,05 50 00 Metal Fabrications
Request for approval: steel dumpster enclosure frame for use miscellaneous metals throughout building. Handrails to comply with ADA requirements. per project specification Section 05 50 00.,05,Metals,05 50 00,Metal Fabrications,Category 05 - Metals,05 50 00 Metal Fabrications
Subject: Material Submittal – Scope of work includes furnishing and installing of polyiso rigid insulation for roof assembly for mechanical room pipe and duct insulation. Insulation to be unfaced or kraft-faced as indicated.,07,Thermal and Moisture Protection,07 20 00,Thermal Insulation,Category 07 - Thermal and Moisture Protection,07 20 00 Thermal Insulation
Request for approval: surge protective device (SPD) panel-mounted for use for tenant electrical metering and sub-distribution. Arc flash study and labels required per NFPA 70E. per utility company service entrance requirements.,26,Electrical,26 20 00,Low-Voltage Electrical Distribution,Category 26 - Electrical,26 20 00 Low-Voltage Electrical Distribution
"Request for approval: duct-mounted fire and smoke dampers for use for commercial kitchen ventilation system. Includes all hangers, supports and seismic bracing per code. per ASHRAE 90.1 duct insulation requirements.",23,HVAC,23 30 00,HVAC Air Distribution,Category 23 - HVAC,23 30 00 HVAC Air Distribution
"This submittal covers the fabrication and placement of reinforcing bar couplers (mechanical splices) for concrete columns and beams. All work to comply with per ACI 318-19 and project structural drawings. Includes all cutting, bending, placing and tying.",03,Concrete,03 20 00,Concrete Reinforcing,Category 03 - Concrete,03 20 00 Concrete Reinforcing
"Quotation for seismic bracing for electrical equipment for electrical raceway and wiring infrastructure. Wire pulled with approved lubricant, no damage to insulation. per UL listed materials and components.",26,Electrical,26 05 00,Common Work Results for Electrical,Category 26 - Electrical,26 05 00 Common Work Results for Electrical
Subject: Material Submittal – Proposal for application of elastomeric exterior wall coating for all interior walls and ceilings. VOC content to comply with LEED IEQ v4 requirements.,09,Finishes,09 90 00,Painting and Coating,Category 09 - Finishes,09 90 00 Painting and Coating
Subcontractor bid for chilled water air handler unit (AHU) with economizer. Location: for building central cooling plant. Factory startup and commissioning by manufacturer representative.,23,HVAC,23 60 00,Central Cooling Equipment,Category 23 - HVAC,23 60 00 Central Cooling Equipment
"Request for approval: curtain wall window system unitized for use for hospital patient room exterior windows. Includes all sealants, flashing and perimeter caulking. per AAMA/WDMA/CSA 101 performance standards.",08,Openings,08 50 00,Windows,Category 08 - Openings,08 50 00 Windows
Supply and install automatic sliding door operator for fire-rated corridor and stairwell openings. Fire-rated assemblies with UL listed label. per project specification Section 08 10 00.,08,Openings,08 10 00,Doors and Frames,Category 08 - Openings,08 10 00 Doors and Frames
"Quotation for sound-rated gypsum board assembly STC 50 for fire-rated corridor and stairwell assemblies. Metal studs at 16 inches on center, bridging at mid-height. per GA (Gypsum Association) Fire Resistance Design Manual.",09,Finishes,09 20 00,Plaster and Gypsum Board,Category 09 - Finishes,09 20 00 Plaster and Gypsum Board
SCOPE OF WORK DESCRIPTION: This submittal covers the furnishing and erection of galvanized structural steel for exterior for main building structural frame. All work to comply with per structural engineer sealed shop drawings. High-strength bolts A325 for all connections.,05,Metals,05 10 00,Structural Metal Framing,Category 05 - Metals,05 10 00 Structural Metal Framing
Supply and install fabric ductwork for open ceiling areas for rooftop air handling unit connections. Ductwork fabricated per SMACNA standards. per ASHRAE 90.1 duct insulation requirements.,23,HVAC,23 30 00,HVAC Air Distribution,Category 23 - HVAC,23 30 00 HVAC Air Distribution
VENDOR SUBMITTAL: Vendor submittal: automatic sensor faucets and flush valves. ADA fixtures mounted at heights per accessibility code. per ADA and ICC/ANSI A117.1 accessibility standard.,22,Plumbing,22 40 00,Plumbing Fixtures,Category 22 - Plumbing,22 40 00 Plumbing Fixtures
"Vendor submittal: aluminum double-hung windows thermally broken. Includes all sealants, flashing and perimeter caulking. per project specification Section 08 50 00.",08,Openings,08 50 00,Windows,Category 08 - Openings,08 50 00 Windows
"Material submittal for evaporative condenser for refrigeration. Includes refrigerant piping, pad, and electrical connections. Refer to per AHRI certified performance ratings.",23,HVAC,23 60 00,Central Cooling Equipment,Category 23 - HVAC,23 60 00 Central Cooling Equipment
Scope of work includes delivery and setting of impact-resistant hurricane windows for office and classroom window openings. Glazing to be dual-pane insulated Low-E argon-filled.,08,Openings,08 50 00,Windows,Category 08 - Openings,08 50 00 Windows
BID ITEM: Scope of work includes furnishing and setting of structural silicone glazed curtain wall panels for fire-rated glazing at rated corridors. Glass thickness and type per structural analysis for wind loads.,08,Openings,08 80 00,Glazing,Category 08 - Openings,08 80 00 Glazing
This submittal covers the supply and installation of vinyl casement windows with Low-E glass for residential tower window replacement. All work to comply with per energy code and ASHRAE 90.1 requirements. Glazing to be dual-pane insulated Low-E argon-filled.,08,Openings,08 50 00,Windows,Category 08 - Openings,08 50 00 Windows
"Scope of work includes procurement and mounting of architectural pendant lighting for lobby for warehouse and industrial high-bay areas. All fixtures to be LED with minimum 50,000-hour rated life.",26,Electrical,26 50 00,Lighting,Category 26 - Electrical,26 50 00 Lighting
Furnish and install structural steel roof trusses as indicated on drawings and per project specification Section 05 10 00. High-strength bolts A325 for all connections.,05,Metals,05 10 00,Structural Metal Framing,Category 05 - Metals,05 10 00 Structural Metal Framing
Request for approval: built-up roofing (BUR) 4-ply asphalt system for use for new construction main roof and canopy areas. Membrane to be mechanically fastened or fully adhered per wind uplift. per NRCA roofing guidelines.,07,Thermal and Moisture Protection,07 50 00,Membrane Roofing,Category 07 - Thermal and Moisture Protection,07 50 00 Membrane Roofing
Request for approval: aluminum sliding windows for use for exterior building facade per window schedule. Color: clear anodized aluminum or custom RAL color. per project specification Section 08 50 00.,08,Openings,08 50 00,Windows,Category 08 - Openings,08 50 00 Windows
Quotation for structural steel wide-flange beams W12x26 for lateral bracing system per seismic design. All connections per AISC standards and structural drawings. per project specification Section 05 10 00.,05,Metals,05 10 00,Structural Metal Framing,Category 05 - Metals,05 10 00 Structural Metal Framing
shop fabrication and field installation of equipment support steel framing including all necessary accessories and hardware. per architectural detail drawings.,05,Metals,05 50 00,Metal Fabrications,Category 05 - Metals,05 50 00 Metal Fabrications
Furnish and install spray-applied polyurethane foam insulation (SPF) as indicated on drawings and conforming to local energy conservation code. R-value verified by third-party testing per ASTM C518.,07,Thermal and Moisture Protection,07 20 00,Thermal Insulation,Category 07 - Thermal and Moisture Protection,07 20 00 Thermal Insulation
"Furnish and install hot water circulating pump and piping as indicated on drawings and per project specification Section 23 70 00. Expansion tank, air separator and chemical feeder included.",23,HVAC,23 70 00,Central Heating Equipment,Category 23 - HVAC,23 70 00 Central Heating Equipment
"Vendor submittal: steam-to-hot-water heat exchanger. Expansion tank, air separator and chemical feeder included. per ASME Boiler and Pressure Vessel Code for boilers.",23,HVAC,23 70 00,Central Heating Equipment,Category 23 - HVAC,23 70 00 Central Heating Equipment
"Material submittal for exposed aggregate decorative concrete. Finish to be steel trowel for interior slabs, broom finish for exterior. Refer to per ACI 318 and ACI 301 specifications.",03,Concrete,03 30 00,Cast-in-Place Concrete,Category 03 - Concrete,03 30 00 Cast-in-Place Concrete
SCOPE OF WORK DESCRIPTION: This submittal covers the fabrication and installation of duct silencers and sound attenuators for HVAC air distribution throughout building. All work to comply with per ASHRAE 90.1 duct insulation requirements. Insulation: 2-inch fiberglass duct wrap with vapor barrier.,23,HVAC,23 30 00,HVAC Air Distribution,Category 23 - HVAC,23 30 00 HVAC Air Distribution
Proposal for supply and application of exterior acrylic paint system with primer for exterior building facade and soffits. Colors per architect-selected paint schedule.,09,Finishes,09 90 00,Painting and Coating,Category 09 - Finishes,09 90 00 Painting and Coating
Material submittal for 5/8-inch Type X gypsum board for fire-rated partitions. Taping and finishing to Level 4 finish per ASTM C840. Refer to per ASTM C840 gypsum board application standard.,09,Finishes,09 20 00,Plaster and Gypsum Board,Category 09 - Finishes,09 20 00 Plaster and Gypsum Board
"Provide all labor, materials and equipment for luxury vinyl plank (LVP) flooring click-lock system for restrooms and locker rooms. per ASTM F710 for substrate preparation. Moisture testing required per ASTM F2170 before installation.",09,Finishes,09 60 00,Flooring,Category 09 - Finishes,09 60 00 Flooring
Quotation for welded wire reinforcement WWR 6x6-W2.9xW2.9 for concrete columns and beams. Bar supports at maximum 4-foot spacing. in accordance with Section 03 20 00.,03,Concrete,03 20 00,Concrete Reinforcing,Category 03 - Concrete,03 20 00 Concrete Reinforcing
"RE: Plaster and Gypsum Board – Subcontractor bid for moisture-resistant (green board) gypsum in wet areas. Location: for fire-rated corridor and stairwell assemblies. Metal studs at 16 inches on center, bridging at mid-height.",09,Finishes,09 20 00,Plaster and Gypsum Board,Category 09 - Finishes,09 20 00 Plaster and Gypsum Board
"SCOPE OF WORK DESCRIPTION: Scope of work includes furnishing and placement of form release agent and accessories for basement foundation walls. Includes form stripping, cleaning, and concrete surface patching.",03,Concrete,03 10 00,Concrete Forming and Accessories,Category 03 - Concrete,03 10 00 Concrete Forming and Accessories
Furnish and install veneer plaster system over blueboard as indicated on drawings and per UL listed assembly design number. Taping and finishing to Level 4 finish per ASTM C840.,09,Finishes,09 20 00,Plaster and Gypsum Board,Category 09 - Finishes,09 20 00 Plaster and Gypsum Board
Furnish and install steel embed plates and loose lintels as indicated on drawings and per project specification Section 05 50 00. Handrails to comply with ADA requirements.,05,Metals,05 50 00,Metal Fabrications,Category 05 - Metals,05 50 00 Metal Fabrications
Request for approval: sewage ejector pump with alarm for use for domestic hot water system in mechanical room. Manufacturer factory startup and commissioning required. per local health and plumbing code requirements.,22,Plumbing,22 30 00,Plumbing Equipment,Category 22 - Plumbing,22 30 00 Plumbing Equipment
"Vendor submittal: structural steel canopy framing. Includes shop drawings, erection drawings and mill certificates. per project specification Section 05 10 00.",05,Metals,05 10 00,Structural Metal Framing,Category 05 - Metals,05 10 00 Structural Metal Framing
Proposal for shop fabrication and field erection of structural steel wide-flange beams W12x26 for main building structural frame. Steel to be blast-cleaned and primed with shop primer.,05,Metals,05 10 00,Structural Metal Framing,Category 05 - Metals,05 10 00 Structural Metal Framing
"Subcontractor bid for insulated chilled water piping for plumbing. Location: for sanitary sewer and storm drain piping. Includes all valves, supports, hangers and seismic bracing.",22,Plumbing,22 10 00,Plumbing Piping and Pumps,Category 22 - Plumbing,22 10 00 Plumbing Piping and Pumps
PROJECT PROPOSAL: supply and installation of FRP fiberglass reinforced plastic doors including all necessary accessories and hardware. per NFPA 80 fire door assembly standards.,08,Openings,08 10 00,Doors and Frames,Category 08 - Openings,08 10 00 Doors and Frames
"SCOPE OF WORK DESCRIPTION: Scope of work includes pouring and curing of air-entrained concrete for exterior flatwork for exterior sidewalks and curbs. Includes concrete testing: slump, air content, cylinders per ACI 301.",03,Concrete,03 30 00,Cast-in-Place Concrete,Category 03 - Concrete,03 30 00 Cast-in-Place Concrete
Quotation for steel angle lintels for masonry openings for mezzanine floor framing. Material per ASTM A992 Grade 50 for wide flanges. conforming to AWS D1.1 for welded connections.,05,Metals,05 10 00,Structural Metal Framing,Category 05 - Metals,05 10 00 Structural Metal Framing
Scope of work includes installation of backflow preventer and pressure reducing valve for building domestic water distribution system. Insulation on all hot and cold water piping per specification.,22,Plumbing,22 10 00,Plumbing Piping and Pumps,Category 22 - Plumbing,22 10 00 Plumbing Piping and Pumps
fabrication and installation of kitchen exhaust hood and duct system including all necessary accessories and hardware. per ASHRAE 90.1 duct insulation requirements.,23,HVAC,23 30 00,HVAC Air Distribution,Category 23 - HVAC,23 30 00 HVAC Air Distribution
SCOPE OF WORK DESCRIPTION: Quotation for cellular metal floor deck for electrical raceway for metal building roof deck replacement. Deck to be Vulcraft or approved equal. conforming to ASTM A653 galvanized steel.,05,Metals,05 30 00,Metal Decking,Category 05 - Metals,05 30 00 Metal Decking
Request for approval: 4000 PSI ready-mix structural concrete for use for elevated concrete slabs at all levels. Portland cement Type I/II with 3/4 inch maximum aggregate. conforming to ASTM C94 ready-mixed concrete standard.,03,Concrete,03 30 00,Cast-in-Place Concrete,Category 03 - Concrete,03 30 00 Cast-in-Place Concrete
"Quotation for condensing high-efficiency boiler 95% AFUE for ventilation air preheat system. Includes gas piping, venting and combustion air provisions. per project specification Section 23 70 00.",23,HVAC,23 70 00,Central Heating Equipment,Category 23 - HVAC,23 70 00 Central Heating Equipment
"Subject: Material Submittal – Furnish and install wood stain and polyurethane finish for millwork as indicated on drawings and per project specification Section 09 90 00. Includes surface preparation, sanding and priming.",09,Finishes,09 90 00,Painting and Coating,Category 09 - Finishes,09 90 00 Painting and Coating
Quotation for high-early-strength concrete for fast-track construction for concrete topping slab over metal deck. Portland cement Type I/II with 3/4 inch maximum aggregate. conforming to ASTM C94 ready-mixed concrete standard.,03,Concrete,03 30 00,Cast-in-Place Concrete,Category 03 - Concrete,03 30 00 Cast-in-Place Concrete
VENDOR SUBMITTAL: Quotation for split-system DX cooling unit with condenser for data center and server room cooling. Vibration isolation pads and curb adapter included. per ASHRAE 90.1 minimum efficiency requirements.,23,HVAC,23 60 00,Central Cooling Equipment,Category 23 - HVAC,23 60 00 Central Cooling Equipment
"RE: Windows – Quotation for blast-resistant security window assemblies for residential tower window replacement. Includes all sealants, flashing and perimeter caulking. per energy code and ASHRAE 90.1 requirements.",08,Openings,08 50 00,Windows,Category 08 - Openings,08 50 00 Windows
"Provide all labor, materials and equipment for exterior LED wall pack and pole-mounted fixtures for parking garage and canopy lighting. per DesignLights Consortium (DLC) qualified products list. Color temperature: 4000K for offices, 3000K for corridors.",26,Electrical,26 50 00,Lighting,Category 26 - Electrical,26 50 00 Lighting
Furnish and install wired glass for fire-rated openings as indicated on drawings and per glazing contractor shop drawings. Glass to meet ANSI Z97.1 safety glazing requirements.,08,Openings,08 80 00,Glazing,Category 08 - Openings,08 80 00 Glazing
PROJECT PROPOSAL: Scope of work includes supply and installation of fire-rated steel doors and frames 90-minute for interior and exterior door openings per door schedule. Finish: factory-applied powder coat paint.,08,Openings,08 10 00,Doors and Frames,Category 08 - Openings,08 10 00 Doors and Frames
Furnish and install flexible insulated duct for branch connections as indicated on drawings and per project specification Section 23 30 00. TAB (Testing Adjusting Balancing) included in scope.,23,HVAC,23 30 00,HVAC Air Distribution,Category 23 - HVAC,23 30 00 HVAC Air Distribution
PROJECT PROPOSAL: Supply and install distribution panelboard 225A 208/120V for main electrical service and distribution. Load bank testing and startup by factory technician. per NEC Article 230 (Services) and 240 (Overcurrent Protection).,26,Electrical,26 20 00,Low-Voltage Electrical Distribution,Category 26 - Electrical,26 20 00 Low-Voltage Electrical Distribution
Request for approval: bentonite clay waterproofing panels for use for below-grade foundation walls and footings. Includes protection board and drainage composite. per manufacturer installation guidelines.,07,Thermal and Moisture Protection,07 10 00,Dampproofing and Waterproofing,Category 07 - Thermal and Moisture Protection,07 10 00 Dampproofing and Waterproofing
"Provide all labor, materials and equipment for cellular metal floor deck for electrical raceway for metal building roof deck replacement. per SDI (Steel Deck Institute) standards. Minimum bearing length 2 inches on structural steel supports.",05,Metals,05 30 00,Metal Decking,Category 05 - Metals,05 30 00 Metal Decking
RE: Cast-in-Place Concrete – Vendor submittal: air-entrained concrete for exterior flatwork. Water-to-cement ratio not to exceed 0.45. per ACI 318 and ACI 301 specifications.,03,Concrete,03 30 00,Cast-in-Place Concrete,Category 03 - Concrete,03 30 00 Cast-in-Place Concrete
Furnish and install steam-to-hot-water heat exchanger as indicated on drawings and per AHRI certified heating capacity ratings. Controls integrated with building automation system (BAS).,23,HVAC,23 70 00,Central Heating Equipment,Category 23 - HVAC,23 70 00 Central Heating Equipment
PROJECT PROPOSAL: Subcontractor bid for rigid XPS foam insulation board 2-inch thick. Location: for mechanical room pipe and duct insulation. Fire rating: Class A flame spread per ASTM E84.,07,Thermal and Moisture Protection,07 20 00,Thermal Insulation,Category 07 - Thermal and Moisture Protection,07 20 00 Thermal Insulation
This submittal covers the supply and installation of tempered safety glass panels for fire-rated glazing at rated corridors. All work to comply with per glazing contractor shop drawings. Glass to meet ANSI Z97.1 safety glazing requirements.,08,Openings,08 80 00,Glazing,Category 08 - Openings,08 80 00 Glazing
This submittal covers the supply and placement of exposed aggregate decorative concrete for building foundations and footings. All work to comply with per ACI 318 and ACI 301 specifications. Concrete to be cured with wet burlap and plastic sheeting for 7 days.,03,Concrete,03 30 00,Cast-in-Place Concrete,Category 03 - Concrete,03 30 00 Cast-in-Place Concrete
Material submittal for metal deck shear studs and connectors. Includes temporary shoring during concrete placement. Refer to per project specification Section 05 30 00.,05,Metals,05 30 00,Metal Decking,Category 05 - Metals,05 30 00 Metal Decking
RE: Low-Voltage Electrical Distribution – Quotation for automatic transfer switch (ATS) 400A for emergency and standby power system. Equipment to be UL 891 listed and labeled. per project specification Section 26 20 00.,26,Electrical,26 20 00,Low-Voltage Electrical Distribution,Category 26 - Electrical,26 20 00 Low-Voltage Electrical Distribution
Furnish and install supply air diffusers and return air grilles as indicated on drawings and per SMACNA HVAC Duct Construction Standards. Insulation: 2-inch fiberglass duct wrap with vapor barrier.,23,HVAC,23 30 00,HVAC Air Distribution,Category 23 - HVAC,23 30 00 HVAC Air Distribution
This submittal covers the installation of insulated chilled water piping for plumbing for restroom and kitchen plumbing rough-in. All work to comply with per ASME B31.9 building services piping. Insulation on all hot and cold water piping per specification.,22,Plumbing,22 10 00,Plumbing Piping and Pumps,Category 22 - Plumbing,22 10 00 Plumbing Piping and Pumps
"Provide all labor, materials and equipment for galvanized structural steel for exterior for lateral bracing system per seismic design. per project specification Section 05 10 00. All connections per AISC standards and structural drawings.",05,Metals,05 10 00,Structural Metal Framing,Category 05 - Metals,05 10 00 Structural Metal Framing
Vendor submittal: thermostatic mixing valve station. Manufacturer factory startup and commissioning required. per project specification Section 22 30 00.,22,Plumbing,22 30 00,Plumbing Equipment,Category 22 - Plumbing,22 30 00 Plumbing Equipment
"PROJECT PROPOSAL: Vendor submittal: roofing insulation tapered cricket system. Insulation R-30 minimum per energy code, tapered for drainage. per project specification Section 07 50 00.",07,Thermal and Moisture Protection,07 50 00,Membrane Roofing,Category 07 - Thermal and Moisture Protection,07 50 00 Membrane Roofing
This submittal covers the procurement and installation of fixed aluminum picture windows for exterior building facade per window schedule. All work to comply with per project specification Section 08 50 00. Windows to be factory-assembled and glazed.,08,Openings,08 50 00,Windows,Category 08 - Openings,08 50 00 Windows
"Provide all labor, materials and equipment for metal roof deck 1.5-inch Type B 22 gauge for mezzanine floor deck. per SDI (Steel Deck Institute) standards. Includes all side laps, end laps, and pour stop angles.",05,Metals,05 30 00,Metal Decking,Category 05 - Metals,05 30 00 Metal Decking
"Subcontractor bid for LED recessed troffer light fixtures 2x4. Location: for exterior site and building-mounted lighting. All fixtures to be LED with minimum 50,000-hour rated life.",26,Electrical,26 50 00,Lighting,Category 26 - Electrical,26 50 00 Lighting
"This submittal covers the furnishing and placement of foundation footing formwork for basement foundation walls. All work to comply with conforming to OSHA shoring requirements. Includes form stripping, cleaning, and concrete surface patching.",03,Concrete,03 10 00,Concrete Forming and Accessories,Category 03 - Concrete,03 10 00 Concrete Forming and Accessories
This submittal covers the supply and installation of seismic bracing for electrical equipment for electrical raceway and wiring infrastructure. All work to comply with per project specification Section 26 05 00. Conduit fill not to exceed 40% per NEC Chapter 9.,26,Electrical,26 05 00,Common Work Results for Electrical,Category 26 - Electrical,26 05 00 Common Work Results for Electrical
BID ITEM: Scope of work includes furnishing and installing of blown-in cellulose insulation for attic spaces for exterior wall cavities and stud bays. Fire rating: Class A flame spread per ASTM E84.,07,Thermal and Moisture Protection,07 20 00,Thermal Insulation,Category 07 - Thermal and Moisture Protection,07 20 00 Thermal Insulation
Scope of work includes fabrication and installation of duct-mounted fire and smoke dampers for rooftop air handling unit connections. Ductwork fabricated per SMACNA standards.,23,HVAC,23 30 00,HVAC Air Distribution,Category 23 - HVAC,23 30 00 HVAC Air Distribution
Scope of work includes furnishing and pulling of cable tray system ladder type with covers for power distribution conduit and wire pulls. As-built drawings required showing all concealed raceway routing.,26,Electrical,26 05 00,Common Work Results for Electrical,Category 26 - Electrical,26 05 00 Common Work Results for Electrical
Quotation for overhead coiling steel service doors for interior and exterior door openings per door schedule. Frames to be set and grouted plumb and square. per door and hardware schedule on drawings.,08,Openings,08 10 00,Doors and Frames,Category 08 - Openings,08 10 00 Doors and Frames
PROJECT PROPOSAL: Scope of work includes furnishing and erection of structural steel canopy framing for loading dock steel structure. All connections per AISC standards and structural drawings.,05,Metals,05 10 00,Structural Metal Framing,Category 05 - Metals,05 10 00 Structural Metal Framing
Subcontractor bid for specialty antimicrobial paint for healthcare. Location: for all interior walls and ceilings. VOC content to comply with LEED IEQ v4 requirements.,09,Finishes,09 90 00,Painting and Coating,Category 09 - Finishes,09 90 00 Painting and Coating
Supply and install packaged rooftop air conditioning unit 25-ton for data center and server room cooling. Vibration isolation pads and curb adapter included. per AHRI certified performance ratings.,23,HVAC,23 60 00,Central Cooling Equipment,Category 23 - HVAC,23 60 00 Central Cooling Equipment
supply and installation of glass mat gypsum sheathing for exterior including all necessary accessories and hardware. per GA (Gypsum Association) Fire Resistance Design Manual.,09,Finishes,09 20 00,Plaster and Gypsum Board,Category 09 - Finishes,09 20 00 Plaster and Gypsum Board
"Furnish and install steel access hatches and floor plates as indicated on drawings and per ADA and local building code requirements. Includes all anchors, fasteners and connection hardware.",05,Metals,05 50 00,Metal Fabrications,Category 05 - Metals,05 50 00 Metal Fabrications
PROJECT PROPOSAL: This submittal covers the furnishing and setting of automatic sensor faucets and flush valves for public restrooms per fixture schedule. All work to comply with per ADA and ICC/ANSI A117.1 accessibility standard. ADA fixtures mounted at heights per accessibility code.,22,Plumbing,22 40 00,Plumbing Fixtures,Category 22 - Plumbing,22 40 00 Plumbing Fixtures
"Request for approval: structural steel canopy framing for use for main building structural frame. Includes shop drawings, erection drawings and mill certificates. per project specification Section 05 10 00.",05,Metals,05 10 00,Structural Metal Framing,Category 05 - Metals,05 10 00 Structural Metal Framing
furnishing and finishing of abuse-resistant gypsum board for corridors including all necessary accessories and hardware. per project specification Section 09 20 00.,09,Finishes,09 20 00,Plaster and Gypsum Board,Category 09 - Finishes,09 20 00 Plaster and Gypsum Board
Request for approval: rebar dowels and starter bars for use for elevated concrete slab reinforcement. Mill certifications required for all reinforcing steel. per ACI 318-19 and project structural drawings.,03,Concrete,03 20 00,Concrete Reinforcing,Category 03 - Concrete,03 20 00 Concrete Reinforcing
Vendor submittal: solid core wood doors with hardware. Fire-rated assemblies with UL listed label. per NFPA 80 fire door assembly standards.,08,Openings,08 10 00,Doors and Frames,Category 08 - Openings,08 10 00 Doors and Frames
This submittal covers the procurement and mounting of emergency eyewash and shower station for janitor closets and service areas. All work to comply with per ADA and ICC/ANSI A117.1 accessibility standard. All fixtures to be water-efficient per WaterSense label.,22,Plumbing,22 40 00,Plumbing Fixtures,Category 22 - Plumbing,22 40 00 Plumbing Fixtures
"Vendor submittal: epoxy-coated rebar for exposed concrete. Minimum concrete cover 3 inches for footings, 1.5 inches for slabs. per ASTM A615 Grade 60 specifications.",03,Concrete,03 20 00,Concrete Reinforcing,Category 03 - Concrete,03 20 00 Concrete Reinforcing
Proposal for glazing of back-painted decorative glass panels for canopy and skylight overhead glazing. Includes structural silicone sealant for wet glazing.,08,Openings,08 80 00,Glazing,Category 08 - Openings,08 80 00 Glazing
"Proposal for delivery and setting of vinyl casement windows with Low-E glass for office and classroom window openings. U-factor 0.30 maximum, SHGC 0.25 maximum per energy code.",08,Openings,08 50 00,Windows,Category 08 - Openings,08 50 00 Windows
RE: Windows – Subcontractor bid for curtain wall window system unitized. Location: for hospital patient room exterior windows. Windows to be factory-assembled and glazed.,08,Openings,08 50 00,Windows,Category 08 - Openings,08 50 00 Windows
Supply and install EPDM rubber roofing membrane fully adhered for rooftop mechanical equipment area. Membrane to be mechanically fastened or fully adhered per wind uplift. per project specification Section 07 50 00.,07,Thermal and Moisture Protection,07 50 00,Membrane Roofing,Category 07 - Thermal and Moisture Protection,07 50 00 Membrane Roofing
"Request for approval: post-tensioning tendons and anchors for use for concrete columns and beams. Minimum concrete cover 3 inches for footings, 1.5 inches for slabs. per ACI 318-19 and project structural drawings.",03,Concrete,03 20 00,Concrete Reinforcing,Category 03 - Concrete,03 20 00 Concrete Reinforcing
"Provide all labor, materials and equipment for traffic-bearing waterproofing for parking deck for below-grade foundation walls and footings. per project specification Section 07 10 00. Surface preparation includes primer coat as recommended by manufacturer.",07,Thermal and Moisture Protection,07 10 00,Dampproofing and Waterproofing,Category 07 - Thermal and Moisture Protection,07 10 00 Dampproofing and Waterproofing
"Furnish and install radiant ceiling panel heating system as indicated on drawings and per ASME Boiler and Pressure Vessel Code for boilers. Expansion tank, air separator and chemical feeder included.",23,HVAC,23 70 00,Central Heating Equipment,Category 23 - HVAC,23 70 00 Central Heating Equipment
supply and installation of headed reinforcing bar anchors including all necessary accessories and hardware. per CRSI Manual of Standard Practice.,03,Concrete,03 20 00,Concrete Reinforcing,Category 03 - Concrete,03 20 00 Concrete Reinforcing
PROJECT PROPOSAL: Furnish and install welded wire reinforcement WWR 6x6-W2.9xW2.9 as indicated on drawings and in accordance with Section 03 20 00. Rebar to be shop-fabricated and tagged per bar schedule.,03,Concrete,03 20 00,Concrete Reinforcing,Category 03 - Concrete,03 20 00 Concrete Reinforcing
Subcontractor bid for tankless instantaneous water heater. Location: for building water treatment and softening. 5-year manufacturer warranty on heat exchanger.,22,Plumbing,22 30 00,Plumbing Equipment,Category 22 - Plumbing,22 30 00 Plumbing Equipment
pouring and curing of concrete pump truck and placement services including all necessary accessories and hardware. per project specification Section 03 30 00.,03,Concrete,03 30 00,Cast-in-Place Concrete,Category 03 - Concrete,03 30 00 Cast-in-Place Concrete
BID ITEM: application of traffic-bearing waterproofing for parking deck including all necessary accessories and hardware. conforming to local building code moisture protection requirements.,07,Thermal and Moisture Protection,07 10 00,Dampproofing and Waterproofing,Category 07 - Thermal and Moisture Protection,07 10 00 Dampproofing and Waterproofing
Request for approval: metal deck shear studs and connectors for use for metal building roof deck replacement. Deck to be welded to supports at 12 inches on center. per project specification Section 05 30 00.,05,Metals,05 30 00,Metal Decking,Category 05 - Metals,05 30 00 Metal Decking
Scope of work includes procurement and installation of cooling tower induced draft crossflow for tenant space supplemental cooling. Factory startup and commissioning by manufacturer representative.,23,HVAC,23 60 00,Central Cooling Equipment,Category 23 - HVAC,23 60 00 Central Cooling Equipment
"RE: Plumbing Piping and Pumps – Material submittal for PVC DWV drain, waste and vent piping. Includes all valves, supports, hangers and seismic bracing. Refer to per project specification Section 22 10 00.",22,Plumbing,22 10 00,Plumbing Piping and Pumps,Category 22 - Plumbing,22 10 00 Plumbing Piping and Pumps
Request for approval: aluminum storefront entry doors for use for warehouse and loading dock openings. Frames to be set and grouted plumb and square. per door and hardware schedule on drawings.,08,Openings,08 10 00,Doors and Frames,Category 08 - Openings,08 10 00 Doors and Frames
"Provide all labor, materials and equipment for outside air louvers with bird screen for commercial kitchen ventilation system. per project specification Section 23 30 00. Ductwork fabricated per SMACNA standards.",23,HVAC,23 30 00,HVAC Air Distribution,Category 23 - HVAC,23 30 00 HVAC Air Distribution
Proposal for shop fabrication and field erection of steel moment frame connections for main building structural frame. All connections per AISC standards and structural drawings.,05,Metals,05 10 00,Structural Metal Framing,Category 05 - Metals,05 10 00 Structural Metal Framing
VENDOR SUBMITTAL: This submittal covers the supply and installation of veneer plaster system over blueboard for bathroom and kitchen wet-area walls. All work to comply with per GA (Gypsum Association) Fire Resistance Design Manual. Partitions to achieve fire rating per UL assembly design.,09,Finishes,09 20 00,Plaster and Gypsum Board,Category 09 - Finishes,09 20 00 Plaster and Gypsum Board
VENDOR SUBMITTAL: Request for approval: self-consolidating concrete (SCC) for use for slab-on-grade in warehouse area. Water-to-cement ratio not to exceed 0.45. per project specification Section 03 30 00.,03,Concrete,03 30 00,Cast-in-Place Concrete,Category 03 - Concrete,03 30 00 Cast-in-Place Concrete
"Quotation for steel access hatches and floor plates for building perimeter bollard protection. Includes all anchors, fasteners and connection hardware. per architectural detail drawings.",05,Metals,05 50 00,Metal Fabrications,Category 05 - Metals,05 50 00 Metal Fabrications
Subcontractor bid for metal deck pour stops and closures. Location: for parking garage composite deck system. Minimum bearing length 2 inches on structural steel supports.,05,Metals,05 30 00,Metal Decking,Category 05 - Metals,05 30 00 Metal Decking
furnishing and commissioning of air-cooled scroll chiller 100-ton capacity including all necessary accessories and hardware. per ASHRAE 90.1 minimum efficiency requirements.,23,HVAC,23 60 00,Central Cooling Equipment,Category 23 - HVAC,23 60 00 Central Cooling Equipment
Proposal for delivery and startup of water softener and treatment system for drinking water cooling and dispensing. Unit to be seismic-rated for installation zone.,22,Plumbing,22 30 00,Plumbing Equipment,Category 22 - Plumbing,22 30 00 Plumbing Equipment
Quotation for galvanized corrugated steel decking for composite floor system at all elevated levels. Includes temporary shoring during concrete placement. per SDI (Steel Deck Institute) standards.,05,Metals,05 30 00,Metal Decking,Category 05 - Metals,05 30 00 Metal Decking
"BID ITEM: Subcontractor bid for roof walkway pads and protection mats. Location: for low-slope roof area approximately 45,000 square feet. Membrane to be mechanically fastened or fully adhered per wind uplift.",07,Thermal and Moisture Protection,07 50 00,Membrane Roofing,Category 07 - Thermal and Moisture Protection,07 50 00 Membrane Roofing
Proposal for application of fluid-applied rubberized asphalt waterproofing for elevator pit and mechanical room. Surface preparation includes primer coat as recommended by manufacturer.,07,Thermal and Moisture Protection,07 10 00,Dampproofing and Waterproofing,Category 07 - Thermal and Moisture Protection,07 10 00 Dampproofing and Waterproofing
"BID ITEM: Quotation for high-performance epoxy wall coating for wet areas for exposed structural steel fireproofing. Includes surface preparation, sanding and priming. per project specification Section 09 90 00.",09,Finishes,09 90 00,Painting and Coating,Category 09 - Finishes,09 90 00 Painting and Coating
placement of fiber reinforcing mesh for slab-on-grade including all necessary accessories and hardware. in accordance with Section 03 20 00.,03,Concrete,03 20 00,Concrete Reinforcing,Category 03 - Concrete,03 20 00 Concrete Reinforcing
"Provide all labor, materials and equipment for crystalline waterproofing admixture for concrete for below-grade foundation walls and footings. per ASTM D6153 for liquid-applied waterproofing. Includes protection board and drainage composite.",07,Thermal and Moisture Protection,07 10 00,Dampproofing and Waterproofing,Category 07 - Thermal and Moisture Protection,07 10 00 Dampproofing and Waterproofing
SCOPE OF WORK DESCRIPTION: Vendor submittal: steel braced frame lateral system. Steel to be blast-cleaned and primed with shop primer. conforming to AWS D1.1 for welded connections.,05,Metals,05 10 00,Structural Metal Framing,Category 05 - Metals,05 10 00 Structural Metal Framing
VENDOR SUBMITTAL: Proposal for procurement and installation of sheet vinyl flooring for healthcare corridors for office spaces and conference rooms. Moisture testing required per ASTM F2170 before installation.,09,Finishes,09 60 00,Flooring,Category 09 - Finishes,09 60 00 Flooring
VENDOR SUBMITTAL: Material submittal for mini-split ductless air conditioning system. Controls: BACnet compatible DDC for building automation integration. Refer to per mechanical schedule on drawings.,23,HVAC,23 60 00,Central Cooling Equipment,Category 23 - HVAC,23 60 00 Central Cooling Equipment
Subcontractor bid for steel fixed-lite windows for industrial. Location: for residential tower window replacement. Color: clear anodized aluminum or custom RAL color.,08,Openings,08 50 00,Windows,Category 08 - Openings,08 50 00 Windows
Scope of work includes delivery and startup of expansion tank for domestic water system for drinking water cooling and dispensing. Unit to be seismic-rated for installation zone.,22,Plumbing,22 30 00,Plumbing Equipment,Category 22 - Plumbing,22 30 00 Plumbing Equipment
Subcontractor bid for rigid XPS foam insulation board 2-inch thick. Location: for exterior wall cavities and stud bays. R-value verified by third-party testing per ASTM C518.,07,Thermal and Moisture Protection,07 20 00,Thermal Insulation,Category 07 - Thermal and Moisture Protection,07 20 00 Thermal Insulation
installation of polished concrete floor with densifier and sealer including all necessary accessories and hardware. per TCNA Handbook for tile installations.,09,Finishes,09 60 00,Flooring,Category 09 - Finishes,09 60 00 Flooring
Vendor submittal: automatic transfer switch (ATS) 400A. Arc flash study and labels required per NFPA 70E. per NFPA 110 for emergency power systems.,26,Electrical,26 20 00,Low-Voltage Electrical Distribution,Category 26 - Electrical,26 20 00 Low-Voltage Electrical Distribution
supply and installation of main electrical switchboard 2000A 480/277V including all necessary accessories and hardware. per project specification Section 26 20 00.,26,Electrical,26 20 00,Low-Voltage Electrical Distribution,Category 26 - Electrical,26 20 00 Low-Voltage Electrical Distribution
"Subject: Material Submittal – Provide all labor, materials and equipment for metal roof deck 1.5-inch Type B 22 gauge for composite floor system at all elevated levels. per composite design per AISC 360 Chapter I. Includes all side laps, end laps, and pour stop angles.",05,Metals,05 30 00,Metal Decking,Category 05 - Metals,05 30 00 Metal Decking
"Scope of work includes furnishing and finishing of sound-rated gypsum board assembly STC 50 for fire-rated corridor and stairwell assemblies. Metal studs at 16 inches on center, bridging at mid-height.",09,Finishes,09 20 00,Plaster and Gypsum Board,Category 09 - Finishes,09 20 00 Plaster and Gypsum Board
RE: Lighting – This submittal covers the supply and installation of parking garage LED fixtures with daylight sensor for exterior site and building-mounted lighting. All work to comply with per NEC Article 410 and local energy code. Includes dimming drivers compatible with 0-10V control system.,26,Electrical,26 50 00,Lighting,Category 26 - Electrical,26 50 00 Lighting
"SCOPE OF WORK DESCRIPTION: Supply and install explosion-proof lighting for hazardous locations for warehouse and industrial high-bay areas. Color temperature: 4000K for offices, 3000K for corridors. per NEC Article 410 and local energy code.",26,Electrical,26 50 00,Lighting,Category 26 - Electrical,26 50 00 Lighting
"RE: Plaster and Gypsum Board – Supply and install shaft wall liner and C-H stud system for fire-rated corridor and stairwell assemblies. Metal studs at 16 inches on center, bridging at mid-height. per ASTM C840 gypsum board application standard.",09,Finishes,09 20 00,Plaster and Gypsum Board,Category 09 - Finishes,09 20 00 Plaster and Gypsum Board
Scope of work includes furnishing and connecting of ductwork insulation wrap and lining for data center precision air distribution. Duct leakage testing per SMACNA Class A seal requirement.,23,HVAC,23 30 00,HVAC Air Distribution,Category 23 - HVAC,23 30 00 HVAC Air Distribution
"Quotation for polished concrete floor with densifier and sealer for lobby, corridors and common areas. Includes all floor preparation, leveling and patching. per project specification Section 09 60 00.",09,Finishes,09 60 00,Flooring,Category 09 - Finishes,09 60 00 Flooring
Subcontractor bid for evaporative condenser for refrigeration. Location: for data center and server room cooling. Controls: BACnet compatible DDC for building automation integration.,23,HVAC,23 60 00,Central Cooling Equipment,Category 23 - HVAC,23 60 00 Central Cooling Equipment
PROJECT PROPOSAL: Scope of work includes delivery and wiring of explosion-proof lighting for hazardous locations for exterior site and building-mounted lighting. Emergency fixtures with 90-minute battery backup per code.,26,Electrical,26 50 00,Lighting,Category 26 - Electrical,26 50 00 Lighting
"BID ITEM: Subcontractor bid for diesel emergency standby generator 500 kW. Location: for main electrical service and distribution. Includes circuit breakers, fuses and all internal components.",26,Electrical,26 20 00,Low-Voltage Electrical Distribution,Category 26 - Electrical,26 20 00 Low-Voltage Electrical Distribution
Subcontractor bid for packaged rooftop air conditioning unit 25-ton. Location: for data center and server room cooling. Vibration isolation pads and curb adapter included.,23,HVAC,23 60 00,Central Cooling Equipment,Category 23 - HVAC,23 60 00 Central Cooling Equipment
"Provide all labor, materials and equipment for standing seam metal roof panels 24-gauge for green roof system over parking structure. per project specification Section 07 50 00. Insulation R-30 minimum per energy code, tapered for drainage.",07,Thermal and Moisture Protection,07 50 00,Membrane Roofing,Category 07 - Thermal and Moisture Protection,07 50 00 Membrane Roofing
"PROJECT PROPOSAL: Provide all labor, materials and equipment for exposed aggregate decorative concrete for elevated concrete slabs at all levels. per ACI 318 and ACI 301 specifications. Concrete to be cured with wet burlap and plastic sheeting for 7 days.",03,Concrete,03 30 00,Cast-in-Place Concrete,Category 03 - Concrete,03 30 00 Cast-in-Place Concrete
"Provide all labor, materials and equipment for domestic water booster pump station for restroom and kitchen plumbing rough-in. per Uniform Plumbing Code (UPC). Piping to be pressure tested at 1.5x operating pressure.",22,Plumbing,22 10 00,Plumbing Piping and Pumps,Category 22 - Plumbing,22 10 00 Plumbing Piping and Pumps
Furnish and install roofing penetration flashings and pitch pockets as indicated on drawings and per project specification Section 07 50 00. Remove existing roofing to deck and install new system complete.,07,Thermal and Moisture Protection,07 50 00,Membrane Roofing,Category 07 - Thermal and Moisture Protection,07 50 00 Membrane Roofing
Subcontractor bid for rebar dowels and starter bars. Location: for concrete columns and beams. Bar supports at maximum 4-foot spacing.,03,Concrete,03 20 00,Concrete Reinforcing,Category 03 - Concrete,03 20 00 Concrete Reinforcing
furnishing and laying of sheet vinyl flooring for healthcare corridors including all necessary accessories and hardware. per manufacturer installation instructions.,09,Finishes,09 60 00,Flooring,Category 09 - Finishes,09 60 00 Flooring
RE: Concrete Reinforcing – Material submittal for post-tensioning tendons and anchors. Lap splices per ACI 318 development length requirements. Refer to in accordance with Section 03 20 00.,03,Concrete,03 20 00,Concrete Reinforcing,Category 03 - Concrete,03 20 00 Concrete Reinforcing
"Scope of work includes delivery and wiring of exterior LED wall pack and pole-mounted fixtures for interior lighting per reflected ceiling plan. All fixtures to be LED with minimum 50,000-hour rated life.",26,Electrical,26 50 00,Lighting,Category 26 - Electrical,26 50 00 Lighting
"Request for approval: drywall finishing including taping, mudding and sanding for use for fire-rated corridor and stairwell assemblies. Metal studs at 16 inches on center, bridging at mid-height. per UL listed assembly design number.",09,Finishes,09 20 00,Plaster and Gypsum Board,Category 09 - Finishes,09 20 00 Plaster and Gypsum Board
"PROJECT PROPOSAL: Furnish and install automatic transfer switch (ATS) 400A as indicated on drawings and per project specification Section 26 20 00. Includes circuit breakers, fuses and all internal components.",26,Electrical,26 20 00,Low-Voltage Electrical Distribution,Category 26 - Electrical,26 20 00 Low-Voltage Electrical Distribution
"Subject: Material Submittal – Supply and install flexible insulated duct for branch connections for commercial kitchen ventilation system. Includes all hangers, supports and seismic bracing per code. per ASHRAE 90.1 duct insulation requirements.",23,HVAC,23 30 00,HVAC Air Distribution,Category 23 - HVAC,23 30 00 HVAC Air Distribution
This submittal covers the installation of CPVC hot and cold water distribution piping for building domestic water distribution system. All work to comply with per Uniform Plumbing Code (UPC). Piping to be pressure tested at 1.5x operating pressure.,22,Plumbing,22 10 00,Plumbing Piping and Pumps,Category 22 - Plumbing,22 10 00 Plumbing Piping and Pumps
Request for approval: back-painted decorative glass panels for use for canopy and skylight overhead glazing. Glass thickness and type per structural analysis for wind loads. per IGCC standards for insulating glass.,08,Openings,08 80 00,Glazing,Category 08 - Openings,08 80 00 Glazing
Request for approval: sheet vinyl flooring for healthcare corridors for use for commercial kitchen and food prep areas. Base: 4-inch rubber or tile cove base at all walls. per manufacturer installation instructions.,09,Finishes,09 60 00,Flooring,Category 09 - Finishes,09 60 00 Flooring
"Vendor submittal: acoustic insulation for interior partitions. Insulation to be installed without gaps, voids or compression. per ASHRAE 90.1 energy code requirements.",07,Thermal and Moisture Protection,07 20 00,Thermal Insulation,Category 07 - Thermal and Moisture Protection,07 20 00 Thermal Insulation
"Request for approval: form release agent and accessories for use for retaining wall per structural drawings. Includes all bracing, wedges, and form oil. conforming to OSHA shoring requirements.",03,Concrete,03 10 00,Concrete Forming and Accessories,Category 03 - Concrete,03 10 00 Concrete Forming and Accessories
"Furnish and install water softener and treatment system as indicated on drawings and per NSF/ANSI 61 for drinking water components. Equipment includes mounting, piping connections and startup.",22,Plumbing,22 30 00,Plumbing Equipment,Category 22 - Plumbing,22 30 00 Plumbing Equipment
Supply and install LED strip lighting for cove and accent for exterior site and building-mounted lighting. Lighting controls to include occupancy sensors per energy code. per DesignLights Consortium (DLC) qualified products list.,26,Electrical,26 50 00,Lighting,Category 26 - Electrical,26 50 00 Lighting
Supply and install metal deck pour stops and closures for metal building roof deck replacement. Includes temporary shoring during concrete placement. per project specification Section 05 30 00.,05,Metals,05 30 00,Metal Decking,Category 05 - Metals,05 30 00 Metal Decking
"Scope of work includes installation of sump pump and pit with float switch for mechanical room plumbing connections. Includes all valves, supports, hangers and seismic bracing.",22,Plumbing,22 10 00,Plumbing Piping and Pumps,Category 22 - Plumbing,22 10 00 Plumbing Piping and Pumps
SCOPE OF WORK DESCRIPTION: Request for approval: curved gypsum board soffits and bulkheads for use for fire-rated corridor and stairwell assemblies. Taping and finishing to Level 4 finish per ASTM C840. per project specification Section 09 20 00.,09,Finishes,09 20 00,Plaster and Gypsum Board,Category 09 - Finishes,09 20 00 Plaster and Gypsum Board
"Provide all labor, materials and equipment for supply air diffusers and return air grilles for HVAC air distribution throughout building. per ASHRAE 90.1 duct insulation requirements. Includes all hangers, supports and seismic bracing per code.",23,HVAC,23 30 00,HVAC Air Distribution,Category 23 - HVAC,23 30 00 HVAC Air Distribution
RE: Plaster and Gypsum Board – Furnish and install veneer plaster system over blueboard as indicated on drawings and per GA (Gypsum Association) Fire Resistance Design Manual. Taping and finishing to Level 4 finish per ASTM C840.,09,Finishes,09 20 00,Plaster and Gypsum Board,Category 09 - Finishes,09 20 00 Plaster and Gypsum Board
"Subject: Material Submittal – Subcontractor bid for galvanized corrugated steel decking. Location: for metal building roof deck replacement. Includes all side laps, end laps, and pour stop angles.",05,Metals,05 30 00,Metal Decking,Category 05 - Metals,05 30 00 Metal Decking
"VENDOR SUBMITTAL: Provide all labor, materials and equipment for foam board insulation for slab edge for exterior wall cavities and stud bays. per project specification Section 07 20 00. Insulation to be unfaced or kraft-faced as indicated.",07,Thermal and Moisture Protection,07 20 00,Thermal Insulation,Category 07 - Thermal and Moisture Protection,07 20 00 Thermal Insulation
Material submittal for moisture-resistant (green board) gypsum in wet areas. Partitions to achieve fire rating per UL assembly design. Refer to per UL listed assembly design number.,09,Finishes,09 20 00,Plaster and Gypsum Board,Category 09 - Finishes,09 20 00 Plaster and Gypsum Board
"Request for approval: stainless steel commercial kitchen sink triple-bowl for use for commercial kitchen and break rooms. Includes all trim, supplies, stops and connection fittings. per ASME A112.19.2 for vitreous china fixtures.",22,Plumbing,22 40 00,Plumbing Fixtures,Category 22 - Plumbing,22 40 00 Plumbing Fixtures
BID ITEM: supply and installation of 1-inch insulated glazing units (IGU) Low-E coated including all necessary accessories and hardware. per project specification Section 08 80 00.,08,Openings,08 80 00,Glazing,Category 08 - Openings,08 80 00 Glazing
furnishing and connecting of point-of-use water filtration system including all necessary accessories and hardware. per project specification Section 22 30 00.,22,Plumbing,22 30 00,Plumbing Equipment,Category 22 - Plumbing,22 30 00 Plumbing Equipment
This submittal covers the supply and installation of acoustic insulation for interior partitions for attic floor and knee wall insulation. All work to comply with conforming to local energy conservation code. Includes vapor retarder on warm side of assembly.,07,Thermal and Moisture Protection,07 20 00,Thermal Insulation,Category 07 - Thermal and Moisture Protection,07 20 00 Thermal Insulation
"VENDOR SUBMITTAL: Vendor submittal: TPO single-ply membrane roofing system 60-mil. Includes all flashings, counterflashings, and edge metal. per FM Global and UL listed roof assembly.",07,Thermal and Moisture Protection,07 50 00,Membrane Roofing,Category 07 - Thermal and Moisture Protection,07 50 00 Membrane Roofing
"Vendor submittal: main electrical switchboard 2000A 480/277V. Generator includes sub-base fuel tank, muffler and weatherproof enclosure. per utility company service entrance requirements.",26,Electrical,26 20 00,Low-Voltage Electrical Distribution,Category 26 - Electrical,26 20 00 Low-Voltage Electrical Distribution
Request for approval: mop basin (service sink) floor-mounted for use for commercial kitchen and break rooms. All fixtures to be water-efficient per WaterSense label. per ADA and ICC/ANSI A117.1 accessibility standard.,22,Plumbing,22 40 00,Plumbing Fixtures,Category 22 - Plumbing,22 40 00 Plumbing Fixtures
PROJECT PROPOSAL: Scope of work includes application of intumescent fireproofing paint for structural steel for exposed structural steel fireproofing. Touch-up painting at all trades damage at project completion.,09,Finishes,09 90 00,Painting and Coating,Category 09 - Finishes,09 90 00 Painting and Coating
"Furnish and install post-tensioning tendons and anchors as indicated on drawings and in accordance with Section 03 20 00. Includes all cutting, bending, placing and tying.",03,Concrete,03 20 00,Concrete Reinforcing,Category 03 - Concrete,03 20 00 Concrete Reinforcing
Subcontractor bid for 1-inch insulated glazing units (IGU) Low-E coated. Location: for curtain wall and storefront glazing systems. Includes structural silicone sealant for wet glazing.,08,Openings,08 80 00,Glazing,Category 08 - Openings,08 80 00 Glazing
"Provide all labor, materials and equipment for metal stud framing 3-5/8 inch 20-gauge for bathroom and kitchen wet-area walls. per project specification Section 09 20 00. Partitions to achieve fire rating per UL assembly design.",09,Finishes,09 20 00,Plaster and Gypsum Board,Category 09 - Finishes,09 20 00 Plaster and Gypsum Board
Supply and install crystalline waterproofing admixture for concrete for elevator pit and mechanical room. Surface preparation includes primer coat as recommended by manufacturer. per ASTM D6153 for liquid-applied waterproofing.,07,Thermal and Moisture Protection,07 10 00,Dampproofing and Waterproofing,Category 07 - Thermal and Moisture Protection,07 10 00 Dampproofing and Waterproofing
supply and installation of built-up roofing (BUR) 4-ply asphalt system including all necessary accessories and hardware. per FM Global and UL listed roof assembly.,07,Thermal and Moisture Protection,07 50 00,Membrane Roofing,Category 07 - Thermal and Moisture Protection,07 50 00 Membrane Roofing
"VENDOR SUBMITTAL: Request for approval: copper Type L water supply piping and fittings for use for restroom and kitchen plumbing rough-in. Includes core drilling, firestopping and sleeve installation. per project specification Section 22 10 00.",22,Plumbing,22 10 00,Plumbing Piping and Pumps,Category 22 - Plumbing,22 10 00 Plumbing Piping and Pumps
Scope of work includes installation of hardwood oak strip flooring 3/4-inch solid for restrooms and locker rooms. Moisture testing required per ASTM F2170 before installation.,09,Finishes,09 60 00,Flooring,Category 09 - Finishes,09 60 00 Flooring
"Subcontractor bid for backflow preventer and pressure reducing valve. Location: for restroom and kitchen plumbing rough-in. Includes core drilling, firestopping and sleeve installation.",22,Plumbing,22 10 00,Plumbing Piping and Pumps,Category 22 - Plumbing,22 10 00 Plumbing Piping and Pumps
"Subcontractor bid for blown-in cellulose insulation for attic spaces. Location: for mechanical room pipe and duct insulation. Insulation to be installed without gaps, voids or compression.",07,Thermal and Moisture Protection,07 20 00,Thermal Insulation,Category 07 - Thermal and Moisture Protection,07 20 00 Thermal Insulation
"Subject: Material Submittal – Material submittal for EMT and rigid metal conduit with fittings. Includes all supports, straps and seismic bracing. Refer to per UL listed materials and components.",26,Electrical,26 05 00,Common Work Results for Electrical,Category 26 - Electrical,26 05 00 Common Work Results for Electrical
Subject: Material Submittal – This submittal covers the supply and installation of access doors and panels flush-mounted for main building entry and vestibule. All work to comply with per NFPA 80 fire door assembly standards. Fire-rated assemblies with UL listed label.,08,Openings,08 10 00,Doors and Frames,Category 08 - Openings,08 10 00 Doors and Frames
Furnish and install hollow metal door frames 16-gauge welded as indicated on drawings and per project specification Section 08 10 00. Frames to be set and grouted plumb and square.,08,Openings,08 10 00,Doors and Frames,Category 08 - Openings,08 10 00 Doors and Frames
Supply and install VAV (variable air volume) terminal units with controls for HVAC air distribution throughout building. Insulation: 2-inch fiberglass duct wrap with vapor barrier. per mechanical drawings and duct layout schedule.,23,HVAC,23 30 00,HVAC Air Distribution,Category 23 - HVAC,23 30 00 HVAC Air Distribution
Supply and install epoxy resin flooring for commercial kitchen for commercial kitchen and food prep areas. Transition strips at all flooring material changes. per ASTM F710 for substrate preparation.,09,Finishes,09 60 00,Flooring,Category 09 - Finishes,09 60 00 Flooring
Request for approval: chilled water air handler unit (AHU) with economizer for use for rooftop packaged HVAC installation. Controls: BACnet compatible DDC for building automation integration. per mechanical schedule on drawings.,23,HVAC,23 60 00,Central Cooling Equipment,Category 23 - HVAC,23 60 00 Central Cooling Equipment
Supply and install fire-rated glazing assemblies 60-minute for building lobby and atrium glazing. Includes structural silicone sealant for wet glazing. per project specification Section 08 80 00.,08,Openings,08 80 00,Glazing,Category 08 - Openings,08 80 00 Glazing
"Subject: Material Submittal – Scope of work includes supply and installation of welded wire reinforcement WWR 6x6-W2.9xW2.9 for retaining wall and grade beams. Includes all cutting, bending, placing and tying.",03,Concrete,03 20 00,Concrete Reinforcing,Category 03 - Concrete,03 20 00 Concrete Reinforcing
"Supply and install mineral wool semi-rigid insulation board for attic floor and knee wall insulation. Insulation to be installed without gaps, voids or compression. per project specification Section 07 20 00.",07,Thermal and Moisture Protection,07 20 00,Thermal Insulation,Category 07 - Thermal and Moisture Protection,07 20 00 Thermal Insulation
Request for approval: galvanized sheet metal ductwork rectangular and round for use for commercial kitchen ventilation system. Insulation: 2-inch fiberglass duct wrap with vapor barrier. per SMACNA HVAC Duct Construction Standards.,23,HVAC,23 30 00,HVAC Air Distribution,Category 23 - HVAC,23 30 00 HVAC Air Distribution
"VENDOR SUBMITTAL: This submittal covers the fabrication and installation of plywood concrete formwork system for cast-in-place concrete columns. All work to comply with per ACI 347 standards. Includes form stripping, cleaning, and concrete surface patching.",03,Concrete,03 10 00,Concrete Forming and Accessories,Category 03 - Concrete,03 10 00 Concrete Forming and Accessories
"Supply and install wall-hung lavatory sink with faucet for ADA-compliant accessible restroom. Includes all trim, supplies, stops and connection fittings. per ADA and ICC/ANSI A117.1 accessibility standard.",22,Plumbing,22 40 00,Plumbing Fixtures,Category 22 - Plumbing,22 40 00 Plumbing Fixtures
Scope of work includes furnishing and laying of luxury vinyl plank (LVP) flooring click-lock system for office spaces and conference rooms. Adhesive to be low-VOC per LEED IEQ requirements.,09,Finishes,09 60 00,Flooring,Category 09 - Finishes,09 60 00 Flooring
Subcontractor bid for hollow metal door frames 16-gauge welded. Location: for interior and exterior door openings per door schedule. Fire-rated assemblies with UL listed label.,08,Openings,08 10 00,Doors and Frames,Category 08 - Openings,08 10 00 Doors and Frames
Subcontractor bid for vinyl casement windows with Low-E glass. Location: for high-rise building perimeter. Color: clear anodized aluminum or custom RAL color.,08,Openings,08 50 00,Windows,Category 08 - Openings,08 50 00 Windows
"Provide all labor, materials and equipment for elastomeric exterior wall coating for exposed structural steel fireproofing. per project specification Section 09 90 00. Touch-up painting at all trades damage at project completion.",09,Finishes,09 90 00,Painting and Coating,Category 09 - Finishes,09 90 00 Painting and Coating
Proposal for procurement and installation of triple-glazed high-performance IGU for building lobby and atrium glazing. Mock-up panel required for architect approval before production.,08,Openings,08 80 00,Glazing,Category 08 - Openings,08 80 00 Glazing
supply and installation of water-cooled centrifugal chiller 500-ton including all necessary accessories and hardware. per mechanical schedule on drawings.,23,HVAC,23 60 00,Central Cooling Equipment,Category 23 - HVAC,23 60 00 Central Cooling Equipment
"Subject: Material Submittal – Material submittal for steel panel forms for walls. Includes all bracing, wedges, and form oil. Refer to per project specification Section 03 10 00.",03,Concrete,03 10 00,Concrete Forming and Accessories,Category 03 - Concrete,03 10 00 Concrete Forming and Accessories
Vendor submittal: back-painted decorative glass panels. Glass thickness and type per structural analysis for wind loads. per ASTM C1048 for flat glass specifications.,08,Openings,08 80 00,Glazing,Category 08 - Openings,08 80 00 Glazing
Subcontractor bid for insulated chilled water piping for plumbing. Location: for mechanical room plumbing connections. Insulation on all hot and cold water piping per specification.,22,Plumbing,22 10 00,Plumbing Piping and Pumps,Category 22 - Plumbing,22 10 00 Plumbing Piping and Pumps
SCOPE OF WORK DESCRIPTION: furnishing and finishing of shaft wall liner and C-H stud system including all necessary accessories and hardware. per project specification Section 09 20 00.,09,Finishes,09 20 00,Plaster and Gypsum Board,Category 09 - Finishes,09 20 00 Plaster and Gypsum Board
BID ITEM: Scope of work includes furnishing and setting of bird-friendly fritted glass panels for fire-rated glazing at rated corridors. Mock-up panel required for architect approval before production.,08,Openings,08 80 00,Glazing,Category 08 - Openings,08 80 00 Glazing
installation of traffic-bearing waterproofing for parking deck including all necessary accessories and hardware. per ASTM D6153 for liquid-applied waterproofing.,07,Thermal and Moisture Protection,07 10 00,Dampproofing and Waterproofing,Category 07 - Thermal and Moisture Protection,07 10 00 Dampproofing and Waterproofing
Supply and install outside air louvers with bird screen for commercial kitchen ventilation system. Insulation: 2-inch fiberglass duct wrap with vapor barrier. per project specification Section 23 30 00.,23,HVAC,23 30 00,HVAC Air Distribution,Category 23 - HVAC,23 30 00 HVAC Air Distribution
Furnish and install split-system DX cooling unit with condenser as indicated on drawings and per mechanical schedule on drawings. Vibration isolation pads and curb adapter included.,23,HVAC,23 60 00,Central Cooling Equipment,Category 23 - HVAC,23 60 00 Central Cooling Equipment
"Material submittal for glass mat gypsum sheathing for exterior. Metal studs at 16 inches on center, bridging at mid-height. Refer to per UL listed assembly design number.",09,Finishes,09 20 00,Plaster and Gypsum Board,Category 09 - Finishes,09 20 00 Plaster and Gypsum Board
"Proposal for application of anti-graffiti coating for exterior masonry for exposed structural steel fireproofing. Includes surface preparation, sanding and priming.",09,Finishes,09 90 00,Painting and Coating,Category 09 - Finishes,09 90 00 Painting and Coating
erection of cellular metal floor deck for electrical raceway including all necessary accessories and hardware. per SDI (Steel Deck Institute) standards.,05,Metals,05 30 00,Metal Decking,Category 05 - Metals,05 30 00 Metal Decking
SCOPE OF WORK DESCRIPTION: Scope of work includes pouring and curing of concrete pump truck and placement services for slab-on-grade in warehouse area. Concrete to be cured with wet burlap and plastic sheeting for 7 days.,03,Concrete,03 30 00,Cast-in-Place Concrete,Category 03 - Concrete,03 30 00 Cast-in-Place Concrete
Material submittal for ornamental steel railing and balusters. All exposed steel to be hot-dip galvanized after fabrication. Refer to per project specification Section 05 50 00.,05,Metals,05 50 00,Metal Fabrications,Category 05 - Metals,05 50 00 Metal Fabrications
Furnish and install steel embed plates and loose lintels as indicated on drawings and per project specification Section 05 50 00. Steel to be shop-primed with rust-inhibitive primer.,05,Metals,05 50 00,Metal Fabrications,Category 05 - Metals,05 50 00 Metal Fabrications
"VENDOR SUBMITTAL: This submittal covers the rough-in and termination of electrical identification labels and tags for data center cable tray installation. All work to comply with per UL listed materials and components. Includes all supports, straps and seismic bracing.",26,Electrical,26 05 00,Common Work Results for Electrical,Category 26 - Electrical,26 05 00 Common Work Results for Electrical
Subcontractor bid for continuous exterior insulation (CI) system. Location: for attic floor and knee wall insulation. Includes vapor retarder on warm side of assembly.,07,Thermal and Moisture Protection,07 20 00,Thermal Insulation,Category 07 - Thermal and Moisture Protection,07 20 00 Thermal Insulation
Material submittal for stainless steel commercial kitchen sink triple-bowl. Chrome-plated brass faucets with ceramic disc cartridge. Refer to per project specification Section 22 40 00.,22,Plumbing,22 40 00,Plumbing Fixtures,Category 22 - Plumbing,22 40 00 Plumbing Fixtures
"Furnish and install electrical identification labels and tags as indicated on drawings and per UL listed materials and components. Includes all supports, straps and seismic bracing.",26,Electrical,26 05 00,Common Work Results for Electrical,Category 26 - Electrical,26 05 00 Common Work Results for Electrical
furnishing and placement of slab edge forms and blockouts including all necessary accessories and hardware. per ACI 347 standards.,03,Concrete,03 10 00,Concrete Forming and Accessories,Category 03 - Concrete,03 10 00 Concrete Forming and Accessories
Scope of work includes supply and application of sheet membrane waterproofing for plaza deck for elevator pit and mechanical room. 10-year manufacturer warranty on waterproofing system.,07,Thermal and Moisture Protection,07 10 00,Dampproofing and Waterproofing,Category 07 - Thermal and Moisture Protection,07 10 00 Dampproofing and Waterproofing
Proposal for delivery and startup of recirculating hot water pump system for below-grade sewage ejection system. Unit to be seismic-rated for installation zone.,22,Plumbing,22 30 00,Plumbing Equipment,Category 22 - Plumbing,22 30 00 Plumbing Equipment
Proposal for shop fabrication and field installation of galvanized steel shelf angles for masonry for equipment pads and roof penetration supports. Field welds to be ground smooth and touch-up painted.,05,Metals,05 50 00,Metal Fabrications,Category 05 - Metals,05 50 00 Metal Fabrications
Material submittal for hot water circulating pump and piping. Factory startup required by manufacturer certified technician. Refer to per ASME Boiler and Pressure Vessel Code for boilers.,23,HVAC,23 70 00,Central Heating Equipment,Category 23 - HVAC,23 70 00 Central Heating Equipment
Supply and install solid core wood doors with hardware for main building entry and vestibule. Frames to be set and grouted plumb and square. per project specification Section 08 10 00.,08,Openings,08 10 00,Doors and Frames,Category 08 - Openings,08 10 00 Doors and Frames
Supply and install surge protective device (SPD) panel-mounted for tenant electrical metering and sub-distribution. Load bank testing and startup by factory technician. per NEC Article 230 (Services) and 240 (Overcurrent Protection).,26,Electrical,26 20 00,Low-Voltage Electrical Distribution,Category 26 - Electrical,26 20 00 Low-Voltage Electrical Distribution
Material submittal for FRP fiberglass reinforced plastic doors. Finish: factory-applied powder coat paint. Refer to per project specification Section 08 10 00.,08,Openings,08 10 00,Doors and Frames,Category 08 - Openings,08 10 00 Doors and Frames
Proposal for delivery and installation of stainless steel commercial kitchen sink triple-bowl for ADA-compliant accessible restroom. Chrome-plated brass faucets with ceramic disc cartridge.,22,Plumbing,22 40 00,Plumbing Fixtures,Category 22 - Plumbing,22 40 00 Plumbing Fixtures
Vendor submittal: LED high-bay warehouse light fixtures. Lighting controls to include occupancy sensors per energy code. per NEC Article 410 and local energy code.,26,Electrical,26 50 00,Lighting,Category 26 - Electrical,26 50 00 Lighting
Quotation for emergency eyewash and shower station for ADA-compliant accessible restroom. Chrome-plated brass faucets with ceramic disc cartridge. per ADA and ICC/ANSI A117.1 accessibility standard.,22,Plumbing,22 40 00,Plumbing Fixtures,Category 22 - Plumbing,22 40 00 Plumbing Fixtures
"Proposal for furnishing and finishing of drywall finishing including taping, mudding and sanding for elevator shaft and mechanical shaft walls. Taping and finishing to Level 4 finish per ASTM C840.",09,Finishes,09 20 00,Plaster and Gypsum Board,Category 09 - Finishes,09 20 00 Plaster and Gypsum Board
RE: Plumbing Fixtures – Material submittal for wall-mounted urinal with flush valve. ADA fixtures mounted at heights per accessibility code. Refer to per ADA and ICC/ANSI A117.1 accessibility standard.,22,Plumbing,22 40 00,Plumbing Fixtures,Category 22 - Plumbing,22 40 00 Plumbing Fixtures
"Provide all labor, materials and equipment for blown-in cellulose insulation for attic spaces for continuous insulation at building envelope. per manufacturer technical data and installation guide. Fire rating: Class A flame spread per ASTM E84.",07,Thermal and Moisture Protection,07 20 00,Thermal Insulation,Category 07 - Thermal and Moisture Protection,07 20 00 Thermal Insulation
Proposal for supply and installation of aluminum sliding windows for office and classroom window openings. Glazing to be dual-pane insulated Low-E argon-filled.,08,Openings,08 50 00,Windows,Category 08 - Openings,08 50 00 Windows
"SCOPE OF WORK DESCRIPTION: Vendor submittal: fiberglass batt insulation R-19 for exterior walls. Insulation to be installed without gaps, voids or compression. conforming to local energy conservation code.",07,Thermal and Moisture Protection,07 20 00,Thermal Insulation,Category 07 - Thermal and Moisture Protection,07 20 00 Thermal Insulation
VENDOR SUBMITTAL: Vendor submittal: sewage ejector pump with alarm. Includes electrical connections by others coordination required. per project specification Section 22 30 00.,22,Plumbing,22 30 00,Plumbing Equipment,Category 22 - Plumbing,22 30 00 Plumbing Equipment
Material submittal for moisture-resistant (green board) gypsum in wet areas. Partitions to achieve fire rating per UL assembly design. Refer to per GA (Gypsum Association) Fire Resistance Design Manual.,09,Finishes,09 20 00,Plaster and Gypsum Board,Category 09 - Finishes,09 20 00 Plaster and Gypsum Board
"Provide all labor, materials and equipment for equipment support steel framing miscellaneous metals throughout building. per architectural detail drawings. All exposed steel to be hot-dip galvanized after fabrication.",05,Metals,05 50 00,Metal Fabrications,Category 05 - Metals,05 50 00 Metal Fabrications
"PROJECT PROPOSAL: Vendor submittal: reshoring and shoring system for elevated slabs. Includes form stripping, cleaning, and concrete surface patching. conforming to OSHA shoring requirements.",03,Concrete,03 10 00,Concrete Forming and Accessories,Category 03 - Concrete,03 10 00 Concrete Forming and Accessories
"Furnish and install seismic bracing for electrical equipment as indicated on drawings and per UL listed materials and components. Includes all supports, straps and seismic bracing.",26,Electrical,26 05 00,Common Work Results for Electrical,Category 26 - Electrical,26 05 00 Common Work Results for Electrical
"PROJECT PROPOSAL: Supply and install fire-rated steel doors and frames 90-minute for interior and exterior door openings per door schedule. Includes all weatherstripping, thresholds and smoke seals. conforming to SDI (Steel Door Institute) standards.",08,Openings,08 10 00,Doors and Frames,Category 08 - Openings,08 10 00 Doors and Frames
Scope of work includes furnishing and connecting of distribution panelboard 225A 208/120V for tenant electrical metering and sub-distribution. Equipment to be UL 891 listed and labeled.,26,Electrical,26 20 00,Low-Voltage Electrical Distribution,Category 26 - Electrical,26 20 00 Low-Voltage Electrical Distribution
"Vendor submittal: grounding and bonding system with ground rods. Includes all supports, straps and seismic bracing. per UL listed materials and components.",26,Electrical,26 05 00,Common Work Results for Electrical,Category 26 - Electrical,26 05 00 Common Work Results for Electrical
SCOPE OF WORK DESCRIPTION: Furnish and install post-tensioning tendons and anchors as indicated on drawings and in accordance with Section 03 20 00. Lap splices per ACI 318 development length requirements.,03,Concrete,03 20 00,Concrete Reinforcing,Category 03 - Concrete,03 20 00 Concrete Reinforcing
Scope of work includes furnishing and installing of foam board insulation for slab edge for roof insulation above deck. R-value verified by third-party testing per ASTM C518.,07,Thermal and Moisture Protection,07 20 00,Thermal Insulation,Category 07 - Thermal and Moisture Protection,07 20 00 Thermal Insulation
Scope of work includes supply and installation of hot-rolled steel I-beams for floor framing for steel canopy at building entrance. All connections per AISC standards and structural drawings.,05,Metals,05 10 00,Structural Metal Framing,Category 05 - Metals,05 10 00 Structural Metal Framing
Quotation for steel panel forms for walls for basement foundation walls. Forms to remain in place for minimum 7-day cure period. per structural engineer approved shop drawings.,03,Concrete,03 10 00,Concrete Forming and Accessories,Category 03 - Concrete,03 10 00 Concrete Forming and Accessories
RE: Doors and Frames – Request for approval: solid core wood doors with hardware for use for warehouse and loading dock openings. Fire-rated assemblies with UL listed label. per NFPA 80 fire door assembly standards.,08,Openings,08 10 00,Doors and Frames,Category 08 - Openings,08 10 00 Doors and Frames
Supply and install specialty antimicrobial paint for healthcare for exterior building facade and soffits. Touch-up painting at all trades damage at project completion. per project specification Section 09 90 00.,09,Finishes,09 90 00,Painting and Coating,Category 09 - Finishes,09 90 00 Painting and Coating
Furnish and install supply air diffusers and return air grilles as indicated on drawings and per ASHRAE 90.1 duct insulation requirements. TAB (Testing Adjusting Balancing) included in scope.,23,HVAC,23 30 00,HVAC Air Distribution,Category 23 - HVAC,23 30 00 HVAC Air Distribution
"Provide all labor, materials and equipment for solid core wood doors with hardware for main building entry and vestibule. per NFPA 80 fire door assembly standards. Includes all weatherstripping, thresholds and smoke seals.",08,Openings,08 10 00,Doors and Frames,Category 08 - Openings,08 10 00 Doors and Frames
PROJECT PROPOSAL: Vendor submittal: metal roof deck 1.5-inch Type B 22 gauge. Deck to be welded to supports at 12 inches on center. per project specification Section 05 30 00.,05,Metals,05 30 00,Metal Decking,Category 05 - Metals,05 30 00 Metal Decking
"This submittal covers the supply and installation of stainless steel reinforcement for corrosive environments for foundation mat and footings. All work to comply with per ACI 318-19 and project structural drawings. Includes all cutting, bending, placing and tying.",03,Concrete,03 20 00,Concrete Reinforcing,Category 03 - Concrete,03 20 00 Concrete Reinforcing
fabrication and placement of bar supports and chairs for rebar placement including all necessary accessories and hardware. per ASTM A615 Grade 60 specifications.,03,Concrete,03 20 00,Concrete Reinforcing,Category 03 - Concrete,03 20 00 Concrete Reinforcing
supply and installation of cellular metal floor deck for electrical raceway including all necessary accessories and hardware. per composite design per AISC 360 Chapter I.,05,Metals,05 30 00,Metal Decking,Category 05 - Metals,05 30 00 Metal Decking
Material submittal for acoustic metal deck with perforations. Deck to be welded to supports at 12 inches on center. Refer to conforming to ASTM A653 galvanized steel.,05,Metals,05 30 00,Metal Decking,Category 05 - Metals,05 30 00 Metal Decking
"Provide all labor, materials and equipment for veneer plaster system over blueboard for bathroom and kitchen wet-area walls. per GA (Gypsum Association) Fire Resistance Design Manual. Partitions to achieve fire rating per UL assembly design.",09,Finishes,09 20 00,Plaster and Gypsum Board,Category 09 - Finishes,09 20 00 Plaster and Gypsum Board
SCOPE OF WORK DESCRIPTION: Subcontractor bid for fire-rated glazing assemblies 60-minute. Location: for curtain wall and storefront glazing systems. Mock-up panel required for architect approval before production.,08,Openings,08 80 00,Glazing,Category 08 - Openings,08 80 00 Glazing
Subject: Material Submittal – installation of insulated chilled water piping for plumbing including all necessary accessories and hardware. per ASME B31.9 building services piping.,22,Plumbing,22 10 00,Plumbing Piping and Pumps,Category 22 - Plumbing,22 10 00 Plumbing Piping and Pumps
"PROJECT PROPOSAL: Provide all labor, materials and equipment for tempered safety glass panels for canopy and skylight overhead glazing. per project specification Section 08 80 00. Insulated units with warm-edge spacer and argon gas fill.",08,Openings,08 80 00,Glazing,Category 08 - Openings,08 80 00 Glazing
procurement and installation of hot water circulating pump and piping including all necessary accessories and hardware. per local mechanical and fuel gas code.,23,HVAC,23 70 00,Central Heating Equipment,Category 23 - HVAC,23 70 00 Central Heating Equipment
"Provide all labor, materials and equipment for vitreous china water closet (toilet) floor-mounted for commercial kitchen and break rooms. per ASME A112.19.2 for vitreous china fixtures. ADA fixtures mounted at heights per accessibility code.",22,Plumbing,22 40 00,Plumbing Fixtures,Category 22 - Plumbing,22 40 00 Plumbing Fixtures
Subject: Material Submittal – Request for approval: vitreous china water closet (toilet) floor-mounted for use for commercial kitchen and break rooms. Fixtures to be white vitreous china unless noted otherwise. per ADA and ICC/ANSI A117.1 accessibility standard.,22,Plumbing,22 40 00,Plumbing Fixtures,Category 22 - Plumbing,22 40 00 Plumbing Fixtures
Quotation for ADA-compliant accessible plumbing fixtures for janitor closets and service areas. Chrome-plated brass faucets with ceramic disc cartridge. per plumbing fixture schedule on drawings.,22,Plumbing,22 40 00,Plumbing Fixtures,Category 22 - Plumbing,22 40 00 Plumbing Fixtures
"Supply and install CPVC hot and cold water distribution piping for roof drain piping and overflow system. Pipe connections: soldered for copper, solvent welded for PVC. per ASME B31.9 building services piping.",22,Plumbing,22 10 00,Plumbing Piping and Pumps,Category 22 - Plumbing,22 10 00 Plumbing Piping and Pumps
BID ITEM: Proposal for supply and installation of LED strip lighting for cove and accent for warehouse and industrial high-bay areas. Lighting controls to include occupancy sensors per energy code.,26,Electrical,26 50 00,Lighting,Category 26 - Electrical,26 50 00 Lighting
Quotation for steel braced frame lateral system for second floor and roof framing. Includes crane and rigging for steel erection. per project specification Section 05 10 00.,05,Metals,05 10 00,Structural Metal Framing,Category 05 - Metals,05 10 00 Structural Metal Framing
"SCOPE OF WORK DESCRIPTION: Quotation for acoustic metal deck with perforations for composite floor system at all elevated levels. Includes all side laps, end laps, and pour stop angles. per SDI (Steel Deck Institute) standards.",05,Metals,05 30 00,Metal Decking,Category 05 - Metals,05 30 00 Metal Decking
"Furnish and install high-performance epoxy wall coating for wet areas as indicated on drawings and per SSPC surface preparation standards for steel. Includes surface preparation, sanding and priming.",09,Finishes,09 90 00,Painting and Coating,Category 09 - Finishes,09 90 00 Painting and Coating
"Scope of work includes installation of drywall finishing including taping, mudding and sanding for interior partitions and ceilings throughout building. Partitions to achieve fire rating per UL assembly design.",09,Finishes,09 20 00,Plaster and Gypsum Board,Category 09 - Finishes,09 20 00 Plaster and Gypsum Board
"Supply and install modified bitumen SBS roofing system two-ply for low-slope roof area approximately 45,000 square feet. Insulation R-30 minimum per energy code, tapered for drainage. per NRCA roofing guidelines.",07,Thermal and Moisture Protection,07 50 00,Membrane Roofing,Category 07 - Thermal and Moisture Protection,07 50 00 Membrane Roofing
PROJECT PROPOSAL: Proposal for supply and installation of wall-mounted urinal with flush valve for commercial kitchen and break rooms. All fixtures to be water-efficient per WaterSense label.,22,Plumbing,22 40 00,Plumbing Fixtures,Category 22 - Plumbing,22 40 00 Plumbing Fixtures
"Quotation for drywall finishing including taping, mudding and sanding for elevator shaft and mechanical shaft walls. Partitions to achieve fire rating per UL assembly design. per UL listed assembly design number.",09,Finishes,09 20 00,Plaster and Gypsum Board,Category 09 - Finishes,09 20 00 Plaster and Gypsum Board
Scope of work includes supply and erection of aluminum gang forming system for retaining wall per structural drawings. Allow for three reuses of formwork panels.,03,Concrete,03 10 00,Concrete Forming and Accessories,Category 03 - Concrete,03 10 00 Concrete Forming and Accessories
BID ITEM: Supply and install explosion-proof lighting for hazardous locations for exterior site and building-mounted lighting. Lighting controls to include occupancy sensors per energy code. per project specification Section 26 50 00.,26,Electrical,26 50 00,Lighting,Category 26 - Electrical,26 50 00 Lighting
Subject: Material Submittal – Vendor submittal: fiberglass batt insulation R-19 for exterior walls. Insulation to be unfaced or kraft-faced as indicated. per ASHRAE 90.1 energy code requirements.,07,Thermal and Moisture Protection,07 20 00,Thermal Insulation,Category 07 - Thermal and Moisture Protection,07 20 00 Thermal Insulation
Material submittal for UPS (uninterruptible power supply) 100 kVA. Equipment to be UL 891 listed and labeled. Refer to per NEC Article 230 (Services) and 240 (Overcurrent Protection).,26,Electrical,26 20 00,Low-Voltage Electrical Distribution,Category 26 - Electrical,26 20 00 Low-Voltage Electrical Distribution
"Furnish and install column formwork with snap ties as indicated on drawings and per structural engineer approved shop drawings. Plywood grade B-B, minimum 3/4 inch thick.",03,Concrete,03 10 00,Concrete Forming and Accessories,Category 03 - Concrete,03 10 00 Concrete Forming and Accessories
"Provide all labor, materials and equipment for emergency eyewash and shower station for commercial kitchen and break rooms. per ASME A112.19.2 for vitreous china fixtures. Chrome-plated brass faucets with ceramic disc cartridge.",22,Plumbing,22 40 00,Plumbing Fixtures,Category 22 - Plumbing,22 40 00 Plumbing Fixtures
"RE: Lighting – Scope of work includes delivery and wiring of architectural pendant lighting for lobby for office, lobby and common area lighting. Color temperature: 4000K for offices, 3000K for corridors.",26,Electrical,26 50 00,Lighting,Category 26 - Electrical,26 50 00 Lighting
Scope of work includes supply and installation of automatic sensor faucets and flush valves for commercial kitchen and break rooms. Fixtures to be white vitreous china unless noted otherwise.,22,Plumbing,22 40 00,Plumbing Fixtures,Category 22 - Plumbing,22 40 00 Plumbing Fixtures
PROJECT PROPOSAL: Vendor submittal: fiber reinforcing mesh for slab-on-grade. Mill certifications required for all reinforcing steel. per ACI 318-19 and project structural drawings.,03,Concrete,03 20 00,Concrete Reinforcing,Category 03 - Concrete,03 20 00 Concrete Reinforcing
VENDOR SUBMITTAL: Vendor submittal: motor control center (MCC) with VFDs. Equipment to be UL 891 listed and labeled. per NFPA 110 for emergency power systems.,26,Electrical,26 20 00,Low-Voltage Electrical Distribution,Category 26 - Electrical,26 20 00 Low-Voltage Electrical Distribution
"Proposal for delivery and installation of solid core wood doors with hardware for fire-rated corridor and stairwell openings. Hardware to include lever handles, closers, and hinges per hardware schedule.",08,Openings,08 10 00,Doors and Frames,Category 08 - Openings,08 10 00 Doors and Frames
BID ITEM: Quotation for wall-mounted urinal with flush valve for commercial kitchen and break rooms. Chrome-plated brass faucets with ceramic disc cartridge. per ASME A112.19.2 for vitreous china fixtures.,22,Plumbing,22 40 00,Plumbing Fixtures,Category 22 - Plumbing,22 40 00 Plumbing Fixtures
"Subject: Material Submittal – Subcontractor bid for anti-graffiti coating for exterior masonry. Location: for millwork, casework and trim. Two coats finish over one coat primer on new drywall.",09,Finishes,09 90 00,Painting and Coating,Category 09 - Finishes,09 90 00 Painting and Coating
Vendor submittal: aluminum double-hung windows thermally broken. Glazing to be dual-pane insulated Low-E argon-filled. per AAMA/WDMA/CSA 101 performance standards.,08,Openings,08 50 00,Windows,Category 08 - Openings,08 50 00 Windows
"Supply and install steel access hatches and floor plates at stairwells, mechanical rooms and roof. Steel to be shop-primed with rust-inhibitive primer. per architectural detail drawings.",05,Metals,05 50 00,Metal Fabrications,Category 05 - Metals,05 50 00 Metal Fabrications
Furnish and install mini-split ductless air conditioning system as indicated on drawings and per ASHRAE 90.1 minimum efficiency requirements. Controls: BACnet compatible DDC for building automation integration.,23,HVAC,23 60 00,Central Cooling Equipment,Category 23 - HVAC,23 60 00 Central Cooling Equipment
Subcontractor bid for insulating concrete forms (ICF). Location: at building core shear walls. Forms to remain in place for minimum 7-day cure period.,03,Concrete,03 10 00,Concrete Forming and Accessories,Category 03 - Concrete,03 10 00 Concrete Forming and Accessories
Vendor submittal: duct-mounted fire and smoke dampers. TAB (Testing Adjusting Balancing) included in scope. per ASHRAE 90.1 duct insulation requirements.,23,HVAC,23 30 00,HVAC Air Distribution,Category 23 - HVAC,23 30 00 HVAC Air Distribution
Furnish and install outside air louvers with bird screen as indicated on drawings and per ASHRAE 90.1 duct insulation requirements. Duct leakage testing per SMACNA Class A seal requirement.,23,HVAC,23 30 00,HVAC Air Distribution,Category 23 - HVAC,23 30 00 HVAC Air Distribution
pouring and curing of lightweight concrete for elevated slabs including all necessary accessories and hardware. per project specification Section 03 30 00.,03,Concrete,03 30 00,Cast-in-Place Concrete,Category 03 - Concrete,03 30 00 Cast-in-Place Concrete
Proposal for furnishing and welding of metal deck shear studs and connectors for roof deck installation over steel joists. Deck to be Vulcraft or approved equal.,05,Metals,05 30 00,Metal Decking,Category 05 - Metals,05 30 00 Metal Decking
SCOPE OF WORK DESCRIPTION: framing and boarding of sound-rated gypsum board assembly STC 50 including all necessary accessories and hardware. per ASTM C840 gypsum board application standard.,09,Finishes,09 20 00,Plaster and Gypsum Board,Category 09 - Finishes,09 20 00 Plaster and Gypsum Board
furnishing and applying of traffic-bearing waterproofing for parking deck including all necessary accessories and hardware. per project specification Section 07 10 00.,07,Thermal and Moisture Protection,07 10 00,Dampproofing and Waterproofing,Category 07 - Thermal and Moisture Protection,07 10 00 Dampproofing and Waterproofing
"SCOPE OF WORK DESCRIPTION: Provide all labor, materials and equipment for curved radius concrete forms for cast-in-place concrete columns. conforming to OSHA shoring requirements. Includes form stripping, cleaning, and concrete surface patching.",03,Concrete,03 10 00,Concrete Forming and Accessories,Category 03 - Concrete,03 10 00 Concrete Forming and Accessories
RE: Thermal Insulation – Subcontractor bid for blown-in cellulose insulation for attic spaces. Location: for attic floor and knee wall insulation. Includes vapor retarder on warm side of assembly.,07,Thermal and Moisture Protection,07 20 00,Thermal Insulation,Category 07 - Thermal and Moisture Protection,07 20 00 Thermal Insulation
"Supply and install aluminum storefront entry doors for fire-rated corridor and stairwell openings. Hardware to include lever handles, closers, and hinges per hardware schedule. per project specification Section 08 10 00.",08,Openings,08 10 00,Doors and Frames,Category 08 - Openings,08 10 00 Doors and Frames
"Material submittal for sump pump and pit with float switch. Includes core drilling, firestopping and sleeve installation. Refer to per ASME B31.9 building services piping.",22,Plumbing,22 10 00,Plumbing Piping and Pumps,Category 22 - Plumbing,22 10 00 Plumbing Piping and Pumps
"BID ITEM: Subcontractor bid for high-early-strength concrete for fast-track construction. Location: for concrete columns, beams and shear walls. Includes concrete testing: slump, air content, cylinders per ACI 301.",03,Concrete,03 30 00,Cast-in-Place Concrete,Category 03 - Concrete,03 30 00 Cast-in-Place Concrete
"Provide all labor, materials and equipment for grease interceptor for commercial kitchen for building water treatment and softening. per project specification Section 22 30 00. Equipment includes mounting, piping connections and startup.",22,Plumbing,22 30 00,Plumbing Equipment,Category 22 - Plumbing,22 30 00 Plumbing Equipment
Scope of work includes glazing of 1-inch insulated glazing units (IGU) Low-E coated for building lobby and atrium glazing. Mock-up panel required for architect approval before production.,08,Openings,08 80 00,Glazing,Category 08 - Openings,08 80 00 Glazing
SCOPE OF WORK DESCRIPTION: This submittal covers the fabrication and erection of steel braced frame lateral system for second floor and roof framing. All work to comply with conforming to AWS D1.1 for welded connections. Includes crane and rigging for steel erection.,05,Metals,05 10 00,Structural Metal Framing,Category 05 - Metals,05 10 00 Structural Metal Framing
Material submittal for steel access hatches and floor plates. Steel to be shop-primed with rust-inhibitive primer. Refer to per project specification Section 05 50 00.,05,Metals,05 50 00,Metal Fabrications,Category 05 - Metals,05 50 00 Metal Fabrications
PROJECT PROPOSAL: Furnish and install curtain wall window system unitized as indicated on drawings and per energy code and ASHRAE 90.1 requirements. Windows to be factory-assembled and glazed.,08,Openings,08 50 00,Windows,Category 08 - Openings,08 50 00 Windows
procurement and installation of expansion tank for domestic water system including all necessary accessories and hardware. per NSF/ANSI 61 for drinking water components.,22,Plumbing,22 30 00,Plumbing Equipment,Category 22 - Plumbing,22 30 00 Plumbing Equipment
Material submittal for galvanized structural steel for exterior. Material per ASTM A992 Grade 50 for wide flanges. Refer to per project specification Section 05 10 00.,05,Metals,05 10 00,Structural Metal Framing,Category 05 - Metals,05 10 00 Structural Metal Framing
Scope of work includes fabrication and placement of stainless steel reinforcement for corrosive environments for concrete shear walls per seismic design. Rebar to be shop-fabricated and tagged per bar schedule.,03,Concrete,03 20 00,Concrete Reinforcing,Category 03 - Concrete,03 20 00 Concrete Reinforcing
"Scope of work includes supply and installation of water softener and treatment system for below-grade sewage ejection system. Equipment includes mounting, piping connections and startup.",22,Plumbing,22 30 00,Plumbing Equipment,Category 22 - Plumbing,22 30 00 Plumbing Equipment
Quotation for triple-glazed high-performance IGU for curtain wall and storefront glazing systems. Glass thickness and type per structural analysis for wind loads. per IGCC standards for insulating glass.,08,Openings,08 80 00,Glazing,Category 08 - Openings,08 80 00 Glazing
"This submittal covers the supply and installation of VRF (variable refrigerant flow) outdoor condensing units for building central cooling plant. All work to comply with per project specification Section 23 60 00. Includes refrigerant piping, pad, and electrical connections.",23,HVAC,23 60 00,Central Cooling Equipment,Category 23 - HVAC,23 60 00 Central Cooling Equipment
Furnish and install solid core wood doors with hardware as indicated on drawings and per NFPA 80 fire door assembly standards. Finish: factory-applied powder coat paint.,08,Openings,08 10 00,Doors and Frames,Category 08 - Openings,08 10 00 Doors and Frames
RE: Windows – supply and installation of curtain wall window system unitized including all necessary accessories and hardware. per approved window schedule and shop drawings.,08,Openings,08 50 00,Windows,Category 08 - Openings,08 50 00 Windows
Supply and install headed reinforcing bar anchors for concrete columns and beams. Bar supports at maximum 4-foot spacing. per ASTM A615 Grade 60 specifications.,03,Concrete,03 20 00,Concrete Reinforcing,Category 03 - Concrete,03 20 00 Concrete Reinforcing
SCOPE OF WORK DESCRIPTION: Vendor submittal: stainless steel piping for medical gas. Piping to be pressure tested at 1.5x operating pressure. per project specification Section 22 10 00.,22,Plumbing,22 10 00,Plumbing Piping and Pumps,Category 22 - Plumbing,22 10 00 Plumbing Piping and Pumps
VENDOR SUBMITTAL: Subcontractor bid for exterior acrylic paint system with primer. Location: for all interior walls and ceilings. Colors per architect-selected paint schedule.,09,Finishes,09 90 00,Painting and Coating,Category 09 - Finishes,09 90 00 Painting and Coating
"BID ITEM: Provide all labor, materials and equipment for steel fixed-lite windows for industrial for office and classroom window openings. per approved window schedule and shop drawings. Glazing to be dual-pane insulated Low-E argon-filled.",08,Openings,08 50 00,Windows,Category 08 - Openings,08 50 00 Windows
Subject: Material Submittal – supply and installation of point-of-use water filtration system including all necessary accessories and hardware. per ASME Boiler and Pressure Vessel Code.,22,Plumbing,22 30 00,Plumbing Equipment,Category 22 - Plumbing,22 30 00 Plumbing Equipment
"RE: Low-Voltage Electrical Distribution – Provide all labor, materials and equipment for surge protective device (SPD) panel-mounted for main electrical service and distribution. per NEC Article 230 (Services) and 240 (Overcurrent Protection). Load bank testing and startup by factory technician.",26,Electrical,26 20 00,Low-Voltage Electrical Distribution,Category 26 - Electrical,26 20 00 Low-Voltage Electrical Distribution
Material submittal for point-of-use water filtration system. 5-year manufacturer warranty on heat exchanger. Refer to per local health and plumbing code requirements.,22,Plumbing,22 30 00,Plumbing Equipment,Category 22 - Plumbing,22 30 00 Plumbing Equipment
Furnish and install copper building wire THHN/THWN various sizes as indicated on drawings and per NEC (NFPA 70) National Electrical Code. Conduit fill not to exceed 40% per NEC Chapter 9.,26,Electrical,26 05 00,Common Work Results for Electrical,Category 26 - Electrical,26 05 00 Common Work Results for Electrical
"Supply and install motor control center (MCC) with VFDs for electrical room equipment installation. Includes circuit breakers, fuses and all internal components. per utility company service entrance requirements.",26,Electrical,26 20 00,Low-Voltage Electrical Distribution,Category 26 - Electrical,26 20 00 Low-Voltage Electrical Distribution
Subcontractor bid for packaged rooftop air conditioning unit 25-ton. Location: for office building comfort cooling. Controls: BACnet compatible DDC for building automation integration.,23,HVAC,23 60 00,Central Cooling Equipment,Category 23 - HVAC,23 60 00 Central Cooling Equipment
PROJECT PROPOSAL: Material submittal for emergency eyewash and shower station. All fixtures to be water-efficient per WaterSense label. Refer to per plumbing fixture schedule on drawings.,22,Plumbing,22 40 00,Plumbing Fixtures,Category 22 - Plumbing,22 40 00 Plumbing Fixtures
"Supply and install automatic transfer switch (ATS) 400A for tenant electrical metering and sub-distribution. Generator includes sub-base fuel tank, muffler and weatherproof enclosure. per utility company service entrance requirements.",26,Electrical,26 20 00,Low-Voltage Electrical Distribution,Category 26 - Electrical,26 20 00 Low-Voltage Electrical Distribution
Supply and install distribution panelboard 225A 208/120V for emergency and standby power system. Arc flash study and labels required per NFPA 70E. per project specification Section 26 20 00.,26,Electrical,26 20 00,Low-Voltage Electrical Distribution,Category 26 - Electrical,26 20 00 Low-Voltage Electrical Distribution
BID ITEM: Proposal for procurement and installation of terrazzo flooring with brass divider strips for gymnasium and multipurpose room. Transition strips at all flooring material changes.,09,Finishes,09 60 00,Flooring,Category 09 - Finishes,09 60 00 Flooring
PROJECT PROPOSAL: Subcontractor bid for tankless instantaneous water heater. Location: for drinking water cooling and dispensing. 5-year manufacturer warranty on heat exchanger.,22,Plumbing,22 30 00,Plumbing Equipment,Category 22 - Plumbing,22 30 00 Plumbing Equipment
This submittal covers the supply and installation of duct-mounted fire and smoke dampers for office and conference room supply and return. All work to comply with per SMACNA HVAC Duct Construction Standards. Insulation: 2-inch fiberglass duct wrap with vapor barrier.,23,HVAC,23 30 00,HVAC Air Distribution,Category 23 - HVAC,23 30 00 HVAC Air Distribution
"Proposal for installation of electrical junction boxes, pull boxes and fittings for underground electrical duct bank to building. Wire pulled with approved lubricant, no damage to insulation.",26,Electrical,26 05 00,Common Work Results for Electrical,Category 26 - Electrical,26 05 00 Common Work Results for Electrical
Furnish and install fire-rated steel doors and frames 90-minute as indicated on drawings and per door and hardware schedule on drawings. Fire-rated assemblies with UL listed label.,08,Openings,08 10 00,Doors and Frames,Category 08 - Openings,08 10 00 Doors and Frames
"VENDOR SUBMITTAL: Material submittal for underground PVC electrical conduit duct bank. Wire pulled with approved lubricant, no damage to insulation. Refer to per NEC (NFPA 70) National Electrical Code.",26,Electrical,26 05 00,Common Work Results for Electrical,Category 26 - Electrical,26 05 00 Common Work Results for Electrical
fabrication and erection of structural steel roof trusses including all necessary accessories and hardware. per structural engineer sealed shop drawings.,05,Metals,05 10 00,Structural Metal Framing,Category 05 - Metals,05 10 00 Structural Metal Framing
Quotation for VRF (variable refrigerant flow) outdoor condensing units for building central cooling plant. Unit to be high-efficiency with minimum 14 SEER rating. per AHRI certified performance ratings.,23,HVAC,23 60 00,Central Cooling Equipment,Category 23 - HVAC,23 60 00 Central Cooling Equipment
"BID ITEM: Quotation for architectural pendant lighting for lobby for parking garage and canopy lighting. All fixtures to be LED with minimum 50,000-hour rated life. per DesignLights Consortium (DLC) qualified products list.",26,Electrical,26 50 00,Lighting,Category 26 - Electrical,26 50 00 Lighting
delivery and installation of wall-hung lavatory sink with faucet including all necessary accessories and hardware. per plumbing fixture schedule on drawings.,22,Plumbing,22 40 00,Plumbing Fixtures,Category 22 - Plumbing,22 40 00 Plumbing Fixtures
Furnish and install galvanized structural steel for exterior as indicated on drawings and per structural engineer sealed shop drawings. High-strength bolts A325 for all connections.,05,Metals,05 10 00,Structural Metal Framing,Category 05 - Metals,05 10 00 Structural Metal Framing
Vendor submittal: high-performance epoxy wall coating for wet areas. Colors per architect-selected paint schedule. per SSPC surface preparation standards for steel.,09,Finishes,09 90 00,Painting and Coating,Category 09 - Finishes,09 90 00 Painting and Coating
"Proposal for supply and application of elastomeric exterior wall coating for mechanical and electrical rooms. Includes surface preparation, sanding and priming.",09,Finishes,09 90 00,Painting and Coating,Category 09 - Finishes,09 90 00 Painting and Coating
"Subject: Material Submittal – Scope of work includes pouring and curing of fiber-reinforced concrete (FRC) for slab on grade for concrete columns, beams and shear walls. Maximum slump 4 inches without superplasticizer.",03,Concrete,03 30 00,Cast-in-Place Concrete,Category 03 - Concrete,03 30 00 Cast-in-Place Concrete
"Vendor submittal: raised access flooring system 6-inch pedestal. Includes all floor preparation, leveling and patching. per manufacturer installation instructions.",09,Finishes,09 60 00,Flooring,Category 09 - Finishes,09 60 00 Flooring
RE: Doors and Frames – Supply and install acoustic sound-rated door assemblies STC 45 for fire-rated corridor and stairwell openings. Fire-rated assemblies with UL listed label. per door and hardware schedule on drawings.,08,Openings,08 10 00,Doors and Frames,Category 08 - Openings,08 10 00 Doors and Frames
VENDOR SUBMITTAL: Request for approval: hot water circulating pump and piping for use for building central heating system. Controls integrated with building automation system (BAS). per project specification Section 23 70 00.,23,HVAC,23 70 00,Central Heating Equipment,Category 23 - HVAC,23 70 00 Central Heating Equipment
Subject: Material Submittal – Furnish and install steel base plates and anchor bolts as indicated on drawings and conforming to AWS D1.1 for welded connections. Material per ASTM A992 Grade 50 for wide flanges.,05,Metals,05 10 00,Structural Metal Framing,Category 05 - Metals,05 10 00 Structural Metal Framing
PROJECT PROPOSAL: Scope of work includes furnishing and connecting of LED recessed troffer light fixtures 2x4 for exterior site and building-mounted lighting. Includes dimming drivers compatible with 0-10V control system.,26,Electrical,26 50 00,Lighting,Category 26 - Electrical,26 50 00 Lighting
"Request for approval: hardwood oak strip flooring 3/4-inch solid for use for lobby, corridors and common areas. Transition strips at all flooring material changes. per project specification Section 09 60 00.",09,Finishes,09 60 00,Flooring,Category 09 - Finishes,09 60 00 Flooring
Quotation for overhead coiling steel service doors for main building entry and vestibule. Frames to be set and grouted plumb and square. per project specification Section 08 10 00.,08,Openings,08 10 00,Doors and Frames,Category 08 - Openings,08 10 00 Doors and Frames
Supply and install traffic-bearing waterproofing for parking deck for elevator pit and mechanical room. Includes protection board and drainage composite. conforming to local building code moisture protection requirements.,07,Thermal and Moisture Protection,07 10 00,Dampproofing and Waterproofing,Category 07 - Thermal and Moisture Protection,07 10 00 Dampproofing and Waterproofing
Request for approval: solid core wood doors with hardware for use for main building entry and vestibule. Finish: factory-applied powder coat paint. per NFPA 80 fire door assembly standards.,08,Openings,08 10 00,Doors and Frames,Category 08 - Openings,08 10 00 Doors and Frames
"Proposal for furnishing and erection of steel HSS columns and bracing for main building structural frame. Includes shop drawings, erection drawings and mill certificates.",05,Metals,05 10 00,Structural Metal Framing,Category 05 - Metals,05 10 00 Structural Metal Framing
"Proposal for shop fabrication and field installation of steel stair stringers, treads and handrails at stairwells, mechanical rooms and roof. Includes all anchors, fasteners and connection hardware.",05,Metals,05 50 00,Metal Fabrications,Category 05 - Metals,05 50 00 Metal Fabrications
Proposal for delivery and installation of wall-mounted urinal with flush valve for commercial kitchen and break rooms. Chrome-plated brass faucets with ceramic disc cartridge.,22,Plumbing,22 40 00,Plumbing Fixtures,Category 22 - Plumbing,22 40 00 Plumbing Fixtures
Subject: Material Submittal – supply and installation of vegetated green roof assembly with drainage mat including all necessary accessories and hardware. per NRCA roofing guidelines.,07,Thermal and Moisture Protection,07 50 00,Membrane Roofing,Category 07 - Thermal and Moisture Protection,07 50 00 Membrane Roofing
"This submittal covers the delivery and installation of fire-rated steel doors and frames 90-minute for interior and exterior door openings per door schedule. All work to comply with per NFPA 80 fire door assembly standards. Includes all weatherstripping, thresholds and smoke seals.",08,Openings,08 10 00,Doors and Frames,Category 08 - Openings,08 10 00 Doors and Frames
Supply and install VAV (variable air volume) terminal units with controls for data center precision air distribution. Ductwork fabricated per SMACNA standards. per mechanical drawings and duct layout schedule.,23,HVAC,23 30 00,HVAC Air Distribution,Category 23 - HVAC,23 30 00 HVAC Air Distribution
Furnish and install carpet tile modular 24x24 with adhesive as indicated on drawings and per project specification Section 09 60 00. Transition strips at all flooring material changes.,09,Finishes,09 60 00,Flooring,Category 09 - Finishes,09 60 00 Flooring
Request for approval: roofing penetration flashings and pitch pockets for use for green roof system over parking structure. Remove existing roofing to deck and install new system complete. per project specification Section 07 50 00.,07,Thermal and Moisture Protection,07 50 00,Membrane Roofing,Category 07 - Thermal and Moisture Protection,07 50 00 Membrane Roofing
"BID ITEM: Scope of work includes installation of foam board insulation for slab edge for mechanical room pipe and duct insulation. Insulation to be installed without gaps, voids or compression.",07,Thermal and Moisture Protection,07 20 00,Thermal Insulation,Category 07 - Thermal and Moisture Protection,07 20 00 Thermal Insulation
Subcontractor bid for aluminum sliding windows. Location: for hospital patient room exterior windows. Glazing to be dual-pane insulated Low-E argon-filled.,08,Openings,08 50 00,Windows,Category 08 - Openings,08 50 00 Windows
"Material submittal for recirculating hot water pump system. Equipment includes mounting, piping connections and startup. Refer to per ASME Boiler and Pressure Vessel Code.",22,Plumbing,22 30 00,Plumbing Equipment,Category 22 - Plumbing,22 30 00 Plumbing Equipment
Supply and install steel fixed-lite windows for industrial for exterior building facade per window schedule. Windows to be factory-assembled and glazed. per approved window schedule and shop drawings.,08,Openings,08 50 00,Windows,Category 08 - Openings,08 50 00 Windows
"PROJECT PROPOSAL: Request for approval: PVC DWV drain, waste and vent piping for use for sanitary sewer and storm drain piping. Includes all valves, supports, hangers and seismic bracing. per local plumbing code and health department requirements.",22,Plumbing,22 10 00,Plumbing Piping and Pumps,Category 22 - Plumbing,22 10 00 Plumbing Piping and Pumps
"Request for approval: mini-split ductless air conditioning system for use for rooftop packaged HVAC installation. Includes refrigerant piping, pad, and electrical connections. per project specification Section 23 60 00.",23,HVAC,23 60 00,Central Cooling Equipment,Category 23 - HVAC,23 60 00 Central Cooling Equipment
Furnish and install duct-mounted fire and smoke dampers as indicated on drawings and per project specification Section 23 30 00. Insulation: 2-inch fiberglass duct wrap with vapor barrier.,23,HVAC,23 30 00,HVAC Air Distribution,Category 23 - HVAC,23 30 00 HVAC Air Distribution
SCOPE OF WORK DESCRIPTION: Quotation for bar supports and chairs for rebar placement for foundation mat and footings. Bar supports at maximum 4-foot spacing. in accordance with Section 03 20 00.,03,Concrete,03 20 00,Concrete Reinforcing,Category 03 - Concrete,03 20 00 Concrete Reinforcing
"Supply and install vegetated green roof assembly with drainage mat for low-slope roof area approximately 45,000 square feet. Remove existing roofing to deck and install new system complete. per NRCA roofing guidelines.",07,Thermal and Moisture Protection,07 50 00,Membrane Roofing,Category 07 - Thermal and Moisture Protection,07 50 00 Membrane Roofing
"This submittal covers the furnishing and connecting of galvanized sheet metal ductwork rectangular and round for data center precision air distribution. All work to comply with per project specification Section 23 30 00. Includes all hangers, supports and seismic bracing per code.",23,HVAC,23 30 00,HVAC Air Distribution,Category 23 - HVAC,23 30 00 HVAC Air Distribution
This submittal covers the furnishing and glazing of blast-resistant security window assemblies for hospital patient room exterior windows. All work to comply with per energy code and ASHRAE 90.1 requirements. Windows to be factory-assembled and glazed.,08,Openings,08 50 00,Windows,Category 08 - Openings,08 50 00 Windows
SCOPE OF WORK DESCRIPTION: This submittal covers the supply and installation of structural steel canopy framing for second floor and roof framing. All work to comply with per AISC 360 Specification for Structural Steel Buildings. Material per ASTM A992 Grade 50 for wide flanges.,05,Metals,05 10 00,Structural Metal Framing,Category 05 - Metals,05 10 00 Structural Metal Framing
PROJECT PROPOSAL: Furnish and install vinyl casement windows with Low-E glass as indicated on drawings and per AAMA/WDMA/CSA 101 performance standards. Windows to be factory-assembled and glazed.,08,Openings,08 50 00,Windows,Category 08 - Openings,08 50 00 Windows
Scope of work includes application of crystalline waterproofing admixture for concrete for plaza deck over occupied space. 10-year manufacturer warranty on waterproofing system.,07,Thermal and Moisture Protection,07 10 00,Dampproofing and Waterproofing,Category 07 - Thermal and Moisture Protection,07 10 00 Dampproofing and Waterproofing
This submittal covers the supply and installation of standing seam metal roof panels 24-gauge for green roof system over parking structure. All work to comply with per NRCA roofing guidelines. Remove existing roofing to deck and install new system complete.,07,Thermal and Moisture Protection,07 50 00,Membrane Roofing,Category 07 - Thermal and Moisture Protection,07 50 00 Membrane Roofing
Material submittal for rubber athletic flooring for gymnasium. Base: 4-inch rubber or tile cove base at all walls. Refer to per manufacturer installation instructions.,09,Finishes,09 60 00,Flooring,Category 09 - Finishes,09 60 00 Flooring
Supply and install fire-rated steel doors and frames 90-minute for warehouse and loading dock openings. Frames to be set and grouted plumb and square. per door and hardware schedule on drawings.,08,Openings,08 10 00,Doors and Frames,Category 08 - Openings,08 10 00 Doors and Frames
"Quotation for drywall finishing including taping, mudding and sanding for tenant improvement build-out. Corner bead at all exposed edges and reveals. per ASTM C840 gypsum board application standard.",09,Finishes,09 20 00,Plaster and Gypsum Board,Category 09 - Finishes,09 20 00 Plaster and Gypsum Board
This submittal covers the supply and installation of hydronic baseboard fin-tube radiation heater for building central heating system. All work to comply with per ASME Boiler and Pressure Vessel Code for boilers. Controls integrated with building automation system (BAS).,23,HVAC,23 70 00,Central Heating Equipment,Category 23 - HVAC,23 70 00 Central Heating Equipment
This submittal covers the furnishing and tying of epoxy-coated rebar for exposed concrete for foundation mat and footings. All work to comply with per CRSI Manual of Standard Practice. Lap splices per ACI 318 development length requirements.,03,Concrete,03 20 00,Concrete Reinforcing,Category 03 - Concrete,03 20 00 Concrete Reinforcing
Subject: Material Submittal – furnishing and piping of steam-to-hot-water heat exchanger including all necessary accessories and hardware. per local mechanical and fuel gas code.,23,HVAC,23 70 00,Central Heating Equipment,Category 23 - HVAC,23 70 00 Central Heating Equipment
"Subject: Material Submittal – Request for approval: split-system DX cooling unit with condenser for use for rooftop packaged HVAC installation. Includes refrigerant piping, pad, and electrical connections. per mechanical schedule on drawings.",23,HVAC,23 60 00,Central Cooling Equipment,Category 23 - HVAC,23 60 00 Central Cooling Equipment
Scope of work includes furnishing and connecting of supply air diffusers and return air grilles for commercial kitchen ventilation system. TAB (Testing Adjusting Balancing) included in scope.,23,HVAC,23 30 00,HVAC Air Distribution,Category 23 - HVAC,23 30 00 HVAC Air Distribution
Proposal for furnishing and pulling of electrical identification labels and tags for data center cable tray installation. Conduit fill not to exceed 40% per NEC Chapter 9.,26,Electrical,26 05 00,Common Work Results for Electrical,Category 26 - Electrical,26 05 00 Common Work Results for Electrical
PROJECT PROPOSAL: Subcontractor bid for duct silencers and sound attenuators. Location: for data center precision air distribution. Ductwork fabricated per SMACNA standards.,23,HVAC,23 30 00,HVAC Air Distribution,Category 23 - HVAC,23 30 00 HVAC Air Distribution
Furnish and install LED high-bay warehouse light fixtures as indicated on drawings and per IES recommended lighting levels for occupancy type. Lighting controls to include occupancy sensors per energy code.,26,Electrical,26 50 00,Lighting,Category 26 - Electrical,26 50 00 Lighting
"PROJECT PROPOSAL: Scope of work includes furnishing and piping of steam-to-hot-water heat exchanger for warehouse and loading dock space heating. Expansion tank, air separator and chemical feeder included.",23,HVAC,23 70 00,Central Heating Equipment,Category 23 - HVAC,23 70 00 Central Heating Equipment
Quotation for blown-in cellulose insulation for attic spaces for roof insulation above deck. Includes vapor retarder on warm side of assembly. per manufacturer technical data and installation guide.,07,Thermal and Moisture Protection,07 20 00,Thermal Insulation,Category 07 - Thermal and Moisture Protection,07 20 00 Thermal Insulation
supply and installation of back-painted decorative glass panels including all necessary accessories and hardware. per ASTM C1048 for flat glass specifications.,08,Openings,08 80 00,Glazing,Category 08 - Openings,08 80 00 Glazing
Subject: Material Submittal – procurement and mounting of wall-hung lavatory sink with faucet including all necessary accessories and hardware. per ASME A112.19.2 for vitreous china fixtures.,22,Plumbing,22 40 00,Plumbing Fixtures,Category 22 - Plumbing,22 40 00 Plumbing Fixtures
Subcontractor bid for roofing penetration flashings and pitch pockets. Location: for new construction main roof and canopy areas. Remove existing roofing to deck and install new system complete.,07,Thermal and Moisture Protection,07 50 00,Membrane Roofing,Category 07 - Thermal and Moisture Protection,07 50 00 Membrane Roofing
Vendor submittal: sheet vinyl flooring for healthcare corridors. Transition strips at all flooring material changes. per TCNA Handbook for tile installations.,09,Finishes,09 60 00,Flooring,Category 09 - Finishes,09 60 00 Flooring
"RE: Concrete Forming and Accessories – Provide all labor, materials and equipment for form release agent and accessories for cast-in-place concrete columns. per structural engineer approved shop drawings. Allow for three reuses of formwork panels.",03,Concrete,03 10 00,Concrete Forming and Accessories,Category 03 - Concrete,03 10 00 Concrete Forming and Accessories
This submittal covers the furnishing and connecting of water softener and treatment system for drinking water cooling and dispensing. All work to comply with per NSF/ANSI 61 for drinking water components. Includes electrical connections by others coordination required.,22,Plumbing,22 30 00,Plumbing Equipment,Category 22 - Plumbing,22 30 00 Plumbing Equipment
"Subject: Material Submittal – Scope of work includes supply and installation of sump pump and pit with float switch for roof drain piping and overflow system. Includes all valves, supports, hangers and seismic bracing.",22,Plumbing,22 10 00,Plumbing Piping and Pumps,Category 22 - Plumbing,22 10 00 Plumbing Piping and Pumps
application of acoustic insulation for interior partitions including all necessary accessories and hardware. conforming to local energy conservation code.,07,Thermal and Moisture Protection,07 20 00,Thermal Insulation,Category 07 - Thermal and Moisture Protection,07 20 00 Thermal Insulation
BID ITEM: Material submittal for foundation drain board and protection course. Surface preparation includes primer coat as recommended by manufacturer. Refer to per ASTM D6153 for liquid-applied waterproofing.,07,Thermal and Moisture Protection,07 10 00,Dampproofing and Waterproofing,Category 07 - Thermal and Moisture Protection,07 10 00 Dampproofing and Waterproofing
"Provide all labor, materials and equipment for stainless steel piping for medical gas for mechanical room plumbing connections. per local plumbing code and health department requirements. Insulation on all hot and cold water piping per specification.",22,Plumbing,22 10 00,Plumbing Piping and Pumps,Category 22 - Plumbing,22 10 00 Plumbing Piping and Pumps
Material submittal for fiber reinforcing mesh for slab-on-grade. Rebar to be shop-fabricated and tagged per bar schedule. Refer to per CRSI Manual of Standard Practice.,03,Concrete,03 20 00,Concrete Reinforcing,Category 03 - Concrete,03 20 00 Concrete Reinforcing
"Vendor submittal: roofing penetration flashings and pitch pockets. Insulation R-30 minimum per energy code, tapered for drainage. per FM Global and UL listed roof assembly.",07,Thermal and Moisture Protection,07 50 00,Membrane Roofing,Category 07 - Thermal and Moisture Protection,07 50 00 Membrane Roofing
Request for approval: structural steel roof trusses for use for loading dock steel structure. Material per ASTM A992 Grade 50 for wide flanges. per AISC 360 Specification for Structural Steel Buildings.,05,Metals,05 10 00,Structural Metal Framing,Category 05 - Metals,05 10 00 Structural Metal Framing
SCOPE OF WORK DESCRIPTION: Furnish and install duct silencers and sound attenuators as indicated on drawings and per mechanical drawings and duct layout schedule. Ductwork fabricated per SMACNA standards.,23,HVAC,23 30 00,HVAC Air Distribution,Category 23 - HVAC,23 30 00 HVAC Air Distribution
Request for approval: epoxy resin flooring for commercial kitchen for use for gymnasium and multipurpose room. Base: 4-inch rubber or tile cove base at all walls. per TCNA Handbook for tile installations.,09,Finishes,09 60 00,Flooring,Category 09 - Finishes,09 60 00 Flooring
"Request for approval: glass mat gypsum sheathing for exterior for use for tenant improvement build-out. Metal studs at 16 inches on center, bridging at mid-height. per UL listed assembly design number.",09,Finishes,09 20 00,Plaster and Gypsum Board,Category 09 - Finishes,09 20 00 Plaster and Gypsum Board
Proposal for furnishing and connecting of architectural pendant lighting for lobby for warehouse and industrial high-bay areas. Emergency fixtures with 90-minute battery backup per code.,26,Electrical,26 50 00,Lighting,Category 26 - Electrical,26 50 00 Lighting
"VENDOR SUBMITTAL: Vendor submittal: form release agent and accessories. Includes form stripping, cleaning, and concrete surface patching. per ACI 347 standards.",03,Concrete,03 10 00,Concrete Forming and Accessories,Category 03 - Concrete,03 10 00 Concrete Forming and Accessories
Supply and install parking garage LED fixtures with daylight sensor for warehouse and industrial high-bay areas. Lighting controls to include occupancy sensors per energy code. per project specification Section 26 50 00.,26,Electrical,26 50 00,Lighting,Category 26 - Electrical,26 50 00 Lighting
"Vendor submittal: air-entrained concrete for exterior flatwork. Finish to be steel trowel for interior slabs, broom finish for exterior. conforming to ASTM C94 ready-mixed concrete standard.",03,Concrete,03 30 00,Cast-in-Place Concrete,Category 03 - Concrete,03 30 00 Cast-in-Place Concrete
Supply and install specialty antimicrobial paint for healthcare for all interior walls and ceilings. Colors per architect-selected paint schedule. per MPI (Master Painters Institute) standards.,09,Finishes,09 90 00,Painting and Coating,Category 09 - Finishes,09 90 00 Painting and Coating
"PROJECT PROPOSAL: Provide all labor, materials and equipment for ADA-compliant accessible plumbing fixtures for commercial kitchen and break rooms. per ADA and ICC/ANSI A117.1 accessibility standard. Chrome-plated brass faucets with ceramic disc cartridge.",22,Plumbing,22 40 00,Plumbing Fixtures,Category 22 - Plumbing,22 40 00 Plumbing Fixtures
BID ITEM: Request for approval: tempered safety glass panels for use for interior glass partitions and sidelights. Includes structural silicone sealant for wet glazing. per project specification Section 08 80 00.,08,Openings,08 80 00,Glazing,Category 08 - Openings,08 80 00 Glazing
Material submittal for floor sealer and concrete stain. VOC content to comply with LEED IEQ v4 requirements. Refer to per MPI (Master Painters Institute) standards.,09,Finishes,09 90 00,Painting and Coating,Category 09 - Finishes,09 90 00 Painting and Coating
Request for approval: elastomeric exterior wall coating for use for mechanical and electrical rooms. Colors per architect-selected paint schedule. per SSPC surface preparation standards for steel.,09,Finishes,09 90 00,Painting and Coating,Category 09 - Finishes,09 90 00 Painting and Coating
"PROJECT PROPOSAL: Supply and install PVC single-ply roofing membrane with hot-air welded seams for rooftop mechanical equipment area. Insulation R-30 minimum per energy code, tapered for drainage. per project specification Section 07 50 00.",07,Thermal and Moisture Protection,07 50 00,Membrane Roofing,Category 07 - Thermal and Moisture Protection,07 50 00 Membrane Roofing
VENDOR SUBMITTAL: Furnish and install steel access hatches and floor plates as indicated on drawings and per project specification Section 05 50 00. Steel to be shop-primed with rust-inhibitive primer.,05,Metals,05 50 00,Metal Fabrications,Category 05 - Metals,05 50 00 Metal Fabrications
Subcontractor bid for steel dumpster enclosure frame. Location: for equipment pads and roof penetration supports. Field welds to be ground smooth and touch-up painted.,05,Metals,05 50 00,Metal Fabrications,Category 05 - Metals,05 50 00 Metal Fabrications
"PROJECT PROPOSAL: Provide all labor, materials and equipment for rebar dowels and starter bars for foundation mat and footings. in accordance with Section 03 20 00. Includes all cutting, bending, placing and tying.",03,Concrete,03 20 00,Concrete Reinforcing,Category 03 - Concrete,03 20 00 Concrete Reinforcing
"Provide all labor, materials and equipment for heat recovery ventilator (HRV/ERV) for warehouse and loading dock space heating. per AHRI certified heating capacity ratings. Expansion tank, air separator and chemical feeder included.",23,HVAC,23 70 00,Central Heating Equipment,Category 23 - HVAC,23 70 00 Central Heating Equipment
Request for approval: 4000 PSI ready-mix structural concrete for use for exterior sidewalks and curbs. Portland cement Type I/II with 3/4 inch maximum aggregate. per project specification Section 03 30 00.,03,Concrete,03 30 00,Cast-in-Place Concrete,Category 03 - Concrete,03 30 00 Cast-in-Place Concrete
Subcontractor bid for fire-rated steel doors and frames 90-minute. Location: for main building entry and vestibule. Frames to be set and grouted plumb and square.,08,Openings,08 10 00,Doors and Frames,Category 08 - Openings,08 10 00 Doors and Frames
"Provide all labor, materials and equipment for electric water cooler / drinking fountain for domestic hot water system in mechanical room. per ASME Boiler and Pressure Vessel Code. Includes electrical connections by others coordination required.",22,Plumbing,22 30 00,Plumbing Equipment,Category 22 - Plumbing,22 30 00 Plumbing Equipment
"Subcontractor bid for split-system DX cooling unit with condenser. Location: for rooftop packaged HVAC installation. Includes refrigerant piping, pad, and electrical connections.",23,HVAC,23 60 00,Central Cooling Equipment,Category 23 - HVAC,23 60 00 Central Cooling Equipment
Proposal for glazing of spandrel glass panels with ceramic frit for canopy and skylight overhead glazing. Glass thickness and type per structural analysis for wind loads.,08,Openings,08 80 00,Glazing,Category 08 - Openings,08 80 00 Glazing
"Scope of work includes fabrication and installation of steel embed plates and loose lintels at stairwells, mechanical rooms and roof. Includes all anchors, fasteners and connection hardware.",05,Metals,05 50 00,Metal Fabrications,Category 05 - Metals,05 50 00 Metal Fabrications
furnishing and tying of reinforcing bar couplers (mechanical splices) including all necessary accessories and hardware. per ASTM A615 Grade 60 specifications.,03,Concrete,03 20 00,Concrete Reinforcing,Category 03 - Concrete,03 20 00 Concrete Reinforcing
Furnish and install metal deck pour stops and closures as indicated on drawings and per SDI (Steel Deck Institute) standards. Deck to be welded to supports at 12 inches on center.,05,Metals,05 30 00,Metal Decking,Category 05 - Metals,05 30 00 Metal Decking
"BID ITEM: Provide all labor, materials and equipment for FRP fiberglass reinforced plastic doors for main building entry and vestibule. per door and hardware schedule on drawings. Frames to be set and grouted plumb and square.",08,Openings,08 10 00,Doors and Frames,Category 08 - Openings,08 10 00 Doors and Frames
"Subject: Material Submittal – Provide all labor, materials and equipment for point-of-use water filtration system for drinking water cooling and dispensing. per ASME Boiler and Pressure Vessel Code. Includes electrical connections by others coordination required.",22,Plumbing,22 30 00,Plumbing Equipment,Category 22 - Plumbing,22 30 00 Plumbing Equipment
Scope of work includes delivery and installation of composite metal floor deck 3-inch 20 gauge for mezzanine floor deck. Deck to be welded to supports at 12 inches on center.,05,Metals,05 30 00,Metal Decking,Category 05 - Metals,05 30 00 Metal Decking
"This submittal covers the application of interior latex paint (2 coats) over primer for exterior building facade and soffits. All work to comply with per MPI (Master Painters Institute) standards. Includes surface preparation, sanding and priming.",09,Finishes,09 90 00,Painting and Coating,Category 09 - Finishes,09 90 00 Painting and Coating
This submittal covers the application of elastomeric exterior wall coating for mechanical and electrical rooms. All work to comply with per MPI (Master Painters Institute) standards. Touch-up painting at all trades damage at project completion.,09,Finishes,09 90 00,Painting and Coating,Category 09 - Finishes,09 90 00 Painting and Coating
"Vendor submittal: steel embed plates and loose lintels. Includes all anchors, fasteners and connection hardware. conforming to ASTM A36 for miscellaneous steel.",05,Metals,05 50 00,Metal Fabrications,Category 05 - Metals,05 50 00 Metal Fabrications
Scope of work includes supply and installation of sound-rated gypsum board assembly STC 50 for fire-rated corridor and stairwell assemblies. Partitions to achieve fire rating per UL assembly design.,09,Finishes,09 20 00,Plaster and Gypsum Board,Category 09 - Finishes,09 20 00 Plaster and Gypsum Board
Furnish and install galvanized structural steel for exterior as indicated on drawings and per project specification Section 05 10 00. High-strength bolts A325 for all connections.,05,Metals,05 10 00,Structural Metal Framing,Category 05 - Metals,05 10 00 Structural Metal Framing
BID ITEM: shop fabrication and field installation of steel ladder and safety cage including all necessary accessories and hardware. per project specification Section 05 50 00.,05,Metals,05 50 00,Metal Fabrications,Category 05 - Metals,05 50 00 Metal Fabrications
"Scope of work includes delivery and energization of main electrical switchboard 2000A 480/277V for emergency and standby power system. Generator includes sub-base fuel tank, muffler and weatherproof enclosure.",26,Electrical,26 20 00,Low-Voltage Electrical Distribution,Category 26 - Electrical,26 20 00 Low-Voltage Electrical Distribution
Quotation for floor sealer and concrete stain for exterior building facade and soffits. Touch-up painting at all trades damage at project completion. per SSPC surface preparation standards for steel.,09,Finishes,09 90 00,Painting and Coating,Category 09 - Finishes,09 90 00 Painting and Coating
"Provide all labor, materials and equipment for grounding and bonding system with ground rods for grounding electrode system per NEC. per project specification Section 26 05 00. As-built drawings required showing all concealed raceway routing.",26,Electrical,26 05 00,Common Work Results for Electrical,Category 26 - Electrical,26 05 00 Common Work Results for Electrical
"Scope of work includes installation of TPO single-ply membrane roofing system 60-mil for low-slope roof area approximately 45,000 square feet. System includes 20-year NDL (No Dollar Limit) manufacturer warranty.",07,Thermal and Moisture Protection,07 50 00,Membrane Roofing,Category 07 - Thermal and Moisture Protection,07 50 00 Membrane Roofing
"Vendor submittal: diesel emergency standby generator 500 kW. Includes circuit breakers, fuses and all internal components. per NFPA 110 for emergency power systems.",26,Electrical,26 20 00,Low-Voltage Electrical Distribution,Category 26 - Electrical,26 20 00 Low-Voltage Electrical Distribution
Request for approval: curtain wall window system unitized for use for residential tower window replacement. Color: clear anodized aluminum or custom RAL color. per energy code and ASHRAE 90.1 requirements.,08,Openings,08 50 00,Windows,Category 08 - Openings,08 50 00 Windows
"RE: Plaster and Gypsum Board – Request for approval: sound-rated gypsum board assembly STC 50 for use for tenant improvement build-out. Metal studs at 16 inches on center, bridging at mid-height. per GA (Gypsum Association) Fire Resistance Design Manual.",09,Finishes,09 20 00,Plaster and Gypsum Board,Category 09 - Finishes,09 20 00 Plaster and Gypsum Board
Furnish and install elastomeric exterior wall coating as indicated on drawings and per paint manufacturer technical data sheets. Colors per architect-selected paint schedule.,09,Finishes,09 90 00,Painting and Coating,Category 09 - Finishes,09 90 00 Painting and Coating
Scope of work includes installation of sheet membrane waterproofing for plaza deck for elevator pit and mechanical room. All seams to be sealed and corners reinforced.,07,Thermal and Moisture Protection,07 10 00,Dampproofing and Waterproofing,Category 07 - Thermal and Moisture Protection,07 10 00 Dampproofing and Waterproofing
"Request for approval: EMT and rigid metal conduit with fittings for use for data center cable tray installation. Includes all supports, straps and seismic bracing. per NEC (NFPA 70) National Electrical Code.",26,Electrical,26 05 00,Common Work Results for Electrical,Category 26 - Electrical,26 05 00 Common Work Results for Electrical
Furnish and install bar supports and chairs for rebar placement as indicated on drawings and per ACI 318-19 and project structural drawings. Mill certifications required for all reinforcing steel.,03,Concrete,03 20 00,Concrete Reinforcing,Category 03 - Concrete,03 20 00 Concrete Reinforcing
delivery and commissioning of radiant ceiling panel heating system including all necessary accessories and hardware. per project specification Section 23 70 00.,23,HVAC,23 70 00,Central Heating Equipment,Category 23 - HVAC,23 70 00 Central Heating Equipment
"SCOPE OF WORK DESCRIPTION: Proposal for procurement and installation of expansion tank for domestic water system for below-grade sewage ejection system. Equipment includes mounting, piping connections and startup.",22,Plumbing,22 30 00,Plumbing Equipment,Category 22 - Plumbing,22 30 00 Plumbing Equipment
Scope of work includes delivery and installation of non-composite roof deck panels for mezzanine floor deck. Minimum bearing length 2 inches on structural steel supports.,05,Metals,05 30 00,Metal Decking,Category 05 - Metals,05 30 00 Metal Decking
"Provide all labor, materials and equipment for pipe and duct insulation with vapor jacket for roof insulation above deck. per manufacturer technical data and installation guide. Fire rating: Class A flame spread per ASTM E84.",07,Thermal and Moisture Protection,07 20 00,Thermal Insulation,Category 07 - Thermal and Moisture Protection,07 20 00 Thermal Insulation
"Scope of work includes installation of sheet membrane waterproofing for plaza deck at tunnel and underground utility connections. Membrane to be installed on clean, dry substrate.",07,Thermal and Moisture Protection,07 10 00,Dampproofing and Waterproofing,Category 07 - Thermal and Moisture Protection,07 10 00 Dampproofing and Waterproofing
SCOPE OF WORK DESCRIPTION: Vendor submittal: hardwood oak strip flooring 3/4-inch solid. Base: 4-inch rubber or tile cove base at all walls. per TCNA Handbook for tile installations.,09,Finishes,09 60 00,Flooring,Category 09 - Finishes,09 60 00 Flooring
"Scope of work includes supply and placement of self-consolidating concrete (SCC) for concrete columns, beams and shear walls. Water-to-cement ratio not to exceed 0.45.",03,Concrete,03 30 00,Cast-in-Place Concrete,Category 03 - Concrete,03 30 00 Cast-in-Place Concrete
Material submittal for metal roof deck 1.5-inch Type B 22 gauge. Minimum bearing length 2 inches on structural steel supports. Refer to conforming to ASTM A653 galvanized steel.,05,Metals,05 30 00,Metal Decking,Category 05 - Metals,05 30 00 Metal Decking
Proposal for furnishing and placement of reshoring and shoring system for elevated slabs for foundation walls and footings. Forms to remain in place for minimum 7-day cure period.,03,Concrete,03 10 00,Concrete Forming and Accessories,Category 03 - Concrete,03 10 00 Concrete Forming and Accessories
Furnish and install kitchen exhaust hood and duct system as indicated on drawings and per SMACNA HVAC Duct Construction Standards. TAB (Testing Adjusting Balancing) included in scope.,23,HVAC,23 30 00,HVAC Air Distribution,Category 23 - HVAC,23 30 00 HVAC Air Distribution
Request for approval: sports field LED flood lighting system for use for interior lighting per reflected ceiling plan. Includes dimming drivers compatible with 0-10V control system. per IES recommended lighting levels for occupancy type.,26,Electrical,26 50 00,Lighting,Category 26 - Electrical,26 50 00 Lighting
Request for approval: post-tensioning tendons and anchors for use for concrete shear walls per seismic design. Bar supports at maximum 4-foot spacing. per CRSI Manual of Standard Practice.,03,Concrete,03 20 00,Concrete Reinforcing,Category 03 - Concrete,03 20 00 Concrete Reinforcing
PROJECT PROPOSAL: Proposal for supply and application of floor sealer and concrete stain for exposed structural steel fireproofing. Colors per architect-selected paint schedule.,09,Finishes,09 90 00,Painting and Coating,Category 09 - Finishes,09 90 00 Painting and Coating
installation of CPVC hot and cold water distribution piping including all necessary accessories and hardware. per local plumbing code and health department requirements.,22,Plumbing,22 10 00,Plumbing Piping and Pumps,Category 22 - Plumbing,22 10 00 Plumbing Piping and Pumps
Subject: Material Submittal – Material submittal for ductwork insulation wrap and lining. Ductwork fabricated per SMACNA standards. Refer to per SMACNA HVAC Duct Construction Standards.,23,HVAC,23 30 00,HVAC Air Distribution,Category 23 - HVAC,23 30 00 HVAC Air Distribution
Quotation for hydronic baseboard fin-tube radiation heater for mechanical room boiler plant. Factory startup required by manufacturer certified technician. per project specification Section 23 70 00.,23,HVAC,23 70 00,Central Heating Equipment,Category 23 - HVAC,23 70 00 Central Heating Equipment
BID ITEM: Scope of work includes furnishing and connecting of kitchen exhaust hood and duct system for commercial kitchen ventilation system. Duct leakage testing per SMACNA Class A seal requirement.,23,HVAC,23 30 00,HVAC Air Distribution,Category 23 - HVAC,23 30 00 HVAC Air Distribution
"VENDOR SUBMITTAL: Vendor submittal: fiberglass batt insulation R-19 for exterior walls. Insulation to be installed without gaps, voids or compression. per project specification Section 07 20 00.",07,Thermal and Moisture Protection,07 20 00,Thermal Insulation,Category 07 - Thermal and Moisture Protection,07 20 00 Thermal Insulation
This submittal covers the supply and installation of luxury vinyl plank (LVP) flooring click-lock system for office spaces and conference rooms. All work to comply with per ASTM F710 for substrate preparation. Base: 4-inch rubber or tile cove base at all walls.,09,Finishes,09 60 00,Flooring,Category 09 - Finishes,09 60 00 Flooring
VENDOR SUBMITTAL: Subcontractor bid for grease interceptor for commercial kitchen. Location: for building water treatment and softening. Unit to be seismic-rated for installation zone.,22,Plumbing,22 30 00,Plumbing Equipment,Category 22 - Plumbing,22 30 00 Plumbing Equipment
Quotation for concrete pump truck and placement services for concrete topping slab over metal deck. Maximum slump 4 inches without superplasticizer. conforming to ASTM C94 ready-mixed concrete standard.,03,Concrete,03 30 00,Cast-in-Place Concrete,Category 03 - Concrete,03 30 00 Cast-in-Place Concrete
BID ITEM: Supply and install sewage ejector pump with alarm for below-grade sewage ejection system. Unit to be seismic-rated for installation zone. per ASME Boiler and Pressure Vessel Code.,22,Plumbing,22 30 00,Plumbing Equipment,Category 22 - Plumbing,22 30 00 Plumbing Equipment
"RE: Common Work Results for Electrical – Material submittal for cable tray system ladder type with covers. Wire pulled with approved lubricant, no damage to insulation. Refer to per UL listed materials and components.",26,Electrical,26 05 00,Common Work Results for Electrical,Category 26 - Electrical,26 05 00 Common Work Results for Electrical
"This submittal covers the supply and installation of raised access flooring system 6-inch pedestal for lobby, corridors and common areas. All work to comply with per ASTM F710 for substrate preparation. Moisture testing required per ASTM F2170 before installation.",09,Finishes,09 60 00,Flooring,Category 09 - Finishes,09 60 00 Flooring
"Vendor submittal: steel security doors with electronic hardware. Includes all weatherstripping, thresholds and smoke seals. per NFPA 80 fire door assembly standards.",08,Openings,08 10 00,Doors and Frames,Category 08 - Openings,08 10 00 Doors and Frames
"Furnish and install specialty antimicrobial paint for healthcare as indicated on drawings and per project specification Section 09 90 00. Includes surface preparation, sanding and priming.",09,Finishes,09 90 00,Painting and Coating,Category 09 - Finishes,09 90 00 Painting and Coating
Scope of work includes furnishing and laying of rubber athletic flooring for gymnasium for restrooms and locker rooms. Adhesive to be low-VOC per LEED IEQ requirements.,09,Finishes,09 60 00,Flooring,Category 09 - Finishes,09 60 00 Flooring
Subcontractor bid for hydronic baseboard fin-tube radiation heater. Location: for perimeter heating at exterior walls. Factory startup required by manufacturer certified technician.,23,HVAC,23 70 00,Central Heating Equipment,Category 23 - HVAC,23 70 00 Central Heating Equipment
"This submittal covers the furnishing and connecting of duct-mounted fire and smoke dampers for rooftop air handling unit connections. All work to comply with per project specification Section 23 30 00. Includes all hangers, supports and seismic bracing per code.",23,HVAC,23 30 00,HVAC Air Distribution,Category 23 - HVAC,23 30 00 HVAC Air Distribution
"PROJECT PROPOSAL: This submittal covers the procurement and installation of mini-split ductless air conditioning system for rooftop packaged HVAC installation. All work to comply with per mechanical schedule on drawings. Includes refrigerant piping, pad, and electrical connections.",23,HVAC,23 60 00,Central Cooling Equipment,Category 23 - HVAC,23 60 00 Central Cooling Equipment
"Provide all labor, materials and equipment for steel angle lintels for masonry openings for mezzanine floor framing. per AISC 360 Specification for Structural Steel Buildings. All connections per AISC standards and structural drawings.",05,Metals,05 10 00,Structural Metal Framing,Category 05 - Metals,05 10 00 Structural Metal Framing
Scope of work includes supply and installation of galvanized structural steel for exterior for steel canopy at building entrance. High-strength bolts A325 for all connections.,05,Metals,05 10 00,Structural Metal Framing,Category 05 - Metals,05 10 00 Structural Metal Framing
Material submittal for point-of-use water filtration system. Includes electrical connections by others coordination required. Refer to per ASME Boiler and Pressure Vessel Code.,22,Plumbing,22 30 00,Plumbing Equipment,Category 22 - Plumbing,22 30 00 Plumbing Equipment
supply and installation of distribution panelboard 225A 208/120V including all necessary accessories and hardware. per NEC Article 230 (Services) and 240 (Overcurrent Protection).,26,Electrical,26 20 00,Low-Voltage Electrical Distribution,Category 26 - Electrical,26 20 00 Low-Voltage Electrical Distribution
Vendor submittal: tempered safety glass panels. Includes structural silicone sealant for wet glazing. per project specification Section 08 80 00.,08,Openings,08 80 00,Glazing,Category 08 - Openings,08 80 00 Glazing
"Proposal for supply and installation of solid core wood doors with hardware for main building entry and vestibule. Includes all weatherstripping, thresholds and smoke seals.",08,Openings,08 10 00,Doors and Frames,Category 08 - Openings,08 10 00 Doors and Frames
Scope of work includes application of mineral wool semi-rigid insulation board for continuous insulation at building envelope. Insulation to be unfaced or kraft-faced as indicated.,07,Thermal and Moisture Protection,07 20 00,Thermal Insulation,Category 07 - Thermal and Moisture Protection,07 20 00 Thermal Insulation
"Scope of work includes rough-in and connection of sump pump and pit with float switch for restroom and kitchen plumbing rough-in. Pipe connections: soldered for copper, solvent welded for PVC.",22,Plumbing,22 10 00,Plumbing Piping and Pumps,Category 22 - Plumbing,22 10 00 Plumbing Piping and Pumps
"Provide all labor, materials and equipment for hot-rolled steel I-beams for floor framing for lateral bracing system per seismic design. per structural engineer sealed shop drawings. Includes crane and rigging for steel erection.",05,Metals,05 10 00,Structural Metal Framing,Category 05 - Metals,05 10 00 Structural Metal Framing
"VENDOR SUBMITTAL: Request for approval: epoxy resin flooring for commercial kitchen for use for lobby, corridors and common areas. Base: 4-inch rubber or tile cove base at all walls. per ASTM F710 for substrate preparation.",09,Finishes,09 60 00,Flooring,Category 09 - Finishes,09 60 00 Flooring
Furnish and install steel HSS columns and bracing as indicated on drawings and per structural engineer sealed shop drawings. All connections per AISC standards and structural drawings.,05,Metals,05 10 00,Structural Metal Framing,Category 05 - Metals,05 10 00 Structural Metal Framing
Vendor submittal: supply air diffusers and return air grilles. Ductwork fabricated per SMACNA standards. per SMACNA HVAC Duct Construction Standards.,23,HVAC,23 30 00,HVAC Air Distribution,Category 23 - HVAC,23 30 00 HVAC Air Distribution
Quotation for curved radius concrete forms for cast-in-place concrete columns. Forms to remain in place for minimum 7-day cure period. per project specification Section 03 10 00.,03,Concrete,03 10 00,Concrete Forming and Accessories,Category 03 - Concrete,03 10 00 Concrete Forming and Accessories
This submittal covers the furnishing and applying of vegetated green roof assembly with drainage mat for new construction main roof and canopy areas. All work to comply with per FM Global and UL listed roof assembly. Membrane to be mechanically fastened or fully adhered per wind uplift.,07,Thermal and Moisture Protection,07 50 00,Membrane Roofing,Category 07 - Thermal and Moisture Protection,07 50 00 Membrane Roofing
"Subject: Material Submittal – Supply and install epoxy-coated rebar for exposed concrete for foundation mat and footings. Minimum concrete cover 3 inches for footings, 1.5 inches for slabs. per ASTM A615 Grade 60 specifications.",03,Concrete,03 20 00,Concrete Reinforcing,Category 03 - Concrete,03 20 00 Concrete Reinforcing
Subcontractor bid for lightweight concrete for elevated slabs. Location: for exterior sidewalks and curbs. Maximum slump 4 inches without superplasticizer.,03,Concrete,03 30 00,Cast-in-Place Concrete,Category 03 - Concrete,03 30 00 Cast-in-Place Concrete
Quotation for grease interceptor for commercial kitchen for kitchen grease waste management. Includes electrical connections by others coordination required. per local health and plumbing code requirements.,22,Plumbing,22 30 00,Plumbing Equipment,Category 22 - Plumbing,22 30 00 Plumbing Equipment
"PROJECT PROPOSAL: Request for approval: water-cooled centrifugal chiller 500-ton for use for rooftop packaged HVAC installation. Includes refrigerant piping, pad, and electrical connections. per project specification Section 23 60 00.",23,HVAC,23 60 00,Central Cooling Equipment,Category 23 - HVAC,23 60 00 Central Cooling Equipment
"Provide all labor, materials and equipment for FRP fiberglass reinforced plastic doors for fire-rated corridor and stairwell openings. per project specification Section 08 10 00. Includes all weatherstripping, thresholds and smoke seals.",08,Openings,08 10 00,Doors and Frames,Category 08 - Openings,08 10 00 Doors and Frames
Subcontractor bid for self-consolidating concrete (SCC). Location: for building foundations and footings. Concrete to be cured with wet burlap and plastic sheeting for 7 days.,03,Concrete,03 30 00,Cast-in-Place Concrete,Category 03 - Concrete,03 30 00 Cast-in-Place Concrete
"Scope of work includes installation of roof walkway pads and protection mats for low-slope roof area approximately 45,000 square feet. Insulation R-30 minimum per energy code, tapered for drainage.",07,Thermal and Moisture Protection,07 50 00,Membrane Roofing,Category 07 - Thermal and Moisture Protection,07 50 00 Membrane Roofing
"This submittal covers the furnishing and tying of epoxy-coated rebar for exposed concrete for retaining wall and grade beams. All work to comply with per ASTM A615 Grade 60 specifications. Includes all cutting, bending, placing and tying.",03,Concrete,03 20 00,Concrete Reinforcing,Category 03 - Concrete,03 20 00 Concrete Reinforcing
SCOPE OF WORK DESCRIPTION: Proposal for supply and installation of structural steel wide-flange beams W12x26 for loading dock steel structure. High-strength bolts A325 for all connections.,05,Metals,05 10 00,Structural Metal Framing,Category 05 - Metals,05 10 00 Structural Metal Framing
"Material submittal for below-grade bituminous waterproofing membrane. Membrane to be installed on clean, dry substrate. Refer to per project specification Section 07 10 00.",07,Thermal and Moisture Protection,07 10 00,Dampproofing and Waterproofing,Category 07 - Thermal and Moisture Protection,07 10 00 Dampproofing and Waterproofing
"Subject: Material Submittal – Furnish and install janitor closet plumbing fixtures as indicated on drawings and per ASME A112.19.2 for vitreous china fixtures. Includes all trim, supplies, stops and connection fittings.",22,Plumbing,22 40 00,Plumbing Fixtures,Category 22 - Plumbing,22 40 00 Plumbing Fixtures
PROJECT PROPOSAL: This submittal covers the furnishing and connecting of electric water cooler / drinking fountain for drinking water cooling and dispensing. All work to comply with per local health and plumbing code requirements. 5-year manufacturer warranty on heat exchanger.,22,Plumbing,22 30 00,Plumbing Equipment,Category 22 - Plumbing,22 30 00 Plumbing Equipment
Proposal for fabrication and installation of equipment support steel framing for interior and exterior metal railings. Steel to be shop-primed with rust-inhibitive primer.,05,Metals,05 50 00,Metal Fabrications,Category 05 - Metals,05 50 00 Metal Fabrications
Furnish and install welded wire reinforcement WWR 6x6-W2.9xW2.9 as indicated on drawings and per ACI 318-19 and project structural drawings. Lap splices per ACI 318 development length requirements.,03,Concrete,03 20 00,Concrete Reinforcing,Category 03 - Concrete,03 20 00 Concrete Reinforcing
Request for approval: welded wire reinforcement WWR 6x6-W2.9xW2.9 for use for elevated concrete slab reinforcement. Bar supports at maximum 4-foot spacing. per ASTM A615 Grade 60 specifications.,03,Concrete,03 20 00,Concrete Reinforcing,Category 03 - Concrete,03 20 00 Concrete Reinforcing
supply and erection of steel dumpster enclosure frame including all necessary accessories and hardware. per architectural detail drawings.,05,Metals,05 50 00,Metal Fabrications,Category 05 - Metals,05 50 00 Metal Fabrications
Quotation for concrete placement and finishing for foundations for exterior sidewalks and curbs. Portland cement Type I/II with 3/4 inch maximum aggregate. per approved concrete mix design.,03,Concrete,03 30 00,Cast-in-Place Concrete,Category 03 - Concrete,03 30 00 Cast-in-Place Concrete
RE: Thermal Insulation – This submittal covers the application of pipe and duct insulation with vapor jacket for continuous insulation at building envelope. All work to comply with per manufacturer technical data and installation guide. Fire rating: Class A flame spread per ASTM E84.,07,Thermal and Moisture Protection,07 20 00,Thermal Insulation,Category 07 - Thermal and Moisture Protection,07 20 00 Thermal Insulation
"Subcontractor bid for bus duct feeder system from switchboard. Location: for main electrical service and distribution. Generator includes sub-base fuel tank, muffler and weatherproof enclosure.",26,Electrical,26 20 00,Low-Voltage Electrical Distribution,Category 26 - Electrical,26 20 00 Low-Voltage Electrical Distribution
"Material submittal for wire connectors, lugs and termination kits. Conduit fill not to exceed 40% per NEC Chapter 9. Refer to per project specification Section 26 05 00.",26,Electrical,26 05 00,Common Work Results for Electrical,Category 26 - Electrical,26 05 00 Common Work Results for Electrical
Vendor submittal: structural steel canopy framing. Steel to be blast-cleaned and primed with shop primer. per structural engineer sealed shop drawings.,05,Metals,05 10 00,Structural Metal Framing,Category 05 - Metals,05 10 00 Structural Metal Framing
Request for approval: luxury vinyl plank (LVP) flooring click-lock system for use for commercial kitchen and food prep areas. Base: 4-inch rubber or tile cove base at all walls. per ASTM F710 for substrate preparation.,09,Finishes,09 60 00,Flooring,Category 09 - Finishes,09 60 00 Flooring
SCOPE OF WORK DESCRIPTION: furnishing and setting of drinking fountain / bottle filler combo unit including all necessary accessories and hardware. per plumbing fixture schedule on drawings.,22,Plumbing,22 40 00,Plumbing Fixtures,Category 22 - Plumbing,22 40 00 Plumbing Fixtures
RE: HVAC Air Distribution – Vendor submittal: ductwork insulation wrap and lining. Ductwork fabricated per SMACNA standards. per SMACNA HVAC Duct Construction Standards.,23,HVAC,23 30 00,HVAC Air Distribution,Category 23 - HVAC,23 30 00 HVAC Air Distribution
"VENDOR SUBMITTAL: This submittal covers the supply and installation of firestopping for electrical penetrations for underground electrical duct bank to building. All work to comply with per project specification Section 26 05 00. Wire pulled with approved lubricant, no damage to insulation.",26,Electrical,26 05 00,Common Work Results for Electrical,Category 26 - Electrical,26 05 00 Common Work Results for Electrical
Subcontractor bid for spray-applied polyurethane foam insulation (SPF). Location: for continuous insulation at building envelope. Insulation to be unfaced or kraft-faced as indicated.,07,Thermal and Moisture Protection,07 20 00,Thermal Insulation,Category 07 - Thermal and Moisture Protection,07 20 00 Thermal Insulation
"BID ITEM: Scope of work includes furnishing and applying of PVC single-ply roofing membrane with hot-air welded seams for green roof system over parking structure. Includes all flashings, counterflashings, and edge metal.",07,Thermal and Moisture Protection,07 50 00,Membrane Roofing,Category 07 - Thermal and Moisture Protection,07 50 00 Membrane Roofing
"SCOPE OF WORK DESCRIPTION: Provide all labor, materials and equipment for headed reinforcing bar anchors for retaining wall and grade beams. per CRSI Manual of Standard Practice. Mill certifications required for all reinforcing steel.",03,Concrete,03 20 00,Concrete Reinforcing,Category 03 - Concrete,03 20 00 Concrete Reinforcing
"Request for approval: steel stair stringers, treads and handrails for use miscellaneous metals throughout building. Steel to be shop-primed with rust-inhibitive primer. per project specification Section 05 50 00.",05,Metals,05 50 00,Metal Fabrications,Category 05 - Metals,05 50 00 Metal Fabrications
"Furnish and install access doors and panels flush-mounted as indicated on drawings and per project specification Section 08 10 00. Includes all weatherstripping, thresholds and smoke seals.",08,Openings,08 10 00,Doors and Frames,Category 08 - Openings,08 10 00 Doors and Frames
Furnish and install steel dumpster enclosure frame as indicated on drawings and per architectural detail drawings. All exposed steel to be hot-dip galvanized after fabrication.,05,Metals,05 50 00,Metal Fabrications,Category 05 - Metals,05 50 00 Metal Fabrications
RE: Plumbing Equipment – Vendor submittal: commercial gas-fired water heater 100-gallon. 5-year manufacturer warranty on heat exchanger. per local health and plumbing code requirements.,22,Plumbing,22 30 00,Plumbing Equipment,Category 22 - Plumbing,22 30 00 Plumbing Equipment
Request for approval: water softener and treatment system for use for below-grade sewage ejection system. 5-year manufacturer warranty on heat exchanger. per project specification Section 22 30 00.,22,Plumbing,22 30 00,Plumbing Equipment,Category 22 - Plumbing,22 30 00 Plumbing Equipment
"Quotation for sheet membrane waterproofing for plaza deck at tunnel and underground utility connections. Membrane to be installed on clean, dry substrate. per manufacturer installation guidelines.",07,Thermal and Moisture Protection,07 10 00,Dampproofing and Waterproofing,Category 07 - Thermal and Moisture Protection,07 10 00 Dampproofing and Waterproofing
"VENDOR SUBMITTAL: Provide all labor, materials and equipment for plywood concrete formwork system for cast-in-place concrete columns. conforming to OSHA shoring requirements. Allow for three reuses of formwork panels.",03,Concrete,03 10 00,Concrete Forming and Accessories,Category 03 - Concrete,03 10 00 Concrete Forming and Accessories
PROJECT PROPOSAL: Quotation for water softener and treatment system for drinking water cooling and dispensing. Unit to be seismic-rated for installation zone. per project specification Section 22 30 00.,22,Plumbing,22 30 00,Plumbing Equipment,Category 22 - Plumbing,22 30 00 Plumbing Equipment
"RE: Metal Decking – Provide all labor, materials and equipment for galvanized corrugated steel decking for composite floor system at all elevated levels. conforming to ASTM A653 galvanized steel. Deck to be Vulcraft or approved equal.",05,Metals,05 30 00,Metal Decking,Category 05 - Metals,05 30 00 Metal Decking
This submittal covers the installation of porcelain tile flooring 24x24 inch with thin-set mortar for office spaces and conference rooms. All work to comply with per TCNA Handbook for tile installations. Adhesive to be low-VOC per LEED IEQ requirements.,09,Finishes,09 60 00,Flooring,Category 09 - Finishes,09 60 00 Flooring
Material submittal for insulating concrete forms (ICF). Allow for three reuses of formwork panels. Refer to conforming to OSHA shoring requirements.,03,Concrete,03 10 00,Concrete Forming and Accessories,Category 03 - Concrete,03 10 00 Concrete Forming and Accessories
BID ITEM: Subcontractor bid for outside air louvers with bird screen. Location: for HVAC air distribution throughout building. Ductwork fabricated per SMACNA standards.,23,HVAC,23 30 00,HVAC Air Distribution,Category 23 - HVAC,23 30 00 HVAC Air Distribution
"Material submittal for VRF (variable refrigerant flow) outdoor condensing units. Includes refrigerant piping, pad, and electrical connections. Refer to per mechanical schedule on drawings.",23,HVAC,23 60 00,Central Cooling Equipment,Category 23 - HVAC,23 60 00 Central Cooling Equipment
Vendor submittal: steel access hatches and floor plates. Steel to be shop-primed with rust-inhibitive primer. per project specification Section 05 50 00.,05,Metals,05 50 00,Metal Fabrications,Category 05 - Metals,05 50 00 Metal Fabrications
Quotation for 4000 PSI ready-mix structural concrete for slab-on-grade in warehouse area. Water-to-cement ratio not to exceed 0.45. per project specification Section 03 30 00.,03,Concrete,03 30 00,Cast-in-Place Concrete,Category 03 - Concrete,03 30 00 Cast-in-Place Concrete
"PROJECT PROPOSAL: Scope of work includes delivery and setting of blast-resistant security window assemblies for hospital patient room exterior windows. U-factor 0.30 maximum, SHGC 0.25 maximum per energy code.",08,Openings,08 50 00,Windows,Category 08 - Openings,08 50 00 Windows
Furnish and install steel pipe bollards with concrete fill as indicated on drawings and per project specification Section 05 50 00. All exposed steel to be hot-dip galvanized after fabrication.,05,Metals,05 50 00,Metal Fabrications,Category 05 - Metals,05 50 00 Metal Fabrications
"BID ITEM: Supply and install air-entrained concrete for exterior flatwork for concrete columns, beams and shear walls. Water-to-cement ratio not to exceed 0.45. conforming to ASTM C94 ready-mixed concrete standard.",03,Concrete,03 30 00,Cast-in-Place Concrete,Category 03 - Concrete,03 30 00 Cast-in-Place Concrete
"Subcontractor bid for roofing insulation tapered cricket system. Location: for rooftop mechanical equipment area. Insulation R-30 minimum per energy code, tapered for drainage.",07,Thermal and Moisture Protection,07 50 00,Membrane Roofing,Category 07 - Thermal and Moisture Protection,07 50 00 Membrane Roofing
"Furnish and install point-of-use water filtration system as indicated on drawings and per project specification Section 22 30 00. Equipment includes mounting, piping connections and startup.",22,Plumbing,22 30 00,Plumbing Equipment,Category 22 - Plumbing,22 30 00 Plumbing Equipment
"Provide all labor, materials and equipment for back-painted decorative glass panels for curtain wall and storefront glazing systems. per project specification Section 08 80 00. Includes structural silicone sealant for wet glazing.",08,Openings,08 80 00,Glazing,Category 08 - Openings,08 80 00 Glazing
Scope of work includes supply and installation of point-of-use water filtration system for drinking water cooling and dispensing. Unit to be seismic-rated for installation zone.,22,Plumbing,22 30 00,Plumbing Equipment,Category 22 - Plumbing,22 30 00 Plumbing Equipment
Request for approval: air-cooled scroll chiller 100-ton capacity for use for data center and server room cooling. Unit to be high-efficiency with minimum 14 SEER rating. per ASHRAE 90.1 minimum efficiency requirements.,23,HVAC,23 60 00,Central Cooling Equipment,Category 23 - HVAC,23 60 00 Central Cooling Equipment
"This submittal covers the installation of TPO single-ply membrane roofing system 60-mil for low-slope roof area approximately 45,000 square feet. All work to comply with per NRCA roofing guidelines. Insulation R-30 minimum per energy code, tapered for drainage.",07,Thermal and Moisture Protection,07 50 00,Membrane Roofing,Category 07 - Thermal and Moisture Protection,07 50 00 Membrane Roofing
BID ITEM: Material submittal for terrazzo flooring with brass divider strips. Adhesive to be low-VOC per LEED IEQ requirements. Refer to per manufacturer installation instructions.,09,Finishes,09 60 00,Flooring,Category 09 - Finishes,09 60 00 Flooring
"Vendor submittal: air-cooled scroll chiller 100-ton capacity. Includes refrigerant piping, pad, and electrical connections. per project specification Section 23 60 00.",23,HVAC,23 60 00,Central Cooling Equipment,Category 23 - HVAC,23 60 00 Central Cooling Equipment
"SCOPE OF WORK DESCRIPTION: Provide all labor, materials and equipment for recirculating hot water pump system for building water treatment and softening. per project specification Section 22 30 00. Equipment includes mounting, piping connections and startup.",22,Plumbing,22 30 00,Plumbing Equipment,Category 22 - Plumbing,22 30 00 Plumbing Equipment
PROJECT PROPOSAL: Furnish and install concrete placement and finishing for foundations as indicated on drawings and per project specification Section 03 30 00. Portland cement Type I/II with 3/4 inch maximum aggregate.,03,Concrete,03 30 00,Cast-in-Place Concrete,Category 03 - Concrete,03 30 00 Cast-in-Place Concrete
Request for approval: underslab vapor barrier 15-mil polyethylene for use for below-grade foundation walls and footings. 10-year manufacturer warranty on waterproofing system. per project specification Section 07 10 00.,07,Thermal and Moisture Protection,07 10 00,Dampproofing and Waterproofing,Category 07 - Thermal and Moisture Protection,07 10 00 Dampproofing and Waterproofing
"RE: Common Work Results for Electrical – Supply and install EMT and rigid metal conduit with fittings for underground electrical duct bank to building. Wire pulled with approved lubricant, no damage to insulation. per NECA installation standards.",26,Electrical,26 05 00,Common Work Results for Electrical,Category 26 - Electrical,26 05 00 Common Work Results for Electrical
"Request for approval: bus duct feeder system from switchboard for use for building power distribution infrastructure. Generator includes sub-base fuel tank, muffler and weatherproof enclosure. per NEC Article 230 (Services) and 240 (Overcurrent Protection).",26,Electrical,26 20 00,Low-Voltage Electrical Distribution,Category 26 - Electrical,26 20 00 Low-Voltage Electrical Distribution
VENDOR SUBMITTAL: Scope of work includes furnishing and pulling of electrical identification labels and tags for data center cable tray installation. Conduit fill not to exceed 40% per NEC Chapter 9.,26,Electrical,26 05 00,Common Work Results for Electrical,Category 26 - Electrical,26 05 00 Common Work Results for Electrical
Request for approval: structural steel roof trusses for use for main building structural frame. Includes crane and rigging for steel erection. per AISC 360 Specification for Structural Steel Buildings.,05,Metals,05 10 00,Structural Metal Framing,Category 05 - Metals,05 10 00 Structural Metal Framing
"RE: Flooring – Material submittal for polished concrete floor with densifier and sealer. Includes all floor preparation, leveling and patching. Refer to per manufacturer installation instructions.",09,Finishes,09 60 00,Flooring,Category 09 - Finishes,09 60 00 Flooring
Furnish and install recirculating hot water pump system as indicated on drawings and per NSF/ANSI 61 for drinking water components. 5-year manufacturer warranty on heat exchanger.,22,Plumbing,22 30 00,Plumbing Equipment,Category 22 - Plumbing,22 30 00 Plumbing Equipment
Vendor submittal: liquid-applied air and vapor barrier. Surface preparation includes primer coat as recommended by manufacturer. conforming to local building code moisture protection requirements.,07,Thermal and Moisture Protection,07 10 00,Dampproofing and Waterproofing,Category 07 - Thermal and Moisture Protection,07 10 00 Dampproofing and Waterproofing
Furnish and install crystalline waterproofing admixture for concrete as indicated on drawings and per project specification Section 07 10 00. Surface preparation includes primer coat as recommended by manufacturer.,07,Thermal and Moisture Protection,07 10 00,Dampproofing and Waterproofing,Category 07 - Thermal and Moisture Protection,07 10 00 Dampproofing and Waterproofing
"Scope of work includes supply and installation of galvanized corrugated steel decking for mezzanine floor deck. Includes all side laps, end laps, and pour stop angles.",05,Metals,05 30 00,Metal Decking,Category 05 - Metals,05 30 00 Metal Decking
"Furnish and install steel stair stringers, treads and handrails as indicated on drawings and per ADA and local building code requirements. Steel to be shop-primed with rust-inhibitive primer.",05,Metals,05 50 00,Metal Fabrications,Category 05 - Metals,05 50 00 Metal Fabrications
"Proposal for furnishing and connecting of exterior LED wall pack and pole-mounted fixtures for office, lobby and common area lighting. Lighting controls to include occupancy sensors per energy code.",26,Electrical,26 50 00,Lighting,Category 26 - Electrical,26 50 00 Lighting
Material submittal for electric resistance duct heater. Boiler efficiency exceeds ASHRAE 90.1 minimum requirement. Refer to per ASME Boiler and Pressure Vessel Code for boilers.,23,HVAC,23 70 00,Central Heating Equipment,Category 23 - HVAC,23 70 00 Central Heating Equipment
Subcontractor bid for fluid-applied rubberized asphalt waterproofing. Location: for plaza deck over occupied space. All seams to be sealed and corners reinforced.,07,Thermal and Moisture Protection,07 10 00,Dampproofing and Waterproofing,Category 07 - Thermal and Moisture Protection,07 10 00 Dampproofing and Waterproofing
Quotation for point-of-use water filtration system for below-grade sewage ejection system. Includes electrical connections by others coordination required. per ASME Boiler and Pressure Vessel Code.,22,Plumbing,22 30 00,Plumbing Equipment,Category 22 - Plumbing,22 30 00 Plumbing Equipment
"PROJECT PROPOSAL: Provide all labor, materials and equipment for elastomeric exterior wall coating for exterior building facade and soffits. per SSPC surface preparation standards for steel. Touch-up painting at all trades damage at project completion.",09,Finishes,09 90 00,Painting and Coating,Category 09 - Finishes,09 90 00 Painting and Coating
Vendor submittal: high-early-strength concrete for fast-track construction. Concrete to be cured with wet burlap and plastic sheeting for 7 days. conforming to ASTM C94 ready-mixed concrete standard.,03,Concrete,03 30 00,Cast-in-Place Concrete,Category 03 - Concrete,03 30 00 Cast-in-Place Concrete
BID ITEM: Scope of work includes supply and installation of sump pump and pit with float switch for building domestic water distribution system. Insulation on all hot and cold water piping per specification.,22,Plumbing,22 10 00,Plumbing Piping and Pumps,Category 22 - Plumbing,22 10 00 Plumbing Piping and Pumps
SCOPE OF WORK DESCRIPTION: This submittal covers the supply and installation of back-painted decorative glass panels for building lobby and atrium glazing. All work to comply with per IGCC standards for insulating glass. Insulated units with warm-edge spacer and argon gas fill.,08,Openings,08 80 00,Glazing,Category 08 - Openings,08 80 00 Glazing
"Proposal for furnishing and connecting of outside air louvers with bird screen for data center precision air distribution. Includes all hangers, supports and seismic bracing per code.",23,HVAC,23 30 00,HVAC Air Distribution,Category 23 - HVAC,23 30 00 HVAC Air Distribution
"Request for approval: PVC DWV drain, waste and vent piping for use for mechanical room plumbing connections. Includes core drilling, firestopping and sleeve installation. per project specification Section 22 10 00.",22,Plumbing,22 10 00,Plumbing Piping and Pumps,Category 22 - Plumbing,22 10 00 Plumbing Piping and Pumps
"VENDOR SUBMITTAL: This submittal covers the fabrication and installation of reshoring and shoring system for elevated slabs for elevated slab construction at level 2 through roof. All work to comply with per project specification Section 03 10 00. Includes form stripping, cleaning, and concrete surface patching.",03,Concrete,03 10 00,Concrete Forming and Accessories,Category 03 - Concrete,03 10 00 Concrete Forming and Accessories
This submittal covers the procurement and installation of electrical metering and monitoring system for tenant electrical metering and sub-distribution. All work to comply with per project specification Section 26 20 00. Arc flash study and labels required per NFPA 70E.,26,Electrical,26 20 00,Low-Voltage Electrical Distribution,Category 26 - Electrical,26 20 00 Low-Voltage Electrical Distribution
"RE: Concrete Forming and Accessories – This submittal covers the installation of slab edge forms and blockouts for retaining wall per structural drawings. All work to comply with conforming to OSHA shoring requirements. Includes all bracing, wedges, and form oil.",03,Concrete,03 10 00,Concrete Forming and Accessories,Category 03 - Concrete,03 10 00 Concrete Forming and Accessories
"Scope of work includes supply and installation of drywall finishing including taping, mudding and sanding for interior partitions and ceilings throughout building. Corner bead at all exposed edges and reveals.",09,Finishes,09 20 00,Plaster and Gypsum Board,Category 09 - Finishes,09 20 00 Plaster and Gypsum Board
RE: Concrete Reinforcing – Request for approval: welded wire reinforcement WWR 6x6-W2.9xW2.9 for use for retaining wall and grade beams. Rebar to be shop-fabricated and tagged per bar schedule. per CRSI Manual of Standard Practice.,03,Concrete,03 20 00,Concrete Reinforcing,Category 03 - Concrete,03 20 00 Concrete Reinforcing
Material submittal for galvanized steel shelf angles for masonry. Handrails to comply with ADA requirements. Refer to per project specification Section 05 50 00.,05,Metals,05 50 00,Metal Fabrications,Category 05 - Metals,05 50 00 Metal Fabrications
tear-off and replacement of TPO single-ply membrane roofing system 60-mil including all necessary accessories and hardware. per FM Global and UL listed roof assembly.,07,Thermal and Moisture Protection,07 50 00,Membrane Roofing,Category 07 - Thermal and Moisture Protection,07 50 00 Membrane Roofing
Supply and install backflow preventer and pressure reducing valve for roof drain piping and overflow system. Insulation on all hot and cold water piping per specification. per Uniform Plumbing Code (UPC).,22,Plumbing,22 10 00,Plumbing Piping and Pumps,Category 22 - Plumbing,22 10 00 Plumbing Piping and Pumps
This submittal covers the installation of plywood concrete formwork system for foundation walls and footings. All work to comply with per project specification Section 03 10 00. Snap ties at 24 inches on center both ways.,03,Concrete,03 10 00,Concrete Forming and Accessories,Category 03 - Concrete,03 10 00 Concrete Forming and Accessories
BID ITEM: Material submittal for metal stud framing 3-5/8 inch 20-gauge. Includes acoustic sealant at top and bottom tracks. Refer to per GA (Gypsum Association) Fire Resistance Design Manual.,09,Finishes,09 20 00,Plaster and Gypsum Board,Category 09 - Finishes,09 20 00 Plaster and Gypsum Board
Quotation for supply air diffusers and return air grilles for rooftop air handling unit connections. Insulation: 2-inch fiberglass duct wrap with vapor barrier. per SMACNA HVAC Duct Construction Standards.,23,HVAC,23 30 00,HVAC Air Distribution,Category 23 - HVAC,23 30 00 HVAC Air Distribution
Material submittal for ductwork insulation wrap and lining. Insulation: 2-inch fiberglass duct wrap with vapor barrier. Refer to per project specification Section 23 30 00.,23,HVAC,23 30 00,HVAC Air Distribution,Category 23 - HVAC,23 30 00 HVAC Air Distribution
"Provide all labor, materials and equipment for thermostatic mixing valve station for kitchen grease waste management. per project specification Section 22 30 00. Manufacturer factory startup and commissioning required.",22,Plumbing,22 30 00,Plumbing Equipment,Category 22 - Plumbing,22 30 00 Plumbing Equipment
"Furnish and install PVC DWV drain, waste and vent piping as indicated on drawings and per local plumbing code and health department requirements. Pipe connections: soldered for copper, solvent welded for PVC.",22,Plumbing,22 10 00,Plumbing Piping and Pumps,Category 22 - Plumbing,22 10 00 Plumbing Piping and Pumps
"SCOPE OF WORK DESCRIPTION: Scope of work includes supply and installation of galvanized corrugated steel decking for mezzanine floor deck. Includes all side laps, end laps, and pour stop angles.",05,Metals,05 30 00,Metal Decking,Category 05 - Metals,05 30 00 Metal Decking
"Request for approval: wire connectors, lugs and termination kits for use for electrical raceway and wiring infrastructure. Conduit fill not to exceed 40% per NEC Chapter 9. per NECA installation standards.",26,Electrical,26 05 00,Common Work Results for Electrical,Category 26 - Electrical,26 05 00 Common Work Results for Electrical
SCOPE OF WORK DESCRIPTION: This submittal covers the delivery and energization of UPS (uninterruptible power supply) 100 kVA for emergency and standby power system. All work to comply with per NEC Article 230 (Services) and 240 (Overcurrent Protection). Equipment to be UL 891 listed and labeled.,26,Electrical,26 20 00,Low-Voltage Electrical Distribution,Category 26 - Electrical,26 20 00 Low-Voltage Electrical Distribution
Vendor submittal: packaged rooftop air conditioning unit 25-ton. Unit to be high-efficiency with minimum 14 SEER rating. per project specification Section 23 60 00.,23,HVAC,23 60 00,Central Cooling Equipment,Category 23 - HVAC,23 60 00 Central Cooling Equipment
Material submittal for water softener and treatment system. Unit to be seismic-rated for installation zone. Refer to per NSF/ANSI 61 for drinking water components.,22,Plumbing,22 30 00,Plumbing Equipment,Category 22 - Plumbing,22 30 00 Plumbing Equipment
VENDOR SUBMITTAL: Proposal for furnishing and connecting of parking garage LED fixtures with daylight sensor for warehouse and industrial high-bay areas. Emergency fixtures with 90-minute battery backup per code.,26,Electrical,26 50 00,Lighting,Category 26 - Electrical,26 50 00 Lighting
"Material submittal for structural steel wide-flange beams W12x26. Includes shop drawings, erection drawings and mill certificates. Refer to per AISC 360 Specification for Structural Steel Buildings.",05,Metals,05 10 00,Structural Metal Framing,Category 05 - Metals,05 10 00 Structural Metal Framing
Supply and install foam board insulation for slab edge for mechanical room pipe and duct insulation. Insulation to be unfaced or kraft-faced as indicated. per ASHRAE 90.1 energy code requirements.,07,Thermal and Moisture Protection,07 20 00,Thermal Insulation,Category 07 - Thermal and Moisture Protection,07 20 00 Thermal Insulation
delivery and startup of point-of-use water filtration system including all necessary accessories and hardware. per ASME Boiler and Pressure Vessel Code.,22,Plumbing,22 30 00,Plumbing Equipment,Category 22 - Plumbing,22 30 00 Plumbing Equipment
RE: Windows – furnishing and glazing of steel fixed-lite windows for industrial including all necessary accessories and hardware. per AAMA/WDMA/CSA 101 performance standards.,08,Openings,08 50 00,Windows,Category 08 - Openings,08 50 00 Windows
"Provide all labor, materials and equipment for blast-resistant security window assemblies for high-rise building perimeter. per project specification Section 08 50 00. Windows to be factory-assembled and glazed.",08,Openings,08 50 00,Windows,Category 08 - Openings,08 50 00 Windows
furnishing and connecting of electrical metering and monitoring system including all necessary accessories and hardware. per NFPA 110 for emergency power systems.,26,Electrical,26 20 00,Low-Voltage Electrical Distribution,Category 26 - Electrical,26 20 00 Low-Voltage Electrical Distribution
Request for approval: sheet vinyl flooring for healthcare corridors for use for office spaces and conference rooms. Moisture testing required per ASTM F2170 before installation. per TCNA Handbook for tile installations.,09,Finishes,09 60 00,Flooring,Category 09 - Finishes,09 60 00 Flooring
Scope of work includes supply and installation of duct silencers and sound attenuators for commercial kitchen ventilation system. TAB (Testing Adjusting Balancing) included in scope.,23,HVAC,23 30 00,HVAC Air Distribution,Category 23 - HVAC,23 30 00 HVAC Air Distribution
"This submittal covers the rough-in and connection of backflow preventer and pressure reducing valve for building domestic water distribution system. All work to comply with per ASME B31.9 building services piping. Includes all valves, supports, hangers and seismic bracing.",22,Plumbing,22 10 00,Plumbing Piping and Pumps,Category 22 - Plumbing,22 10 00 Plumbing Piping and Pumps
Material submittal for cementitious dampproofing coating. Surface preparation includes primer coat as recommended by manufacturer. Refer to conforming to local building code moisture protection requirements.,07,Thermal and Moisture Protection,07 10 00,Dampproofing and Waterproofing,Category 07 - Thermal and Moisture Protection,07 10 00 Dampproofing and Waterproofing
Quotation for steel braced frame lateral system for steel canopy at building entrance. Steel to be blast-cleaned and primed with shop primer. per project specification Section 05 10 00.,05,Metals,05 10 00,Structural Metal Framing,Category 05 - Metals,05 10 00 Structural Metal Framing
"Supply and install wire connectors, lugs and termination kits for electrical raceway and wiring infrastructure. Conduit fill not to exceed 40% per NEC Chapter 9. per project specification Section 26 05 00.",26,Electrical,26 05 00,Common Work Results for Electrical,Category 26 - Electrical,26 05 00 Common Work Results for Electrical
"Supply and install moisture-resistant (green board) gypsum in wet areas for bathroom and kitchen wet-area walls. Metal studs at 16 inches on center, bridging at mid-height. per UL listed assembly design number.",09,Finishes,09 20 00,Plaster and Gypsum Board,Category 09 - Finishes,09 20 00 Plaster and Gypsum Board
"Quotation for plywood concrete formwork system for cast-in-place concrete columns. Plywood grade B-B, minimum 3/4 inch thick. conforming to OSHA shoring requirements.",03,Concrete,03 10 00,Concrete Forming and Accessories,Category 03 - Concrete,03 10 00 Concrete Forming and Accessories
"PROJECT PROPOSAL: Provide all labor, materials and equipment for curved radius concrete forms for cast-in-place concrete columns. per project specification Section 03 10 00. Includes all bracing, wedges, and form oil.",03,Concrete,03 10 00,Concrete Forming and Accessories,Category 03 - Concrete,03 10 00 Concrete Forming and Accessories
"Supply and install hot water circulating pump and piping for building central heating system. Includes gas piping, venting and combustion air provisions. per AHRI certified heating capacity ratings.",23,HVAC,23 70 00,Central Heating Equipment,Category 23 - HVAC,23 70 00 Central Heating Equipment
"Proposal for shop fabrication and field installation of miscellaneous steel angles, plates and channels for building perimeter bollard protection. Includes all anchors, fasteners and connection hardware.",05,Metals,05 50 00,Metal Fabrications,Category 05 - Metals,05 50 00 Metal Fabrications
VENDOR SUBMITTAL: Request for approval: pipe and duct insulation with vapor jacket for use for exterior wall cavities and stud bays. Includes vapor retarder on warm side of assembly. per ASHRAE 90.1 energy code requirements.,07,Thermal and Moisture Protection,07 20 00,Thermal Insulation,Category 07 - Thermal and Moisture Protection,07 20 00 Thermal Insulation
Scope of work includes furnishing and placement of column formwork with snap ties for foundation walls and footings. Allow for three reuses of formwork panels.,03,Concrete,03 10 00,Concrete Forming and Accessories,Category 03 - Concrete,03 10 00 Concrete Forming and Accessories
Subcontractor bid for liquid-applied air and vapor barrier. Location: for occupied basement and parking levels. All seams to be sealed and corners reinforced.,07,Thermal and Moisture Protection,07 10 00,Dampproofing and Waterproofing,Category 07 - Thermal and Moisture Protection,07 10 00 Dampproofing and Waterproofing
fabrication and erection of hot-rolled steel I-beams for floor framing including all necessary accessories and hardware. per project specification Section 05 10 00.,05,Metals,05 10 00,Structural Metal Framing,Category 05 - Metals,05 10 00 Structural Metal Framing
Request for approval: pipe and duct insulation with vapor jacket for use for attic floor and knee wall insulation. R-value verified by third-party testing per ASTM C518. per ASHRAE 90.1 energy code requirements.,07,Thermal and Moisture Protection,07 20 00,Thermal Insulation,Category 07 - Thermal and Moisture Protection,07 20 00 Thermal Insulation
Supply and install cooling tower induced draft crossflow for tenant space supplemental cooling. Unit to be high-efficiency with minimum 14 SEER rating. per ASHRAE 90.1 minimum efficiency requirements.,23,HVAC,23 60 00,Central Cooling Equipment,Category 23 - HVAC,23 60 00 Central Cooling Equipment
Vendor submittal: foundation drain board and protection course. All seams to be sealed and corners reinforced. per project specification Section 07 10 00.,07,Thermal and Moisture Protection,07 10 00,Dampproofing and Waterproofing,Category 07 - Thermal and Moisture Protection,07 10 00 Dampproofing and Waterproofing
"Supply and install column formwork with snap ties for elevated slab construction at level 2 through roof. Includes form stripping, cleaning, and concrete surface patching. per project specification Section 03 10 00.",03,Concrete,03 10 00,Concrete Forming and Accessories,Category 03 - Concrete,03 10 00 Concrete Forming and Accessories
Subcontractor bid for veneer plaster system over blueboard. Location: for tenant improvement build-out. Taping and finishing to Level 4 finish per ASTM C840.,09,Finishes,09 20 00,Plaster and Gypsum Board,Category 09 - Finishes,09 20 00 Plaster and Gypsum Board
"This submittal covers the furnishing and applying of PVC single-ply roofing membrane with hot-air welded seams for low-slope roof area approximately 45,000 square feet. All work to comply with per NRCA roofing guidelines. System includes 20-year NDL (No Dollar Limit) manufacturer warranty.",07,Thermal and Moisture Protection,07 50 00,Membrane Roofing,Category 07 - Thermal and Moisture Protection,07 50 00 Membrane Roofing
Furnish and install aluminum sliding windows as indicated on drawings and per energy code and ASHRAE 90.1 requirements. Glazing to be dual-pane insulated Low-E argon-filled.,08,Openings,08 50 00,Windows,Category 08 - Openings,08 50 00 Windows
"PROJECT PROPOSAL: This submittal covers the shop fabrication and field erection of structural steel canopy framing for loading dock steel structure. All work to comply with per structural engineer sealed shop drawings. Includes shop drawings, erection drawings and mill certificates.",05,Metals,05 10 00,Structural Metal Framing,Category 05 - Metals,05 10 00 Structural Metal Framing
This submittal covers the furnishing and placement of insulating concrete forms (ICF) for cast-in-place concrete columns. All work to comply with conforming to OSHA shoring requirements. Allow for three reuses of formwork panels.,03,Concrete,03 10 00,Concrete Forming and Accessories,Category 03 - Concrete,03 10 00 Concrete Forming and Accessories
VENDOR SUBMITTAL: Proposal for installation of EMT and rigid metal conduit with fittings for underground electrical duct bank to building. Conduit fill not to exceed 40% per NEC Chapter 9.,26,Electrical,26 05 00,Common Work Results for Electrical,Category 26 - Electrical,26 05 00 Common Work Results for Electrical
Subcontractor bid for post-tensioning tendons and anchors. Location: for parking structure post-tensioned slabs. Rebar to be shop-fabricated and tagged per bar schedule.,03,Concrete,03 20 00,Concrete Reinforcing,Category 03 - Concrete,03 20 00 Concrete Reinforcing
SCOPE OF WORK DESCRIPTION: Request for approval: hot-rolled steel I-beams for floor framing for use for mezzanine floor framing. All connections per AISC standards and structural drawings. conforming to AWS D1.1 for welded connections.,05,Metals,05 10 00,Structural Metal Framing,Category 05 - Metals,05 10 00 Structural Metal Framing
"Material submittal for vinyl casement windows with Low-E glass. U-factor 0.30 maximum, SHGC 0.25 maximum per energy code. Refer to per AAMA/WDMA/CSA 101 performance standards.",08,Openings,08 50 00,Windows,Category 08 - Openings,08 50 00 Windows
"Supply and install high-early-strength concrete for fast-track construction for concrete columns, beams and shear walls. Includes concrete testing: slump, air content, cylinders per ACI 301. per ACI 318 and ACI 301 specifications.",03,Concrete,03 30 00,Cast-in-Place Concrete,Category 03 - Concrete,03 30 00 Cast-in-Place Concrete
"RE: Cast-in-Place Concrete – Provide all labor, materials and equipment for high-early-strength concrete for fast-track construction for slab-on-grade in warehouse area. per ACI 318 and ACI 301 specifications. Includes concrete testing: slump, air content, cylinders per ACI 301.",03,Concrete,03 30 00,Cast-in-Place Concrete,Category 03 - Concrete,03 30 00 Cast-in-Place Concrete
"Provide all labor, materials and equipment for 1-inch insulated glazing units (IGU) Low-E coated for fire-rated glazing at rated corridors. per ASTM C1048 for flat glass specifications. Insulated units with warm-edge spacer and argon gas fill.",08,Openings,08 80 00,Glazing,Category 08 - Openings,08 80 00 Glazing
BID ITEM: Material submittal for vitreous china water closet (toilet) floor-mounted. ADA fixtures mounted at heights per accessibility code. Refer to per plumbing fixture schedule on drawings.,22,Plumbing,22 40 00,Plumbing Fixtures,Category 22 - Plumbing,22 40 00 Plumbing Fixtures
Furnish and install unit heater gas-fired for warehouse as indicated on drawings and per AHRI certified heating capacity ratings. Factory startup required by manufacturer certified technician.,23,HVAC,23 70 00,Central Heating Equipment,Category 23 - HVAC,23 70 00 Central Heating Equipment
RE: Thermal Insulation – Furnish and install pipe and duct insulation with vapor jacket as indicated on drawings and per project specification Section 07 20 00. Includes vapor retarder on warm side of assembly.,07,Thermal and Moisture Protection,07 20 00,Thermal Insulation,Category 07 - Thermal and Moisture Protection,07 20 00 Thermal Insulation
Material submittal for impact-resistant hurricane windows. Windows to be factory-assembled and glazed. Refer to per AAMA/WDMA/CSA 101 performance standards.,08,Openings,08 50 00,Windows,Category 08 - Openings,08 50 00 Windows
Subcontractor bid for electric water cooler / drinking fountain. Location: for building water treatment and softening. Unit to be seismic-rated for installation zone.,22,Plumbing,22 30 00,Plumbing Equipment,Category 22 - Plumbing,22 30 00 Plumbing Equipment
Proposal for furnishing and piping of copper Type L water supply piping and fittings for restroom and kitchen plumbing rough-in. Insulation on all hot and cold water piping per specification.,22,Plumbing,22 10 00,Plumbing Piping and Pumps,Category 22 - Plumbing,22 10 00 Plumbing Piping and Pumps
SCOPE OF WORK DESCRIPTION: Proposal for installation of seismic bracing for electrical equipment for grounding electrode system per NEC. All wiring and raceway per National Electrical Code (NEC).,26,Electrical,26 05 00,Common Work Results for Electrical,Category 26 - Electrical,26 05 00 Common Work Results for Electrical
shop fabrication and field erection of steel braced frame lateral system including all necessary accessories and hardware. per AISC 360 Specification for Structural Steel Buildings.,05,Metals,05 10 00,Structural Metal Framing,Category 05 - Metals,05 10 00 Structural Metal Framing
"RE: Metal Fabrications – Supply and install steel stair stringers, treads and handrails for building perimeter bollard protection. Handrails to comply with ADA requirements. per project specification Section 05 50 00.",05,Metals,05 50 00,Metal Fabrications,Category 05 - Metals,05 50 00 Metal Fabrications
Supply and install fiber-reinforced concrete (FRC) for slab on grade for elevated concrete slabs at all levels. Concrete to be cured with wet burlap and plastic sheeting for 7 days. conforming to ASTM C94 ready-mixed concrete standard.,03,Concrete,03 30 00,Cast-in-Place Concrete,Category 03 - Concrete,03 30 00 Cast-in-Place Concrete
installation of fluid-applied rubberized asphalt waterproofing including all necessary accessories and hardware. per manufacturer installation guidelines.,07,Thermal and Moisture Protection,07 10 00,Dampproofing and Waterproofing,Category 07 - Thermal and Moisture Protection,07 10 00 Dampproofing and Waterproofing
"Scope of work includes delivery and installation of stainless steel commercial kitchen sink triple-bowl for ADA-compliant accessible restroom. Includes all trim, supplies, stops and connection fittings.",22,Plumbing,22 40 00,Plumbing Fixtures,Category 22 - Plumbing,22 40 00 Plumbing Fixtures
"Furnish and install gas-fired hot water boiler 2000 MBH as indicated on drawings and per ASME Boiler and Pressure Vessel Code for boilers. Expansion tank, air separator and chemical feeder included.",23,HVAC,23 70 00,Central Heating Equipment,Category 23 - HVAC,23 70 00 Central Heating Equipment
Material submittal for high-performance epoxy wall coating for wet areas. Colors per architect-selected paint schedule. Refer to per paint manufacturer technical data sheets.,09,Finishes,09 90 00,Painting and Coating,Category 09 - Finishes,09 90 00 Painting and Coating
supply and erection of equipment support steel framing including all necessary accessories and hardware. per ADA and local building code requirements.,05,Metals,05 50 00,Metal Fabrications,Category 05 - Metals,05 50 00 Metal Fabrications
"Material submittal for radiant ceiling panel heating system. Expansion tank, air separator and chemical feeder included. Refer to per local mechanical and fuel gas code.",23,HVAC,23 70 00,Central Heating Equipment,Category 23 - HVAC,23 70 00 Central Heating Equipment
"PROJECT PROPOSAL: This submittal covers the supply and application of sheet membrane waterproofing for plaza deck at tunnel and underground utility connections. All work to comply with per ASTM D6153 for liquid-applied waterproofing. Membrane to be installed on clean, dry substrate.",07,Thermal and Moisture Protection,07 10 00,Dampproofing and Waterproofing,Category 07 - Thermal and Moisture Protection,07 10 00 Dampproofing and Waterproofing
Proposal for application of exterior acrylic paint system with primer for all interior walls and ceilings. Touch-up painting at all trades damage at project completion.,09,Finishes,09 90 00,Painting and Coating,Category 09 - Finishes,09 90 00 Painting and Coating
supply and installation of architectural pendant lighting for lobby including all necessary accessories and hardware. per IES recommended lighting levels for occupancy type.,26,Electrical,26 50 00,Lighting,Category 26 - Electrical,26 50 00 Lighting
painting of exterior acrylic paint system with primer including all necessary accessories and hardware. per MPI (Master Painters Institute) standards.,09,Finishes,09 90 00,Painting and Coating,Category 09 - Finishes,09 90 00 Painting and Coating
Quotation for vinyl casement windows with Low-E glass for hospital patient room exterior windows. Glazing to be dual-pane insulated Low-E argon-filled. per approved window schedule and shop drawings.,08,Openings,08 50 00,Windows,Category 08 - Openings,08 50 00 Windows
Vendor submittal: unit heater gas-fired for warehouse. Boiler efficiency exceeds ASHRAE 90.1 minimum requirement. per local mechanical and fuel gas code.,23,HVAC,23 70 00,Central Heating Equipment,Category 23 - HVAC,23 70 00 Central Heating Equipment
"Subcontractor bid for column formwork with snap ties. Location: for elevated slab construction at level 2 through roof. Plywood grade B-B, minimum 3/4 inch thick.",03,Concrete,03 10 00,Concrete Forming and Accessories,Category 03 - Concrete,03 10 00 Concrete Forming and Accessories
Quotation for stainless steel commercial kitchen sink triple-bowl for laboratory and medical exam rooms. ADA fixtures mounted at heights per accessibility code. per project specification Section 22 40 00.,22,Plumbing,22 40 00,Plumbing Fixtures,Category 22 - Plumbing,22 40 00 Plumbing Fixtures
Furnish and install steel panel forms for walls as indicated on drawings and conforming to OSHA shoring requirements. Forms to remain in place for minimum 7-day cure period.,03,Concrete,03 10 00,Concrete Forming and Accessories,Category 03 - Concrete,03 10 00 Concrete Forming and Accessories
This submittal covers the installation of foundation drain board and protection course for occupied basement and parking levels. All work to comply with conforming to local building code moisture protection requirements. 10-year manufacturer warranty on waterproofing system.,07,Thermal and Moisture Protection,07 10 00,Dampproofing and Waterproofing,Category 07 - Thermal and Moisture Protection,07 10 00 Dampproofing and Waterproofing
Request for approval: backflow preventer and pressure reducing valve for use for restroom and kitchen plumbing rough-in. Insulation on all hot and cold water piping per specification. per project specification Section 22 10 00.,22,Plumbing,22 10 00,Plumbing Piping and Pumps,Category 22 - Plumbing,22 10 00 Plumbing Piping and Pumps
"Request for approval: wire connectors, lugs and termination kits for use for electrical raceway and wiring infrastructure. As-built drawings required showing all concealed raceway routing. per UL listed materials and components.",26,Electrical,26 05 00,Common Work Results for Electrical,Category 26 - Electrical,26 05 00 Common Work Results for Electrical
"Scope of work includes delivery and installation of air-entrained concrete for exterior flatwork for exterior sidewalks and curbs. Includes concrete testing: slump, air content, cylinders per ACI 301.",03,Concrete,03 30 00,Cast-in-Place Concrete,Category 03 - Concrete,03 30 00 Cast-in-Place Concrete
"Furnish and install CPVC hot and cold water distribution piping as indicated on drawings and per Uniform Plumbing Code (UPC). Includes all valves, supports, hangers and seismic bracing.",22,Plumbing,22 10 00,Plumbing Piping and Pumps,Category 22 - Plumbing,22 10 00 Plumbing Piping and Pumps
Supply and install structural steel wide-flange beams W12x26 for lateral bracing system per seismic design. All connections per AISC standards and structural drawings. per AISC 360 Specification for Structural Steel Buildings.,05,Metals,05 10 00,Structural Metal Framing,Category 05 - Metals,05 10 00 Structural Metal Framing
This submittal covers the furnishing and piping of domestic water booster pump station for restroom and kitchen plumbing rough-in. All work to comply with per local plumbing code and health department requirements. Insulation on all hot and cold water piping per specification.,22,Plumbing,22 10 00,Plumbing Piping and Pumps,Category 22 - Plumbing,22 10 00 Plumbing Piping and Pumps
Subcontractor bid for CPVC hot and cold water distribution piping. Location: for restroom and kitchen plumbing rough-in. Piping to be pressure tested at 1.5x operating pressure.,22,Plumbing,22 10 00,Plumbing Piping and Pumps,Category 22 - Plumbing,22 10 00 Plumbing Piping and Pumps
Material submittal for luxury vinyl plank (LVP) flooring click-lock system. Base: 4-inch rubber or tile cove base at all walls. Refer to per project specification Section 09 60 00.,09,Finishes,09 60 00,Flooring,Category 09 - Finishes,09 60 00 Flooring
"BID ITEM: Request for approval: cable tray system ladder type with covers for use for electrical raceway and wiring infrastructure. Includes all supports, straps and seismic bracing. per UL listed materials and components.",26,Electrical,26 05 00,Common Work Results for Electrical,Category 26 - Electrical,26 05 00 Common Work Results for Electrical
installation of standing seam metal roof panels 24-gauge including all necessary accessories and hardware. per NRCA roofing guidelines.,07,Thermal and Moisture Protection,07 50 00,Membrane Roofing,Category 07 - Thermal and Moisture Protection,07 50 00 Membrane Roofing
"installation of drywall finishing including taping, mudding and sanding including all necessary accessories and hardware. per project specification Section 09 20 00.",09,Finishes,09 20 00,Plaster and Gypsum Board,Category 09 - Finishes,09 20 00 Plaster and Gypsum Board
Proposal for procurement and installation of air-cooled scroll chiller 100-ton capacity for office building comfort cooling. Factory startup and commissioning by manufacturer representative.,23,HVAC,23 60 00,Central Cooling Equipment,Category 23 - HVAC,23 60 00 Central Cooling Equipment
Proposal for fabrication and placement of bar supports and chairs for rebar placement for retaining wall and grade beams. Mill certifications required for all reinforcing steel.,03,Concrete,03 20 00,Concrete Reinforcing,Category 03 - Concrete,03 20 00 Concrete Reinforcing
Proposal for furnishing and placement of column formwork with snap ties for elevated slab construction at level 2 through roof. Forms to remain in place for minimum 7-day cure period.,03,Concrete,03 10 00,Concrete Forming and Accessories,Category 03 - Concrete,03 10 00 Concrete Forming and Accessories
"Subcontractor bid for grade 60 deformed reinforcing steel bars. Location: for retaining wall and grade beams. Includes all cutting, bending, placing and tying.",03,Concrete,03 20 00,Concrete Reinforcing,Category 03 - Concrete,03 20 00 Concrete Reinforcing
"Vendor submittal: 5000 PSI high-strength concrete for columns. Finish to be steel trowel for interior slabs, broom finish for exterior. conforming to ASTM C94 ready-mixed concrete standard.",03,Concrete,03 30 00,Cast-in-Place Concrete,Category 03 - Concrete,03 30 00 Cast-in-Place Concrete
Supply and install specialty antimicrobial paint for healthcare for exposed structural steel fireproofing. Two coats finish over one coat primer on new drywall. per paint manufacturer technical data sheets.,09,Finishes,09 90 00,Painting and Coating,Category 09 - Finishes,09 90 00 Painting and Coating
Vendor submittal: foundation footing formwork. Snap ties at 24 inches on center both ways. per structural engineer approved shop drawings.,03,Concrete,03 10 00,Concrete Forming and Accessories,Category 03 - Concrete,03 10 00 Concrete Forming and Accessories
"Request for approval: steel stair stringers, treads and handrails for use at stairwells, mechanical rooms and roof. Steel to be shop-primed with rust-inhibitive primer. per ADA and local building code requirements.",05,Metals,05 50 00,Metal Fabrications,Category 05 - Metals,05 50 00 Metal Fabrications
This submittal covers the furnishing and placement of reshoring and shoring system for elevated slabs for cast-in-place concrete columns. All work to comply with conforming to OSHA shoring requirements. Allow for three reuses of formwork panels.,03,Concrete,03 10 00,Concrete Forming and Accessories,Category 03 - Concrete,03 10 00 Concrete Forming and Accessories
"Subcontractor bid for stainless steel piping for medical gas. Location: for restroom and kitchen plumbing rough-in. Includes all valves, supports, hangers and seismic bracing.",22,Plumbing,22 10 00,Plumbing Piping and Pumps,Category 22 - Plumbing,22 10 00 Plumbing Piping and Pumps
"Provide all labor, materials and equipment for drinking fountain / bottle filler combo unit for laboratory and medical exam rooms. per project specification Section 22 40 00. Includes all trim, supplies, stops and connection fittings.",22,Plumbing,22 40 00,Plumbing Fixtures,Category 22 - Plumbing,22 40 00 Plumbing Fixtures
RE: Common Work Results for Electrical – This submittal covers the rough-in and termination of grounding and bonding system with ground rods for underground electrical duct bank to building. All work to comply with per NECA installation standards. All wiring and raceway per National Electrical Code (NEC).,26,Electrical,26 05 00,Common Work Results for Electrical,Category 26 - Electrical,26 05 00 Common Work Results for Electrical
PROJECT PROPOSAL: Subcontractor bid for diesel emergency standby generator 500 kW. Location: for main electrical service and distribution. Equipment to be UL 891 listed and labeled.,26,Electrical,26 20 00,Low-Voltage Electrical Distribution,Category 26 - Electrical,26 20 00 Low-Voltage Electrical Distribution
"Quotation for high-performance epoxy wall coating for wet areas for mechanical and electrical rooms. Includes surface preparation, sanding and priming. per project specification Section 09 90 00.",09,Finishes,09 90 00,Painting and Coating,Category 09 - Finishes,09 90 00 Painting and Coating
Quotation for rebar dowels and starter bars for parking structure post-tensioned slabs. Lap splices per ACI 318 development length requirements. per ACI 318-19 and project structural drawings.,03,Concrete,03 20 00,Concrete Reinforcing,Category 03 - Concrete,03 20 00 Concrete Reinforcing
Quotation for grade 60 deformed reinforcing steel bars for concrete columns and beams. Bar supports at maximum 4-foot spacing. in accordance with Section 03 20 00.,03,Concrete,03 20 00,Concrete Reinforcing,Category 03 - Concrete,03 20 00 Concrete Reinforcing
Supply and install vegetated green roof assembly with drainage mat for rooftop mechanical equipment area. System includes 20-year NDL (No Dollar Limit) manufacturer warranty. per FM Global and UL listed roof assembly.,07,Thermal and Moisture Protection,07 50 00,Membrane Roofing,Category 07 - Thermal and Moisture Protection,07 50 00 Membrane Roofing
Supply and install foam board insulation for slab edge for attic floor and knee wall insulation. R-value verified by third-party testing per ASTM C518. conforming to local energy conservation code.,07,Thermal and Moisture Protection,07 20 00,Thermal Insulation,Category 07 - Thermal and Moisture Protection,07 20 00 Thermal Insulation
SCOPE OF WORK DESCRIPTION: Furnish and install fiber reinforcing mesh for slab-on-grade as indicated on drawings and per ASTM A615 Grade 60 specifications. Mill certifications required for all reinforcing steel.,03,Concrete,03 20 00,Concrete Reinforcing,Category 03 - Concrete,03 20 00 Concrete Reinforcing
Furnish and install plywood concrete formwork system as indicated on drawings and conforming to OSHA shoring requirements. Forms to remain in place for minimum 7-day cure period.,03,Concrete,03 10 00,Concrete Forming and Accessories,Category 03 - Concrete,03 10 00 Concrete Forming and Accessories
"BID ITEM: Furnish and install insulated chilled water piping for plumbing as indicated on drawings and per Uniform Plumbing Code (UPC). Includes all valves, supports, hangers and seismic bracing.",22,Plumbing,22 10 00,Plumbing Piping and Pumps,Category 22 - Plumbing,22 10 00 Plumbing Piping and Pumps
"Furnish and install steam-to-hot-water heat exchanger as indicated on drawings and per local mechanical and fuel gas code. Includes gas piping, venting and combustion air provisions.",23,HVAC,23 70 00,Central Heating Equipment,Category 23 - HVAC,23 70 00 Central Heating Equipment
Subject: Material Submittal – Scope of work includes installation of polyiso rigid insulation for roof assembly for exterior wall cavities and stud bays. R-value verified by third-party testing per ASTM C518.,07,Thermal and Moisture Protection,07 20 00,Thermal Insulation,Category 07 - Thermal and Moisture Protection,07 20 00 Thermal Insulation
"Scope of work includes supply and erection of ornamental steel railing and balusters miscellaneous metals throughout building. Includes all anchors, fasteners and connection hardware.",05,Metals,05 50 00,Metal Fabrications,Category 05 - Metals,05 50 00 Metal Fabrications
Vendor submittal: aluminum sliding windows. Color: clear anodized aluminum or custom RAL color. per AAMA/WDMA/CSA 101 performance standards.,08,Openings,08 50 00,Windows,Category 08 - Openings,08 50 00 Windows
Request for approval: cooling tower induced draft crossflow for use for data center and server room cooling. Vibration isolation pads and curb adapter included. per AHRI certified performance ratings.,23,HVAC,23 60 00,Central Cooling Equipment,Category 23 - HVAC,23 60 00 Central Cooling Equipment
This submittal covers the delivery and installation of aluminum storefront entry doors for mechanical and electrical room access. All work to comply with per project specification Section 08 10 00. Frames to be set and grouted plumb and square.,08,Openings,08 10 00,Doors and Frames,Category 08 - Openings,08 10 00 Doors and Frames
"furnishing and pulling of wire connectors, lugs and termination kits including all necessary accessories and hardware. per UL listed materials and components.",26,Electrical,26 05 00,Common Work Results for Electrical,Category 26 - Electrical,26 05 00 Common Work Results for Electrical
"PROJECT PROPOSAL: Furnish and install headed reinforcing bar anchors as indicated on drawings and per ACI 318-19 and project structural drawings. Minimum concrete cover 3 inches for footings, 1.5 inches for slabs.",03,Concrete,03 20 00,Concrete Reinforcing,Category 03 - Concrete,03 20 00 Concrete Reinforcing
RE: Cast-in-Place Concrete – delivery and installation of exposed aggregate decorative concrete including all necessary accessories and hardware. per project specification Section 03 30 00.,03,Concrete,03 30 00,Cast-in-Place Concrete,Category 03 - Concrete,03 30 00 Cast-in-Place Concrete
"Supply and install hardwood oak strip flooring 3/4-inch solid for gymnasium and multipurpose room. Includes all floor preparation, leveling and patching. per project specification Section 09 60 00.",09,Finishes,09 60 00,Flooring,Category 09 - Finishes,09 60 00 Flooring
"Provide all labor, materials and equipment for metal roof deck 1.5-inch Type B 22 gauge for parking garage composite deck system. per composite design per AISC 360 Chapter I. Deck to be Vulcraft or approved equal.",05,Metals,05 30 00,Metal Decking,Category 05 - Metals,05 30 00 Metal Decking
supply and installation of point-of-use water filtration system including all necessary accessories and hardware. per NSF/ANSI 61 for drinking water components.,22,Plumbing,22 30 00,Plumbing Equipment,Category 22 - Plumbing,22 30 00 Plumbing Equipment
"This submittal covers the installation of built-up roofing (BUR) 4-ply asphalt system for rooftop mechanical equipment area. All work to comply with per NRCA roofing guidelines. Includes all flashings, counterflashings, and edge metal.",07,Thermal and Moisture Protection,07 50 00,Membrane Roofing,Category 07 - Thermal and Moisture Protection,07 50 00 Membrane Roofing
Vendor submittal: hardwood oak strip flooring 3/4-inch solid. Transition strips at all flooring material changes. per manufacturer installation instructions.,09,Finishes,09 60 00,Flooring,Category 09 - Finishes,09 60 00 Flooring
BID ITEM: Request for approval: expansion tank for domestic water system for use for domestic hot water system in mechanical room. Includes electrical connections by others coordination required. per ASME Boiler and Pressure Vessel Code.,22,Plumbing,22 30 00,Plumbing Equipment,Category 22 - Plumbing,22 30 00 Plumbing Equipment
"PROJECT PROPOSAL: Request for approval: insulating concrete forms (ICF) for use for basement foundation walls. Includes form stripping, cleaning, and concrete surface patching. per project specification Section 03 10 00.",03,Concrete,03 10 00,Concrete Forming and Accessories,Category 03 - Concrete,03 10 00 Concrete Forming and Accessories
"Provide all labor, materials and equipment for grease interceptor for commercial kitchen for domestic hot water system in mechanical room. per ASME Boiler and Pressure Vessel Code. Equipment includes mounting, piping connections and startup.",22,Plumbing,22 30 00,Plumbing Equipment,Category 22 - Plumbing,22 30 00 Plumbing Equipment
Supply and install PVC single-ply roofing membrane with hot-air welded seams for new construction main roof and canopy areas. Remove existing roofing to deck and install new system complete. per project specification Section 07 50 00.,07,Thermal and Moisture Protection,07 50 00,Membrane Roofing,Category 07 - Thermal and Moisture Protection,07 50 00 Membrane Roofing
Subcontractor bid for polyiso rigid insulation for roof assembly. Location: for attic floor and knee wall insulation. Includes vapor retarder on warm side of assembly.,07,Thermal and Moisture Protection,07 20 00,Thermal Insulation,Category 07 - Thermal and Moisture Protection,07 20 00 Thermal Insulation
Supply and install automatic sensor faucets and flush valves for ADA-compliant accessible restroom. ADA fixtures mounted at heights per accessibility code. per ADA and ICC/ANSI A117.1 accessibility standard.,22,Plumbing,22 40 00,Plumbing Fixtures,Category 22 - Plumbing,22 40 00 Plumbing Fixtures
This submittal covers the supply and installation of fabric ductwork for open ceiling areas for data center precision air distribution. All work to comply with per mechanical drawings and duct layout schedule. TAB (Testing Adjusting Balancing) included in scope.,23,HVAC,23 30 00,HVAC Air Distribution,Category 23 - HVAC,23 30 00 HVAC Air Distribution
Scope of work includes supply and installation of welded wire reinforcement WWR 6x6-W2.9xW2.9 for parking structure post-tensioned slabs. Rebar to be shop-fabricated and tagged per bar schedule.,03,Concrete,03 20 00,Concrete Reinforcing,Category 03 - Concrete,03 20 00 Concrete Reinforcing
"RE: Metal Decking – Request for approval: composite metal floor deck 3-inch 20 gauge for use for mezzanine floor deck. Includes all side laps, end laps, and pour stop angles. per project specification Section 05 30 00.",05,Metals,05 30 00,Metal Decking,Category 05 - Metals,05 30 00 Metal Decking
"Subject: Material Submittal – Provide all labor, materials and equipment for curved radius concrete forms for foundation walls and footings. per structural engineer approved shop drawings. Allow for three reuses of formwork panels.",03,Concrete,03 10 00,Concrete Forming and Accessories,Category 03 - Concrete,03 10 00 Concrete Forming and Accessories
Vendor submittal: equipment support steel framing. Steel to be shop-primed with rust-inhibitive primer. conforming to ASTM A36 for miscellaneous steel.,05,Metals,05 50 00,Metal Fabrications,Category 05 - Metals,05 50 00 Metal Fabrications
Quotation for outside air louvers with bird screen for office and conference room supply and return. Insulation: 2-inch fiberglass duct wrap with vapor barrier. per SMACNA HVAC Duct Construction Standards.,23,HVAC,23 30 00,HVAC Air Distribution,Category 23 - HVAC,23 30 00 HVAC Air Distribution
"Supply and install automatic sensor faucets and flush valves for laboratory and medical exam rooms. Includes all trim, supplies, stops and connection fittings. per plumbing fixture schedule on drawings.",22,Plumbing,22 40 00,Plumbing Fixtures,Category 22 - Plumbing,22 40 00 Plumbing Fixtures
Furnish and install glass mat gypsum sheathing for exterior as indicated on drawings and per project specification Section 09 20 00. Includes acoustic sealant at top and bottom tracks.,09,Finishes,09 20 00,Plaster and Gypsum Board,Category 09 - Finishes,09 20 00 Plaster and Gypsum Board
SCOPE OF WORK DESCRIPTION: Proposal for furnishing and hanging of aluminum storefront entry doors for mechanical and electrical room access. Finish: factory-applied powder coat paint.,08,Openings,08 10 00,Doors and Frames,Category 08 - Openings,08 10 00 Doors and Frames
"This submittal covers the installation of epoxy resin flooring for commercial kitchen for lobby, corridors and common areas. All work to comply with per ASTM F710 for substrate preparation. Base: 4-inch rubber or tile cove base at all walls.",09,Finishes,09 60 00,Flooring,Category 09 - Finishes,09 60 00 Flooring
"Furnish and install diesel emergency standby generator 500 kW as indicated on drawings and per utility company service entrance requirements. Generator includes sub-base fuel tank, muffler and weatherproof enclosure.",26,Electrical,26 20 00,Low-Voltage Electrical Distribution,Category 26 - Electrical,26 20 00 Low-Voltage Electrical Distribution
"Provide all labor, materials and equipment for copper building wire THHN/THWN various sizes for electrical raceway and wiring infrastructure. per UL listed materials and components. Conduit fill not to exceed 40% per NEC Chapter 9.",26,Electrical,26 05 00,Common Work Results for Electrical,Category 26 - Electrical,26 05 00 Common Work Results for Electrical
Request for approval: electrical identification labels and tags for use for grounding electrode system per NEC. All wiring and raceway per National Electrical Code (NEC). per NECA installation standards.,26,Electrical,26 05 00,Common Work Results for Electrical,Category 26 - Electrical,26 05 00 Common Work Results for Electrical
Quotation for rigid XPS foam insulation board 2-inch thick for exterior wall cavities and stud bays. R-value verified by third-party testing per ASTM C518. per manufacturer technical data and installation guide.,07,Thermal and Moisture Protection,07 20 00,Thermal Insulation,Category 07 - Thermal and Moisture Protection,07 20 00 Thermal Insulation
Supply and install solid core wood doors with hardware for fire-rated corridor and stairwell openings. Fire-rated assemblies with UL listed label. per NFPA 80 fire door assembly standards.,08,Openings,08 10 00,Doors and Frames,Category 08 - Openings,08 10 00 Doors and Frames
BID ITEM: furnishing and erection of structural steel canopy framing including all necessary accessories and hardware. per AISC 360 Specification for Structural Steel Buildings.,05,Metals,05 10 00,Structural Metal Framing,Category 05 - Metals,05 10 00 Structural Metal Framing
Subject: Material Submittal – Material submittal for self-consolidating concrete (SCC). Concrete to be cured with wet burlap and plastic sheeting for 7 days. Refer to per project specification Section 03 30 00.,03,Concrete,03 30 00,Cast-in-Place Concrete,Category 03 - Concrete,03 30 00 Cast-in-Place Concrete
procurement and installation of hot water circulating pump and piping including all necessary accessories and hardware. per project specification Section 23 70 00.,23,HVAC,23 70 00,Central Heating Equipment,Category 23 - HVAC,23 70 00 Central Heating Equipment
"Material submittal for lightweight concrete for elevated slabs. Finish to be steel trowel for interior slabs, broom finish for exterior. Refer to per project specification Section 03 30 00.",03,Concrete,03 30 00,Cast-in-Place Concrete,Category 03 - Concrete,03 30 00 Cast-in-Place Concrete
Material submittal for porcelain tile flooring 24x24 inch with thin-set mortar. Moisture testing required per ASTM F2170 before installation. Refer to per project specification Section 09 60 00.,09,Finishes,09 60 00,Flooring,Category 09 - Finishes,09 60 00 Flooring
furnishing and connecting of sewage ejector pump with alarm including all necessary accessories and hardware. per local health and plumbing code requirements.,22,Plumbing,22 30 00,Plumbing Equipment,Category 22 - Plumbing,22 30 00 Plumbing Equipment
Subject: Material Submittal – This submittal covers the supply and installation of epoxy-coated rebar for exposed concrete for concrete columns and beams. All work to comply with per ACI 318-19 and project structural drawings. Rebar to be shop-fabricated and tagged per bar schedule.,03,Concrete,03 20 00,Concrete Reinforcing,Category 03 - Concrete,03 20 00 Concrete Reinforcing
Material submittal for metal deck shear studs and connectors. Includes temporary shoring during concrete placement. Refer to per project specification Section 05 30 00.,05,Metals,05 30 00,Metal Decking,Category 05 - Metals,05 30 00 Metal Decking
Scope of work includes installation of traffic-bearing waterproofing for parking deck for plaza deck over occupied space. Includes protection board and drainage composite.,07,Thermal and Moisture Protection,07 10 00,Dampproofing and Waterproofing,Category 07 - Thermal and Moisture Protection,07 10 00 Dampproofing and Waterproofing
"SCOPE OF WORK DESCRIPTION: Proposal for placement and finishing of high-early-strength concrete for fast-track construction for concrete columns, beams and shear walls. Water-to-cement ratio not to exceed 0.45.",03,Concrete,03 30 00,Cast-in-Place Concrete,Category 03 - Concrete,03 30 00 Cast-in-Place Concrete
Quotation for hot water circulating pump and piping for mechanical room boiler plant. Factory startup required by manufacturer certified technician. per project specification Section 23 70 00.,23,HVAC,23 70 00,Central Heating Equipment,Category 23 - HVAC,23 70 00 Central Heating Equipment
Supply and install copper Type L water supply piping and fittings for mechanical room plumbing connections. Piping to be pressure tested at 1.5x operating pressure. per ASME B31.9 building services piping.,22,Plumbing,22 10 00,Plumbing Piping and Pumps,Category 22 - Plumbing,22 10 00 Plumbing Piping and Pumps
supply and installation of explosion-proof lighting for hazardous locations including all necessary accessories and hardware. per IES recommended lighting levels for occupancy type.,26,Electrical,26 50 00,Lighting,Category 26 - Electrical,26 50 00 Lighting
PROJECT PROPOSAL: Request for approval: reshoring and shoring system for elevated slabs for use for elevated slab construction at level 2 through roof. Forms to remain in place for minimum 7-day cure period. per project specification Section 03 10 00.,03,Concrete,03 10 00,Concrete Forming and Accessories,Category 03 - Concrete,03 10 00 Concrete Forming and Accessories
"Subject: Material Submittal – Quotation for automatic transfer switch (ATS) 400A for building power distribution infrastructure. Includes circuit breakers, fuses and all internal components. per project specification Section 26 20 00.",26,Electrical,26 20 00,Low-Voltage Electrical Distribution,Category 26 - Electrical,26 20 00 Low-Voltage Electrical Distribution
"PROJECT PROPOSAL: Quotation for plywood concrete formwork system for cast-in-place concrete columns. Plywood grade B-B, minimum 3/4 inch thick. per ACI 347 standards.",03,Concrete,03 10 00,Concrete Forming and Accessories,Category 03 - Concrete,03 10 00 Concrete Forming and Accessories
Vendor submittal: gas-fired hot water boiler 2000 MBH. Factory startup required by manufacturer certified technician. per AHRI certified heating capacity ratings.,23,HVAC,23 70 00,Central Heating Equipment,Category 23 - HVAC,23 70 00 Central Heating Equipment
"PROJECT PROPOSAL: Proposal for installation of electrical identification labels and tags for grounding electrode system per NEC. Includes all supports, straps and seismic bracing.",26,Electrical,26 05 00,Common Work Results for Electrical,Category 26 - Electrical,26 05 00 Common Work Results for Electrical
This submittal covers the supply and installation of metal roof deck 1.5-inch Type B 22 gauge for roof deck installation over steel joists. All work to comply with per SDI (Steel Deck Institute) standards. Includes temporary shoring during concrete placement.,05,Metals,05 30 00,Metal Decking,Category 05 - Metals,05 30 00 Metal Decking
VENDOR SUBMITTAL: This submittal covers the surface preparation and coating of exterior acrylic paint system with primer for mechanical and electrical rooms. All work to comply with per SSPC surface preparation standards for steel. VOC content to comply with LEED IEQ v4 requirements.,09,Finishes,09 90 00,Painting and Coating,Category 09 - Finishes,09 90 00 Painting and Coating
Furnish and install blown-in cellulose insulation for attic spaces as indicated on drawings and per manufacturer technical data and installation guide. Fire rating: Class A flame spread per ASTM E84.,07,Thermal and Moisture Protection,07 20 00,Thermal Insulation,Category 07 - Thermal and Moisture Protection,07 20 00 Thermal Insulation
This submittal covers the supply and installation of automatic sensor faucets and flush valves for commercial kitchen and break rooms. All work to comply with per ADA and ICC/ANSI A117.1 accessibility standard. Chrome-plated brass faucets with ceramic disc cartridge.,22,Plumbing,22 40 00,Plumbing Fixtures,Category 22 - Plumbing,22 40 00 Plumbing Fixtures
Proposal for supply and installation of LED strip lighting for cove and accent for warehouse and industrial high-bay areas. Lighting controls to include occupancy sensors per energy code.,26,Electrical,26 50 00,Lighting,Category 26 - Electrical,26 50 00 Lighting
BID ITEM: This submittal covers the supply and erection of steel panel forms for walls for foundation walls and footings. All work to comply with per structural engineer approved shop drawings. Allow for three reuses of formwork panels.,03,Concrete,03 10 00,Concrete Forming and Accessories,Category 03 - Concrete,03 10 00 Concrete Forming and Accessories
PROJECT PROPOSAL: Proposal for procurement and installation of computer room precision cooling unit (CRAC/CRAH) for tenant space supplemental cooling. Factory startup and commissioning by manufacturer representative.,23,HVAC,23 60 00,Central Cooling Equipment,Category 23 - HVAC,23 60 00 Central Cooling Equipment
VENDOR SUBMITTAL: Furnish and install laminated security glass for storefronts as indicated on drawings and per ASTM C1048 for flat glass specifications. Glass thickness and type per structural analysis for wind loads.,08,Openings,08 80 00,Glazing,Category 08 - Openings,08 80 00 Glazing
Supply and install laminated security glass for storefronts for building lobby and atrium glazing. Insulated units with warm-edge spacer and argon gas fill. per glazing contractor shop drawings.,08,Openings,08 80 00,Glazing,Category 08 - Openings,08 80 00 Glazing
Subject: Material Submittal – Subcontractor bid for wall-hung lavatory sink with faucet. Location: for laboratory and medical exam rooms. Fixtures to be white vitreous china unless noted otherwise.,22,Plumbing,22 40 00,Plumbing Fixtures,Category 22 - Plumbing,22 40 00 Plumbing Fixtures
"Vendor submittal: curved radius concrete forms. Includes form stripping, cleaning, and concrete surface patching. per structural engineer approved shop drawings.",03,Concrete,03 10 00,Concrete Forming and Accessories,Category 03 - Concrete,03 10 00 Concrete Forming and Accessories
Vendor submittal: zinc-rich primer for corrosion protection. Two coats finish over one coat primer on new drywall. per SSPC surface preparation standards for steel.,09,Finishes,09 90 00,Painting and Coating,Category 09 - Finishes,09 90 00 Painting and Coating
"Supply and install janitor closet plumbing fixtures for janitor closets and service areas. Includes all trim, supplies, stops and connection fittings. per project specification Section 22 40 00.",22,Plumbing,22 40 00,Plumbing Fixtures,Category 22 - Plumbing,22 40 00 Plumbing Fixtures
Proposal for supply and application of fluid-applied rubberized asphalt waterproofing at tunnel and underground utility connections. All seams to be sealed and corners reinforced.,07,Thermal and Moisture Protection,07 10 00,Dampproofing and Waterproofing,Category 07 - Thermal and Moisture Protection,07 10 00 Dampproofing and Waterproofing
RE: HVAC Air Distribution – Vendor submittal: kitchen exhaust hood and duct system. Duct leakage testing per SMACNA Class A seal requirement. per mechanical drawings and duct layout schedule.,23,HVAC,23 30 00,HVAC Air Distribution,Category 23 - HVAC,23 30 00 HVAC Air Distribution
"Provide all labor, materials and equipment for hydronic baseboard fin-tube radiation heater for perimeter heating at exterior walls. per local mechanical and fuel gas code. Includes gas piping, venting and combustion air provisions.",23,HVAC,23 70 00,Central Heating Equipment,Category 23 - HVAC,23 70 00 Central Heating Equipment
"Supply and install aluminum double-hung windows thermally broken for office and classroom window openings. Includes all sealants, flashing and perimeter caulking. per approved window schedule and shop drawings.",08,Openings,08 50 00,Windows,Category 08 - Openings,08 50 00 Windows
This submittal covers the supply and application of elastomeric exterior wall coating for exterior building facade and soffits. All work to comply with per MPI (Master Painters Institute) standards. Colors per architect-selected paint schedule.,09,Finishes,09 90 00,Painting and Coating,Category 09 - Finishes,09 90 00 Painting and Coating
application of foam board insulation for slab edge including all necessary accessories and hardware. conforming to local energy conservation code.,07,Thermal and Moisture Protection,07 20 00,Thermal Insulation,Category 07 - Thermal and Moisture Protection,07 20 00 Thermal Insulation
Quotation for steam-to-hot-water heat exchanger for perimeter heating at exterior walls. Factory startup required by manufacturer certified technician. per local mechanical and fuel gas code.,23,HVAC,23 70 00,Central Heating Equipment,Category 23 - HVAC,23 70 00 Central Heating Equipment
This submittal covers the furnishing and piping of unit heater gas-fired for warehouse for perimeter heating at exterior walls. All work to comply with per local mechanical and fuel gas code. Boiler efficiency exceeds ASHRAE 90.1 minimum requirement.,23,HVAC,23 70 00,Central Heating Equipment,Category 23 - HVAC,23 70 00 Central Heating Equipment
Material submittal for steel access hatches and floor plates. All exposed steel to be hot-dip galvanized after fabrication. Refer to per architectural detail drawings.,05,Metals,05 50 00,Metal Fabrications,Category 05 - Metals,05 50 00 Metal Fabrications
"This submittal covers the tear-off and replacement of modified bitumen SBS roofing system two-ply for low-slope roof area approximately 45,000 square feet. All work to comply with per FM Global and UL listed roof assembly. Membrane to be mechanically fastened or fully adhered per wind uplift.",07,Thermal and Moisture Protection,07 50 00,Membrane Roofing,Category 07 - Thermal and Moisture Protection,07 50 00 Membrane Roofing
Quotation for galvanized corrugated steel decking for metal building roof deck replacement. Deck to be Vulcraft or approved equal. conforming to ASTM A653 galvanized steel.,05,Metals,05 30 00,Metal Decking,Category 05 - Metals,05 30 00 Metal Decking
SCOPE OF WORK DESCRIPTION: Scope of work includes shop fabrication and field erection of steel angle lintels for masonry openings for lateral bracing system per seismic design. All connections per AISC standards and structural drawings.,05,Metals,05 10 00,Structural Metal Framing,Category 05 - Metals,05 10 00 Structural Metal Framing
Proposal for supply and installation of gas-fired hot water boiler 2000 MBH for building central heating system. Controls integrated with building automation system (BAS).,23,HVAC,23 70 00,Central Heating Equipment,Category 23 - HVAC,23 70 00 Central Heating Equipment
PROJECT PROPOSAL: duct installation of kitchen exhaust hood and duct system including all necessary accessories and hardware. per mechanical drawings and duct layout schedule.,23,HVAC,23 30 00,HVAC Air Distribution,Category 23 - HVAC,23 30 00 HVAC Air Distribution
"VENDOR SUBMITTAL: Subcontractor bid for headed reinforcing bar anchors. Location: for concrete columns and beams. Includes all cutting, bending, placing and tying.",03,Concrete,03 20 00,Concrete Reinforcing,Category 03 - Concrete,03 20 00 Concrete Reinforcing
Scope of work includes delivery and startup of electric water cooler / drinking fountain for kitchen grease waste management. Unit to be seismic-rated for installation zone.,22,Plumbing,22 30 00,Plumbing Equipment,Category 22 - Plumbing,22 30 00 Plumbing Equipment
"BID ITEM: Quotation for distribution panelboard 225A 208/120V for tenant electrical metering and sub-distribution. Generator includes sub-base fuel tank, muffler and weatherproof enclosure. per project specification Section 26 20 00.",26,Electrical,26 20 00,Low-Voltage Electrical Distribution,Category 26 - Electrical,26 20 00 Low-Voltage Electrical Distribution
SCOPE OF WORK DESCRIPTION: furnishing and applying of underslab vapor barrier 15-mil polyethylene including all necessary accessories and hardware. per manufacturer installation guidelines.,07,Thermal and Moisture Protection,07 10 00,Dampproofing and Waterproofing,Category 07 - Thermal and Moisture Protection,07 10 00 Dampproofing and Waterproofing
Supply and install duct silencers and sound attenuators for office and conference room supply and return. TAB (Testing Adjusting Balancing) included in scope. per project specification Section 23 30 00.,23,HVAC,23 30 00,HVAC Air Distribution,Category 23 - HVAC,23 30 00 HVAC Air Distribution
"Subcontractor bid for standing seam metal roof panels 24-gauge. Location: for rooftop mechanical equipment area. Insulation R-30 minimum per energy code, tapered for drainage.",07,Thermal and Moisture Protection,07 50 00,Membrane Roofing,Category 07 - Thermal and Moisture Protection,07 50 00 Membrane Roofing
"Vendor submittal: abuse-resistant gypsum board for corridors. Metal studs at 16 inches on center, bridging at mid-height. per GA (Gypsum Association) Fire Resistance Design Manual.",09,Finishes,09 20 00,Plaster and Gypsum Board,Category 09 - Finishes,09 20 00 Plaster and Gypsum Board
Request for approval: insulating concrete forms (ICF) for use for basement foundation walls. Snap ties at 24 inches on center both ways. per project specification Section 03 10 00.,03,Concrete,03 10 00,Concrete Forming and Accessories,Category 03 - Concrete,03 10 00 Concrete Forming and Accessories
Subcontractor bid for carpet tile modular 24x24 with adhesive. Location: for office spaces and conference rooms. Adhesive to be low-VOC per LEED IEQ requirements.,09,Finishes,09 60 00,Flooring,Category 09 - Finishes,09 60 00 Flooring
BID ITEM: Material submittal for vegetated green roof assembly with drainage mat. Remove existing roofing to deck and install new system complete. Refer to per FM Global and UL listed roof assembly.,07,Thermal and Moisture Protection,07 50 00,Membrane Roofing,Category 07 - Thermal and Moisture Protection,07 50 00 Membrane Roofing
"PROJECT PROPOSAL: Provide all labor, materials and equipment for galvanized sheet metal ductwork rectangular and round for data center precision air distribution. per SMACNA HVAC Duct Construction Standards. Insulation: 2-inch fiberglass duct wrap with vapor barrier.",23,HVAC,23 30 00,HVAC Air Distribution,Category 23 - HVAC,23 30 00 HVAC Air Distribution
PROJECT PROPOSAL: Proposal for framing and boarding of sound-rated gypsum board assembly STC 50 for fire-rated corridor and stairwell assemblies. Partitions to achieve fire rating per UL assembly design.,09,Finishes,09 20 00,Plaster and Gypsum Board,Category 09 - Finishes,09 20 00 Plaster and Gypsum Board
"Provide all labor, materials and equipment for exposed aggregate decorative concrete for elevated concrete slabs at all levels. conforming to ASTM C94 ready-mixed concrete standard. Includes concrete testing: slump, air content, cylinders per ACI 301.",03,Concrete,03 30 00,Cast-in-Place Concrete,Category 03 - Concrete,03 30 00 Cast-in-Place Concrete
"Provide all labor, materials and equipment for rebar dowels and starter bars for concrete columns and beams. per ASTM A615 Grade 60 specifications. Lap splices per ACI 318 development length requirements.",03,Concrete,03 20 00,Concrete Reinforcing,Category 03 - Concrete,03 20 00 Concrete Reinforcing
Furnish and install aluminum awning windows with screens as indicated on drawings and per AAMA/WDMA/CSA 101 performance standards. Windows to be factory-assembled and glazed.,08,Openings,08 50 00,Windows,Category 08 - Openings,08 50 00 Windows
Material submittal for galvanized structural steel for exterior. Steel to be blast-cleaned and primed with shop primer. Refer to per AISC 360 Specification for Structural Steel Buildings.,05,Metals,05 10 00,Structural Metal Framing,Category 05 - Metals,05 10 00 Structural Metal Framing
RE: Central Cooling Equipment – furnishing and commissioning of water-cooled centrifugal chiller 500-ton including all necessary accessories and hardware. per project specification Section 23 60 00.,23,HVAC,23 60 00,Central Cooling Equipment,Category 23 - HVAC,23 60 00 Central Cooling Equipment
VENDOR SUBMITTAL: Subcontractor bid for wired glass for fire-rated openings. Location: for curtain wall and storefront glazing systems. Insulated units with warm-edge spacer and argon gas fill.,08,Openings,08 80 00,Glazing,Category 08 - Openings,08 80 00 Glazing
Proposal for furnishing and connecting of surge protective device (SPD) panel-mounted for electrical room equipment installation. Equipment to be UL 891 listed and labeled.,26,Electrical,26 20 00,Low-Voltage Electrical Distribution,Category 26 - Electrical,26 20 00 Low-Voltage Electrical Distribution
PROJECT PROPOSAL: Proposal for procurement and installation of electric resistance duct heater for warehouse and loading dock space heating. Controls integrated with building automation system (BAS).,23,HVAC,23 70 00,Central Heating Equipment,Category 23 - HVAC,23 70 00 Central Heating Equipment
"Request for approval: sound-rated gypsum board assembly STC 50 for use for elevator shaft and mechanical shaft walls. Metal studs at 16 inches on center, bridging at mid-height. per ASTM C840 gypsum board application standard.",09,Finishes,09 20 00,Plaster and Gypsum Board,Category 09 - Finishes,09 20 00 Plaster and Gypsum Board
Material submittal for curved gypsum board soffits and bulkheads. Corner bead at all exposed edges and reveals. Refer to per project specification Section 09 20 00.,09,Finishes,09 20 00,Plaster and Gypsum Board,Category 09 - Finishes,09 20 00 Plaster and Gypsum Board
"Supply and install underground PVC electrical conduit duct bank for data center cable tray installation. Includes all supports, straps and seismic bracing. per NEC (NFPA 70) National Electrical Code.",26,Electrical,26 05 00,Common Work Results for Electrical,Category 26 - Electrical,26 05 00 Common Work Results for Electrical
Scope of work includes delivery and installation of automatic sensor faucets and flush valves for ADA-compliant accessible restroom. ADA fixtures mounted at heights per accessibility code.,22,Plumbing,22 40 00,Plumbing Fixtures,Category 22 - Plumbing,22 40 00 Plumbing Fixtures
PROJECT PROPOSAL: Request for approval: steel panel forms for walls for use for basement foundation walls. Allow for three reuses of formwork panels. per project specification Section 03 10 00.,03,Concrete,03 10 00,Concrete Forming and Accessories,Category 03 - Concrete,03 10 00 Concrete Forming and Accessories
Supply and install acoustic metal deck with perforations for composite floor system at all elevated levels. Deck to be Vulcraft or approved equal. per composite design per AISC 360 Chapter I.,05,Metals,05 30 00,Metal Decking,Category 05 - Metals,05 30 00 Metal Decking
"Vendor submittal: mineral wool semi-rigid insulation board. Insulation to be installed without gaps, voids or compression. per project specification Section 07 20 00.",07,Thermal and Moisture Protection,07 20 00,Thermal Insulation,Category 07 - Thermal and Moisture Protection,07 20 00 Thermal Insulation
"Provide all labor, materials and equipment for exposed aggregate decorative concrete for elevated concrete slabs at all levels. per approved concrete mix design. Maximum slump 4 inches without superplasticizer.",03,Concrete,03 30 00,Cast-in-Place Concrete,Category 03 - Concrete,03 30 00 Cast-in-Place Concrete
PROJECT PROPOSAL: Quotation for roofing insulation tapered cricket system for new construction main roof and canopy areas. Membrane to be mechanically fastened or fully adhered per wind uplift. per manufacturer approved applicator installation manual.,07,Thermal and Moisture Protection,07 50 00,Membrane Roofing,Category 07 - Thermal and Moisture Protection,07 50 00 Membrane Roofing
Subject: Material Submittal – Scope of work includes supply and installation of commercial gas-fired water heater 100-gallon for drinking water cooling and dispensing. Unit to be seismic-rated for installation zone.,22,Plumbing,22 30 00,Plumbing Equipment,Category 22 - Plumbing,22 30 00 Plumbing Equipment
Subcontractor bid for steel braced frame lateral system. Location: for loading dock steel structure. Includes crane and rigging for steel erection.,05,Metals,05 10 00,Structural Metal Framing,Category 05 - Metals,05 10 00 Structural Metal Framing
VENDOR SUBMITTAL: Material submittal for flexible insulated duct for branch connections. Duct leakage testing per SMACNA Class A seal requirement. Refer to per mechanical drawings and duct layout schedule.,23,HVAC,23 30 00,HVAC Air Distribution,Category 23 - HVAC,23 30 00 HVAC Air Distribution
Subject: Material Submittal – supply and installation of dimming lighting control system with occupancy sensors including all necessary accessories and hardware. per project specification Section 26 50 00.,26,Electrical,26 50 00,Lighting,Category 26 - Electrical,26 50 00 Lighting
"Quotation for PVC DWV drain, waste and vent piping for sanitary sewer and storm drain piping. Includes core drilling, firestopping and sleeve installation. per local plumbing code and health department requirements.",22,Plumbing,22 10 00,Plumbing Piping and Pumps,Category 22 - Plumbing,22 10 00 Plumbing Piping and Pumps
Material submittal for hollow metal door frames 16-gauge welded. Fire-rated assemblies with UL listed label. Refer to per project specification Section 08 10 00.,08,Openings,08 10 00,Doors and Frames,Category 08 - Openings,08 10 00 Doors and Frames
"BID ITEM: Proposal for procurement and installation of FRP fiberglass reinforced plastic doors for main building entry and vestibule. Includes all weatherstripping, thresholds and smoke seals.",08,Openings,08 10 00,Doors and Frames,Category 08 - Openings,08 10 00 Doors and Frames
Scope of work includes application of mineral wool semi-rigid insulation board for continuous insulation at building envelope. Includes vapor retarder on warm side of assembly.,07,Thermal and Moisture Protection,07 20 00,Thermal Insulation,Category 07 - Thermal and Moisture Protection,07 20 00 Thermal Insulation
PROJECT PROPOSAL: Material submittal for emergency eyewash and shower station. Chrome-plated brass faucets with ceramic disc cartridge. Refer to per plumbing fixture schedule on drawings.,22,Plumbing,22 40 00,Plumbing Fixtures,Category 22 - Plumbing,22 40 00 Plumbing Fixtures
This submittal covers the erection of metal deck shear studs and connectors for composite floor system at all elevated levels. All work to comply with per SDI (Steel Deck Institute) standards. Includes temporary shoring during concrete placement.,05,Metals,05 30 00,Metal Decking,Category 05 - Metals,05 30 00 Metal Decking
Supply and install emergency eyewash and shower station for laboratory and medical exam rooms. Fixtures to be white vitreous china unless noted otherwise. per plumbing fixture schedule on drawings.,22,Plumbing,22 40 00,Plumbing Fixtures,Category 22 - Plumbing,22 40 00 Plumbing Fixtures
"Provide all labor, materials and equipment for metal stud framing 3-5/8 inch 20-gauge for bathroom and kitchen wet-area walls. per ASTM C840 gypsum board application standard. Partitions to achieve fire rating per UL assembly design.",09,Finishes,09 20 00,Plaster and Gypsum Board,Category 09 - Finishes,09 20 00 Plaster and Gypsum Board
Subject: Material Submittal – Material submittal for structural silicone glazed curtain wall panels. Glass to meet ANSI Z97.1 safety glazing requirements. Refer to per ASTM C1048 for flat glass specifications.,08,Openings,08 80 00,Glazing,Category 08 - Openings,08 80 00 Glazing
Scope of work includes furnishing and hanging of automatic sliding door operator for interior and exterior door openings per door schedule. Frames to be set and grouted plumb and square.,08,Openings,08 10 00,Doors and Frames,Category 08 - Openings,08 10 00 Doors and Frames
VENDOR SUBMITTAL: Quotation for steel pipe bollards with concrete fill for interior and exterior metal railings. Field welds to be ground smooth and touch-up painted. per architectural detail drawings.,05,Metals,05 50 00,Metal Fabrications,Category 05 - Metals,05 50 00 Metal Fabrications
Furnish and install mineral wool semi-rigid insulation board as indicated on drawings and per manufacturer technical data and installation guide. Includes vapor retarder on warm side of assembly.,07,Thermal and Moisture Protection,07 20 00,Thermal Insulation,Category 07 - Thermal and Moisture Protection,07 20 00 Thermal Insulation
Vendor submittal: insulating concrete forms (ICF). Forms to remain in place for minimum 7-day cure period. per ACI 347 standards.,03,Concrete,03 10 00,Concrete Forming and Accessories,Category 03 - Concrete,03 10 00 Concrete Forming and Accessories
PROJECT PROPOSAL: Material submittal for standing seam metal roof panels 24-gauge. System includes 20-year NDL (No Dollar Limit) manufacturer warranty. Refer to per manufacturer approved applicator installation manual.,07,Thermal and Moisture Protection,07 50 00,Membrane Roofing,Category 07 - Thermal and Moisture Protection,07 50 00 Membrane Roofing
"Provide all labor, materials and equipment for polyiso rigid insulation for roof assembly for roof insulation above deck. per ASHRAE 90.1 energy code requirements. Insulation to be installed without gaps, voids or compression.",07,Thermal and Moisture Protection,07 20 00,Thermal Insulation,Category 07 - Thermal and Moisture Protection,07 20 00 Thermal Insulation
"Provide all labor, materials and equipment for steel stair stringers, treads and handrails for equipment pads and roof penetration supports. per ADA and local building code requirements. Handrails to comply with ADA requirements.",05,Metals,05 50 00,Metal Fabrications,Category 05 - Metals,05 50 00 Metal Fabrications
Subcontractor bid for veneer plaster system over blueboard. Location: for fire-rated corridor and stairwell assemblies. Partitions to achieve fire rating per UL assembly design.,09,Finishes,09 20 00,Plaster and Gypsum Board,Category 09 - Finishes,09 20 00 Plaster and Gypsum Board
"Proposal for procurement and installation of hardwood oak strip flooring 3/4-inch solid for lobby, corridors and common areas. Base: 4-inch rubber or tile cove base at all walls.",09,Finishes,09 60 00,Flooring,Category 09 - Finishes,09 60 00 Flooring
Scope of work includes installation of bentonite clay waterproofing panels for occupied basement and parking levels. 10-year manufacturer warranty on waterproofing system.,07,Thermal and Moisture Protection,07 10 00,Dampproofing and Waterproofing,Category 07 - Thermal and Moisture Protection,07 10 00 Dampproofing and Waterproofing
VENDOR SUBMITTAL: Supply and install grounding and bonding system with ground rods for electrical raceway and wiring infrastructure. All wiring and raceway per National Electrical Code (NEC). per UL listed materials and components.,26,Electrical,26 05 00,Common Work Results for Electrical,Category 26 - Electrical,26 05 00 Common Work Results for Electrical
Furnish and install chilled water air handler unit (AHU) with economizer as indicated on drawings and per ASHRAE 90.1 minimum efficiency requirements. Controls: BACnet compatible DDC for building automation integration.,23,HVAC,23 60 00,Central Cooling Equipment,Category 23 - HVAC,23 60 00 Central Cooling Equipment
"Proposal for delivery, rigging and startup of air-cooled scroll chiller 100-ton capacity for tenant space supplemental cooling. Factory startup and commissioning by manufacturer representative.",23,HVAC,23 60 00,Central Cooling Equipment,Category 23 - HVAC,23 60 00 Central Cooling Equipment
"Provide all labor, materials and equipment for polished concrete floor with densifier and sealer for lobby, corridors and common areas. per ASTM F710 for substrate preparation. Base: 4-inch rubber or tile cove base at all walls.",09,Finishes,09 60 00,Flooring,Category 09 - Finishes,09 60 00 Flooring
SCOPE OF WORK DESCRIPTION: glazing of structural silicone glazed curtain wall panels including all necessary accessories and hardware. per ASTM C1048 for flat glass specifications.,08,Openings,08 80 00,Glazing,Category 08 - Openings,08 80 00 Glazing
BID ITEM: Subcontractor bid for fixed aluminum picture windows. Location: for high-rise building perimeter. Windows to be factory-assembled and glazed.,08,Openings,08 50 00,Windows,Category 08 - Openings,08 50 00 Windows
Subcontractor bid for structural steel canopy framing. Location: for main building structural frame. Material per ASTM A992 Grade 50 for wide flanges.,05,Metals,05 10 00,Structural Metal Framing,Category 05 - Metals,05 10 00 Structural Metal Framing
Subcontractor bid for liquid-applied air and vapor barrier. Location: for plaza deck over occupied space. All seams to be sealed and corners reinforced.,07,Thermal and Moisture Protection,07 10 00,Dampproofing and Waterproofing,Category 07 - Thermal and Moisture Protection,07 10 00 Dampproofing and Waterproofing
Subject: Material Submittal – Furnish and install exterior acrylic paint system with primer as indicated on drawings and per SSPC surface preparation standards for steel. Touch-up painting at all trades damage at project completion.,09,Finishes,09 90 00,Painting and Coating,Category 09 - Finishes,09 90 00 Painting and Coating
"Quotation for condensing high-efficiency boiler 95% AFUE for warehouse and loading dock space heating. Expansion tank, air separator and chemical feeder included. per ASME Boiler and Pressure Vessel Code for boilers.",23,HVAC,23 70 00,Central Heating Equipment,Category 23 - HVAC,23 70 00 Central Heating Equipment
Quotation for hot-rolled steel I-beams for floor framing for loading dock steel structure. All connections per AISC standards and structural drawings. per project specification Section 05 10 00.,05,Metals,05 10 00,Structural Metal Framing,Category 05 - Metals,05 10 00 Structural Metal Framing
Material submittal for automatic sliding door operator. Frames to be set and grouted plumb and square. Refer to conforming to SDI (Steel Door Institute) standards.,08,Openings,08 10 00,Doors and Frames,Category 08 - Openings,08 10 00 Doors and Frames
"Scope of work includes application of acoustic insulation for interior partitions for mechanical room pipe and duct insulation. Insulation to be installed without gaps, voids or compression.",07,Thermal and Moisture Protection,07 20 00,Thermal Insulation,Category 07 - Thermal and Moisture Protection,07 20 00 Thermal Insulation
"BID ITEM: Scope of work includes installation of spray-applied polyurethane foam insulation (SPF) for attic floor and knee wall insulation. Insulation to be installed without gaps, voids or compression.",07,Thermal and Moisture Protection,07 20 00,Thermal Insulation,Category 07 - Thermal and Moisture Protection,07 20 00 Thermal Insulation
"SCOPE OF WORK DESCRIPTION: Quotation for rubber athletic flooring for gymnasium for lobby, corridors and common areas. Base: 4-inch rubber or tile cove base at all walls. per project specification Section 09 60 00.",09,Finishes,09 60 00,Flooring,Category 09 - Finishes,09 60 00 Flooring
Subject: Material Submittal – Scope of work includes furnishing and glazing of steel fixed-lite windows for industrial for office and classroom window openings. Glazing to be dual-pane insulated Low-E argon-filled.,08,Openings,08 50 00,Windows,Category 08 - Openings,08 50 00 Windows
SCOPE OF WORK DESCRIPTION: Quotation for access doors and panels flush-mounted for mechanical and electrical room access. Fire-rated assemblies with UL listed label. conforming to SDI (Steel Door Institute) standards.,08,Openings,08 10 00,Doors and Frames,Category 08 - Openings,08 10 00 Doors and Frames
PROJECT PROPOSAL: Scope of work includes supply and installation of non-composite roof deck panels for roof deck installation over steel joists. Deck to be welded to supports at 12 inches on center.,05,Metals,05 30 00,Metal Decking,Category 05 - Metals,05 30 00 Metal Decking
Vendor submittal: underslab vapor barrier 15-mil polyethylene. All seams to be sealed and corners reinforced. per project specification Section 07 10 00.,07,Thermal and Moisture Protection,07 10 00,Dampproofing and Waterproofing,Category 07 - Thermal and Moisture Protection,07 10 00 Dampproofing and Waterproofing
"Subcontractor bid for diesel emergency standby generator 500 kW. Location: for electrical room equipment installation. Generator includes sub-base fuel tank, muffler and weatherproof enclosure.",26,Electrical,26 20 00,Low-Voltage Electrical Distribution,Category 26 - Electrical,26 20 00 Low-Voltage Electrical Distribution
"Supply and install main electrical switchboard 2000A 480/277V for electrical room equipment installation. Generator includes sub-base fuel tank, muffler and weatherproof enclosure. per project specification Section 26 20 00.",26,Electrical,26 20 00,Low-Voltage Electrical Distribution,Category 26 - Electrical,26 20 00 Low-Voltage Electrical Distribution
"Scope of work includes furnishing and laying of sheet vinyl flooring for healthcare corridors for restrooms and locker rooms. Includes all floor preparation, leveling and patching.",09,Finishes,09 60 00,Flooring,Category 09 - Finishes,09 60 00 Flooring
"Material submittal for sump pump and pit with float switch. Includes all valves, supports, hangers and seismic bracing. Refer to per project specification Section 22 10 00.",22,Plumbing,22 10 00,Plumbing Piping and Pumps,Category 22 - Plumbing,22 10 00 Plumbing Piping and Pumps
"Vendor submittal: evaporative condenser for refrigeration. Includes refrigerant piping, pad, and electrical connections. per AHRI certified performance ratings.",23,HVAC,23 60 00,Central Cooling Equipment,Category 23 - HVAC,23 60 00 Central Cooling Equipment
Vendor submittal: radiant ceiling panel heating system. Boiler efficiency exceeds ASHRAE 90.1 minimum requirement. per ASME Boiler and Pressure Vessel Code for boilers.,23,HVAC,23 70 00,Central Heating Equipment,Category 23 - HVAC,23 70 00 Central Heating Equipment
Subject: Material Submittal – Quotation for sump pump and pit with float switch for sanitary sewer and storm drain piping. Insulation on all hot and cold water piping per specification. per project specification Section 22 10 00.,22,Plumbing,22 10 00,Plumbing Piping and Pumps,Category 22 - Plumbing,22 10 00 Plumbing Piping and Pumps
"Request for approval: raised access flooring system 6-inch pedestal for use for restrooms and locker rooms. Includes all floor preparation, leveling and patching. per project specification Section 09 60 00.",09,Finishes,09 60 00,Flooring,Category 09 - Finishes,09 60 00 Flooring
"Furnish and install electrical metering and monitoring system as indicated on drawings and per utility company service entrance requirements. Includes circuit breakers, fuses and all internal components.",26,Electrical,26 20 00,Low-Voltage Electrical Distribution,Category 26 - Electrical,26 20 00 Low-Voltage Electrical Distribution
"Supply and install emergency and exit lighting with battery backup for office, lobby and common area lighting. All fixtures to be LED with minimum 50,000-hour rated life. per IES recommended lighting levels for occupancy type.",26,Electrical,26 50 00,Lighting,Category 26 - Electrical,26 50 00 Lighting
Subject: Material Submittal – Request for approval: exterior acrylic paint system with primer for use for exposed structural steel fireproofing. Colors per architect-selected paint schedule. per MPI (Master Painters Institute) standards.,09,Finishes,09 90 00,Painting and Coating,Category 09 - Finishes,09 90 00 Painting and Coating
"Provide all labor, materials and equipment for zinc-rich primer for corrosion protection for exterior building facade and soffits. per SSPC surface preparation standards for steel. Two coats finish over one coat primer on new drywall.",09,Finishes,09 90 00,Painting and Coating,Category 09 - Finishes,09 90 00 Painting and Coating
"Provide all labor, materials and equipment for backflow preventer and pressure reducing valve for mechanical room plumbing connections. per Uniform Plumbing Code (UPC). Includes all valves, supports, hangers and seismic bracing.",22,Plumbing,22 10 00,Plumbing Piping and Pumps,Category 22 - Plumbing,22 10 00 Plumbing Piping and Pumps
Furnish and install packaged rooftop air conditioning unit 25-ton as indicated on drawings and per AHRI certified performance ratings. Unit to be high-efficiency with minimum 14 SEER rating.,23,HVAC,23 60 00,Central Cooling Equipment,Category 23 - HVAC,23 60 00 Central Cooling Equipment
"Furnish and install 5/8-inch Type X gypsum board for fire-rated partitions as indicated on drawings and per UL listed assembly design number. Metal studs at 16 inches on center, bridging at mid-height.",09,Finishes,09 20 00,Plaster and Gypsum Board,Category 09 - Finishes,09 20 00 Plaster and Gypsum Board
Subject: Material Submittal – Request for approval: water softener and treatment system for use for below-grade sewage ejection system. 5-year manufacturer warranty on heat exchanger. per local health and plumbing code requirements.,22,Plumbing,22 30 00,Plumbing Equipment,Category 22 - Plumbing,22 30 00 Plumbing Equipment
"BID ITEM: Vendor submittal: glass mat gypsum sheathing for exterior. Metal studs at 16 inches on center, bridging at mid-height. per UL listed assembly design number.",09,Finishes,09 20 00,Plaster and Gypsum Board,Category 09 - Finishes,09 20 00 Plaster and Gypsum Board
Material submittal for sports field LED flood lighting system. Emergency fixtures with 90-minute battery backup per code. Refer to per NEC Article 410 and local energy code.,26,Electrical,26 50 00,Lighting,Category 26 - Electrical,26 50 00 Lighting
Quotation for motor control center (MCC) with VFDs for main electrical service and distribution. Load bank testing and startup by factory technician. per NFPA 110 for emergency power systems.,26,Electrical,26 20 00,Low-Voltage Electrical Distribution,Category 26 - Electrical,26 20 00 Low-Voltage Electrical Distribution
SCOPE OF WORK DESCRIPTION: supply and installation of veneer plaster system over blueboard including all necessary accessories and hardware. per GA (Gypsum Association) Fire Resistance Design Manual.,09,Finishes,09 20 00,Plaster and Gypsum Board,Category 09 - Finishes,09 20 00 Plaster and Gypsum Board
"Provide all labor, materials and equipment for roofing penetration flashings and pitch pockets for rooftop mechanical equipment area. per project specification Section 07 50 00. Insulation R-30 minimum per energy code, tapered for drainage.",07,Thermal and Moisture Protection,07 50 00,Membrane Roofing,Category 07 - Thermal and Moisture Protection,07 50 00 Membrane Roofing
PROJECT PROPOSAL: Quotation for form release agent and accessories at building core shear walls. Allow for three reuses of formwork panels. per project specification Section 03 10 00.,03,Concrete,03 10 00,Concrete Forming and Accessories,Category 03 - Concrete,03 10 00 Concrete Forming and Accessories
furnishing and setting of structural silicone glazed curtain wall panels including all necessary accessories and hardware. per project specification Section 08 80 00.,08,Openings,08 80 00,Glazing,Category 08 - Openings,08 80 00 Glazing
tear-off and replacement of TPO single-ply membrane roofing system 60-mil including all necessary accessories and hardware. per FM Global and UL listed roof assembly.,07,Thermal and Moisture Protection,07 50 00,Membrane Roofing,Category 07 - Thermal and Moisture Protection,07 50 00 Membrane Roofing
Proposal for furnishing and setting of stainless steel commercial kitchen sink triple-bowl for public restrooms per fixture schedule. Chrome-plated brass faucets with ceramic disc cartridge.,22,Plumbing,22 40 00,Plumbing Fixtures,Category 22 - Plumbing,22 40 00 Plumbing Fixtures
furnishing and applying of fluid-applied rubberized asphalt waterproofing including all necessary accessories and hardware. conforming to local building code moisture protection requirements.,07,Thermal and Moisture Protection,07 10 00,Dampproofing and Waterproofing,Category 07 - Thermal and Moisture Protection,07 10 00 Dampproofing and Waterproofing
supply and installation of radiant ceiling panel heating system including all necessary accessories and hardware. per AHRI certified heating capacity ratings.,23,HVAC,23 70 00,Central Heating Equipment,Category 23 - HVAC,23 70 00 Central Heating Equipment
Request for approval: computer room precision cooling unit (CRAC/CRAH) for use for tenant space supplemental cooling. Controls: BACnet compatible DDC for building automation integration. per ASHRAE 90.1 minimum efficiency requirements.,23,HVAC,23 60 00,Central Cooling Equipment,Category 23 - HVAC,23 60 00 Central Cooling Equipment
"PROJECT PROPOSAL: Proposal for installation of insulating concrete forms (ICF) for cast-in-place concrete columns. Includes all bracing, wedges, and form oil.",03,Concrete,03 10 00,Concrete Forming and Accessories,Category 03 - Concrete,03 10 00 Concrete Forming and Accessories
"Subcontractor bid for epoxy-coated rebar for exposed concrete. Location: for foundation mat and footings. Minimum concrete cover 3 inches for footings, 1.5 inches for slabs.",03,Concrete,03 20 00,Concrete Reinforcing,Category 03 - Concrete,03 20 00 Concrete Reinforcing
Material submittal for triple-glazed high-performance IGU. Glass thickness and type per structural analysis for wind loads. Refer to per glazing contractor shop drawings.,08,Openings,08 80 00,Glazing,Category 08 - Openings,08 80 00 Glazing
Material submittal for FRP fiberglass reinforced plastic doors. Fire-rated assemblies with UL listed label. Refer to per project specification Section 08 10 00.,08,Openings,08 10 00,Doors and Frames,Category 08 - Openings,08 10 00 Doors and Frames
BID ITEM: Furnish and install FRP fiberglass reinforced plastic doors as indicated on drawings and per NFPA 80 fire door assembly standards. Frames to be set and grouted plumb and square.,08,Openings,08 10 00,Doors and Frames,Category 08 - Openings,08 10 00 Doors and Frames
"Subject: Material Submittal – Provide all labor, materials and equipment for built-up roofing (BUR) 4-ply asphalt system for green roof system over parking structure. per FM Global and UL listed roof assembly. Remove existing roofing to deck and install new system complete.",07,Thermal and Moisture Protection,07 50 00,Membrane Roofing,Category 07 - Thermal and Moisture Protection,07 50 00 Membrane Roofing
"Vendor submittal: high-performance epoxy wall coating for wet areas. Includes surface preparation, sanding and priming. per paint manufacturer technical data sheets.",09,Finishes,09 90 00,Painting and Coating,Category 09 - Finishes,09 90 00 Painting and Coating
Request for approval: computer room precision cooling unit (CRAC/CRAH) for use for data center and server room cooling. Controls: BACnet compatible DDC for building automation integration. per mechanical schedule on drawings.,23,HVAC,23 60 00,Central Cooling Equipment,Category 23 - HVAC,23 60 00 Central Cooling Equipment
"Subject: Material Submittal – Proposal for supply and installation of copper Type L water supply piping and fittings for sanitary sewer and storm drain piping. Includes all valves, supports, hangers and seismic bracing.",22,Plumbing,22 10 00,Plumbing Piping and Pumps,Category 22 - Plumbing,22 10 00 Plumbing Piping and Pumps
Quotation for sound-rated gypsum board assembly STC 50 for interior partitions and ceilings throughout building. Corner bead at all exposed edges and reveals. per project specification Section 09 20 00.,09,Finishes,09 20 00,Plaster and Gypsum Board,Category 09 - Finishes,09 20 00 Plaster and Gypsum Board
Quotation for steel embed plates and loose lintels for building perimeter bollard protection. Steel to be shop-primed with rust-inhibitive primer. per project specification Section 05 50 00.,05,Metals,05 50 00,Metal Fabrications,Category 05 - Metals,05 50 00 Metal Fabrications
"Supply and install explosion-proof lighting for hazardous locations for interior lighting per reflected ceiling plan. Color temperature: 4000K for offices, 3000K for corridors. per project specification Section 26 50 00.",26,Electrical,26 50 00,Lighting,Category 26 - Electrical,26 50 00 Lighting
"Subject: Material Submittal – Scope of work includes furnishing and erection of steel moment frame connections for main building structural frame. Includes shop drawings, erection drawings and mill certificates.",05,Metals,05 10 00,Structural Metal Framing,Category 05 - Metals,05 10 00 Structural Metal Framing
fabrication and erection of steel braced frame lateral system including all necessary accessories and hardware. per AISC 360 Specification for Structural Steel Buildings.,05,Metals,05 10 00,Structural Metal Framing,Category 05 - Metals,05 10 00 Structural Metal Framing
Material submittal for aluminum double-hung windows thermally broken. Windows to be factory-assembled and glazed. Refer to per approved window schedule and shop drawings.,08,Openings,08 50 00,Windows,Category 08 - Openings,08 50 00 Windows
"RE: Flooring – Quotation for sheet vinyl flooring for healthcare corridors for lobby, corridors and common areas. Moisture testing required per ASTM F2170 before installation. per ASTM F710 for substrate preparation.",09,Finishes,09 60 00,Flooring,Category 09 - Finishes,09 60 00 Flooring
"Proposal for installation of PVC single-ply roofing membrane with hot-air welded seams for green roof system over parking structure. Insulation R-30 minimum per energy code, tapered for drainage.",07,Thermal and Moisture Protection,07 50 00,Membrane Roofing,Category 07 - Thermal and Moisture Protection,07 50 00 Membrane Roofing
installation of standing seam metal roof panels 24-gauge including all necessary accessories and hardware. per FM Global and UL listed roof assembly.,07,Thermal and Moisture Protection,07 50 00,Membrane Roofing,Category 07 - Thermal and Moisture Protection,07 50 00 Membrane Roofing
Material submittal for LED high-bay warehouse light fixtures. Emergency fixtures with 90-minute battery backup per code. Refer to per project specification Section 26 50 00.,26,Electrical,26 50 00,Lighting,Category 26 - Electrical,26 50 00 Lighting
Request for approval: metal deck pour stops and closures for use for parking garage composite deck system. Includes temporary shoring during concrete placement. conforming to ASTM A653 galvanized steel.,05,Metals,05 30 00,Metal Decking,Category 05 - Metals,05 30 00 Metal Decking
"SCOPE OF WORK DESCRIPTION: Provide all labor, materials and equipment for point-of-use water filtration system for domestic hot water system in mechanical room. per NSF/ANSI 61 for drinking water components. Manufacturer factory startup and commissioning required.",22,Plumbing,22 30 00,Plumbing Equipment,Category 22 - Plumbing,22 30 00 Plumbing Equipment
"VENDOR SUBMITTAL: Proposal for supply and installation of hydronic baseboard fin-tube radiation heater for building central heating system. Includes gas piping, venting and combustion air provisions.",23,HVAC,23 70 00,Central Heating Equipment,Category 23 - HVAC,23 70 00 Central Heating Equipment
"RE: Low-Voltage Electrical Distribution – Scope of work includes delivery and energization of distribution panelboard 225A 208/120V for tenant electrical metering and sub-distribution. Generator includes sub-base fuel tank, muffler and weatherproof enclosure.",26,Electrical,26 20 00,Low-Voltage Electrical Distribution,Category 26 - Electrical,26 20 00 Low-Voltage Electrical Distribution
"Provide all labor, materials and equipment for condensing high-efficiency boiler 95% AFUE for building central heating system. per local mechanical and fuel gas code. Controls integrated with building automation system (BAS).",23,HVAC,23 70 00,Central Heating Equipment,Category 23 - HVAC,23 70 00 Central Heating Equipment
Supply and install cooling tower induced draft crossflow for office building comfort cooling. Factory startup and commissioning by manufacturer representative. per project specification Section 23 60 00.,23,HVAC,23 60 00,Central Cooling Equipment,Category 23 - HVAC,23 60 00 Central Cooling Equipment
Vendor submittal: below-grade bituminous waterproofing membrane. All seams to be sealed and corners reinforced. per project specification Section 07 10 00.,07,Thermal and Moisture Protection,07 10 00,Dampproofing and Waterproofing,Category 07 - Thermal and Moisture Protection,07 10 00 Dampproofing and Waterproofing
Supply and install epoxy-coated rebar for exposed concrete for parking structure post-tensioned slabs. Lap splices per ACI 318 development length requirements. per ACI 318-19 and project structural drawings.,03,Concrete,03 20 00,Concrete Reinforcing,Category 03 - Concrete,03 20 00 Concrete Reinforcing
VENDOR SUBMITTAL: Scope of work includes painting of interior latex paint (2 coats) over primer for exterior building facade and soffits. Two coats finish over one coat primer on new drywall.,09,Finishes,09 90 00,Painting and Coating,Category 09 - Finishes,09 90 00 Painting and Coating
Furnish and install bird-friendly fritted glass panels as indicated on drawings and per glazing contractor shop drawings. Insulated units with warm-edge spacer and argon gas fill.,08,Openings,08 80 00,Glazing,Category 08 - Openings,08 80 00 Glazing
"Scope of work includes furnishing and placement of reshoring and shoring system for elevated slabs for basement foundation walls. Includes form stripping, cleaning, and concrete surface patching.",03,Concrete,03 10 00,Concrete Forming and Accessories,Category 03 - Concrete,03 10 00 Concrete Forming and Accessories
Request for approval: PEX flexible water supply tubing for use for restroom and kitchen plumbing rough-in. Piping to be pressure tested at 1.5x operating pressure. per project specification Section 22 10 00.,22,Plumbing,22 10 00,Plumbing Piping and Pumps,Category 22 - Plumbing,22 10 00 Plumbing Piping and Pumps
BID ITEM: application of pipe and duct insulation with vapor jacket including all necessary accessories and hardware. per manufacturer technical data and installation guide.,07,Thermal and Moisture Protection,07 20 00,Thermal Insulation,Category 07 - Thermal and Moisture Protection,07 20 00 Thermal Insulation
"Provide all labor, materials and equipment for reshoring and shoring system for elevated slabs for foundation walls and footings. per ACI 347 standards. Includes all bracing, wedges, and form oil.",03,Concrete,03 10 00,Concrete Forming and Accessories,Category 03 - Concrete,03 10 00 Concrete Forming and Accessories
Subject: Material Submittal – Scope of work includes furnishing and tying of rebar dowels and starter bars for foundation mat and footings. Bar supports at maximum 4-foot spacing.,03,Concrete,03 20 00,Concrete Reinforcing,Category 03 - Concrete,03 20 00 Concrete Reinforcing
"This submittal covers the supply and installation of sound-rated gypsum board assembly STC 50 for fire-rated corridor and stairwell assemblies. All work to comply with per project specification Section 09 20 00. Metal studs at 16 inches on center, bridging at mid-height.",09,Finishes,09 20 00,Plaster and Gypsum Board,Category 09 - Finishes,09 20 00 Plaster and Gypsum Board
"Vendor submittal: roof walkway pads and protection mats. Includes all flashings, counterflashings, and edge metal. per FM Global and UL listed roof assembly.",07,Thermal and Moisture Protection,07 50 00,Membrane Roofing,Category 07 - Thermal and Moisture Protection,07 50 00 Membrane Roofing
Subcontractor bid for flexible insulated duct for branch connections. Location: for data center precision air distribution. Insulation: 2-inch fiberglass duct wrap with vapor barrier.,23,HVAC,23 30 00,HVAC Air Distribution,Category 23 - HVAC,23 30 00 HVAC Air Distribution
"Material submittal for wire connectors, lugs and termination kits. Wire pulled with approved lubricant, no damage to insulation. Refer to per project specification Section 26 05 00.",26,Electrical,26 05 00,Common Work Results for Electrical,Category 26 - Electrical,26 05 00 Common Work Results for Electrical
"This submittal covers the procurement and mounting of sports field LED flood lighting system for office, lobby and common area lighting. All work to comply with per NEC Article 410 and local energy code. Includes dimming drivers compatible with 0-10V control system.",26,Electrical,26 50 00,Lighting,Category 26 - Electrical,26 50 00 Lighting
"PROJECT PROPOSAL: Supply and install vinyl casement windows with Low-E glass for hospital patient room exterior windows. U-factor 0.30 maximum, SHGC 0.25 maximum per energy code. per project specification Section 08 50 00.",08,Openings,08 50 00,Windows,Category 08 - Openings,08 50 00 Windows
Scope of work includes procurement and installation of bird-friendly fritted glass panels for canopy and skylight overhead glazing. Glass to meet ANSI Z97.1 safety glazing requirements.,08,Openings,08 80 00,Glazing,Category 08 - Openings,08 80 00 Glazing
"Request for approval: rubber athletic flooring for gymnasium for use for lobby, corridors and common areas. Adhesive to be low-VOC per LEED IEQ requirements. per project specification Section 09 60 00.",09,Finishes,09 60 00,Flooring,Category 09 - Finishes,09 60 00 Flooring
Quotation for ductwork insulation wrap and lining for HVAC air distribution throughout building. Duct leakage testing per SMACNA Class A seal requirement. per ASHRAE 90.1 duct insulation requirements.,23,HVAC,23 30 00,HVAC Air Distribution,Category 23 - HVAC,23 30 00 HVAC Air Distribution
"Vendor submittal: rubber athletic flooring for gymnasium. Includes all floor preparation, leveling and patching. per manufacturer installation instructions.",09,Finishes,09 60 00,Flooring,Category 09 - Finishes,09 60 00 Flooring
Scope of work includes fabrication and installation of steel ladder and safety cage for building perimeter bollard protection. All exposed steel to be hot-dip galvanized after fabrication.,05,Metals,05 50 00,Metal Fabrications,Category 05 - Metals,05 50 00 Metal Fabrications
delivery and startup of water softener and treatment system including all necessary accessories and hardware. per project specification Section 22 30 00.,22,Plumbing,22 30 00,Plumbing Equipment,Category 22 - Plumbing,22 30 00 Plumbing Equipment
RE: Metal Decking – delivery and installation of acoustic metal deck with perforations including all necessary accessories and hardware. per composite design per AISC 360 Chapter I.,05,Metals,05 30 00,Metal Decking,Category 05 - Metals,05 30 00 Metal Decking
Subcontractor bid for fabric ductwork for open ceiling areas. Location: for HVAC air distribution throughout building. Duct leakage testing per SMACNA Class A seal requirement.,23,HVAC,23 30 00,HVAC Air Distribution,Category 23 - HVAC,23 30 00 HVAC Air Distribution
Supply and install carpet tile modular 24x24 with adhesive for office spaces and conference rooms. Transition strips at all flooring material changes. per ASTM F710 for substrate preparation.,09,Finishes,09 60 00,Flooring,Category 09 - Finishes,09 60 00 Flooring
"VENDOR SUBMITTAL: Proposal for rough-in and connection of cast iron no-hub soil pipe and fittings for mechanical room plumbing connections. Pipe connections: soldered for copper, solvent welded for PVC.",22,Plumbing,22 10 00,Plumbing Piping and Pumps,Category 22 - Plumbing,22 10 00 Plumbing Piping and Pumps
VENDOR SUBMITTAL: Subcontractor bid for thermostatic mixing valve station. Location: for domestic hot water system in mechanical room. Manufacturer factory startup and commissioning required.,22,Plumbing,22 30 00,Plumbing Equipment,Category 22 - Plumbing,22 30 00 Plumbing Equipment
Vendor submittal: hot-rolled steel I-beams for floor framing. High-strength bolts A325 for all connections. per structural engineer sealed shop drawings.,05,Metals,05 10 00,Structural Metal Framing,Category 05 - Metals,05 10 00 Structural Metal Framing
"Subject: Material Submittal – furnishing and pulling of electrical junction boxes, pull boxes and fittings including all necessary accessories and hardware. per UL listed materials and components.",26,Electrical,26 05 00,Common Work Results for Electrical,Category 26 - Electrical,26 05 00 Common Work Results for Electrical
"Provide all labor, materials and equipment for tempered safety glass panels for curtain wall and storefront glazing systems. per glazing contractor shop drawings. Glass to meet ANSI Z97.1 safety glazing requirements.",08,Openings,08 80 00,Glazing,Category 08 - Openings,08 80 00 Glazing
"Quotation for column formwork with snap ties for foundation walls and footings. Includes form stripping, cleaning, and concrete surface patching. conforming to OSHA shoring requirements.",03,Concrete,03 10 00,Concrete Forming and Accessories,Category 03 - Concrete,03 10 00 Concrete Forming and Accessories
"Quotation for CPVC hot and cold water distribution piping for restroom and kitchen plumbing rough-in. Includes all valves, supports, hangers and seismic bracing. per ASME B31.9 building services piping.",22,Plumbing,22 10 00,Plumbing Piping and Pumps,Category 22 - Plumbing,22 10 00 Plumbing Piping and Pumps
Furnish and install moisture-resistant (green board) gypsum in wet areas as indicated on drawings and per UL listed assembly design number. Includes acoustic sealant at top and bottom tracks.,09,Finishes,09 20 00,Plaster and Gypsum Board,Category 09 - Finishes,09 20 00 Plaster and Gypsum Board
Quotation for flexible insulated duct for branch connections for commercial kitchen ventilation system. TAB (Testing Adjusting Balancing) included in scope. per SMACNA HVAC Duct Construction Standards.,23,HVAC,23 30 00,HVAC Air Distribution,Category 23 - HVAC,23 30 00 HVAC Air Distribution
"PROJECT PROPOSAL: Provide all labor, materials and equipment for continuous exterior insulation (CI) system for roof insulation above deck. per project specification Section 07 20 00. Includes vapor retarder on warm side of assembly.",07,Thermal and Moisture Protection,07 20 00,Thermal Insulation,Category 07 - Thermal and Moisture Protection,07 20 00 Thermal Insulation
"Provide all labor, materials and equipment for automatic sliding door operator for main building entry and vestibule. per project specification Section 08 10 00. Frames to be set and grouted plumb and square.",08,Openings,08 10 00,Doors and Frames,Category 08 - Openings,08 10 00 Doors and Frames
RE: Painting and Coating – Supply and install anti-graffiti coating for exterior masonry for exterior building facade and soffits. Colors per architect-selected paint schedule. per SSPC surface preparation standards for steel.,09,Finishes,09 90 00,Painting and Coating,Category 09 - Finishes,09 90 00 Painting and Coating
Scope of work includes furnishing and tying of rebar dowels and starter bars for elevated concrete slab reinforcement. Mill certifications required for all reinforcing steel.,03,Concrete,03 20 00,Concrete Reinforcing,Category 03 - Concrete,03 20 00 Concrete Reinforcing
This submittal covers the supply and installation of surge protective device (SPD) panel-mounted for tenant electrical metering and sub-distribution. All work to comply with per project specification Section 26 20 00. Load bank testing and startup by factory technician.,26,Electrical,26 20 00,Low-Voltage Electrical Distribution,Category 26 - Electrical,26 20 00 Low-Voltage Electrical Distribution
Request for approval: water softener and treatment system for use for drinking water cooling and dispensing. Unit to be seismic-rated for installation zone. per ASME Boiler and Pressure Vessel Code.,22,Plumbing,22 30 00,Plumbing Equipment,Category 22 - Plumbing,22 30 00 Plumbing Equipment
Material submittal for tempered safety glass panels. Insulated units with warm-edge spacer and argon gas fill. Refer to per project specification Section 08 80 00.,08,Openings,08 80 00,Glazing,Category 08 - Openings,08 80 00 Glazing
Proposal for furnishing and piping of cast iron no-hub soil pipe and fittings for sanitary sewer and storm drain piping. Insulation on all hot and cold water piping per specification.,22,Plumbing,22 10 00,Plumbing Piping and Pumps,Category 22 - Plumbing,22 10 00 Plumbing Piping and Pumps
"RE: Plaster and Gypsum Board – Scope of work includes supply and installation of curved gypsum board soffits and bulkheads for fire-rated corridor and stairwell assemblies. Metal studs at 16 inches on center, bridging at mid-height.",09,Finishes,09 20 00,Plaster and Gypsum Board,Category 09 - Finishes,09 20 00 Plaster and Gypsum Board
"delivery, rigging and startup of cooling tower induced draft crossflow including all necessary accessories and hardware. per project specification Section 23 60 00.",23,HVAC,23 60 00,Central Cooling Equipment,Category 23 - HVAC,23 60 00 Central Cooling Equipment
VENDOR SUBMITTAL: Scope of work includes supply and installation of hollow metal door frames 16-gauge welded for warehouse and loading dock openings. Fire-rated assemblies with UL listed label.,08,Openings,08 10 00,Doors and Frames,Category 08 - Openings,08 10 00 Doors and Frames
Proposal for supply and installation of acoustic metal deck with perforations for mezzanine floor deck. Minimum bearing length 2 inches on structural steel supports.,05,Metals,05 30 00,Metal Decking,Category 05 - Metals,05 30 00 Metal Decking
This submittal covers the delivery and installation of automatic sliding door operator for warehouse and loading dock openings. All work to comply with conforming to SDI (Steel Door Institute) standards. Finish: factory-applied powder coat paint.,08,Openings,08 10 00,Doors and Frames,Category 08 - Openings,08 10 00 Doors and Frames
Supply and install fixed aluminum picture windows for hospital patient room exterior windows. Windows to be factory-assembled and glazed. per approved window schedule and shop drawings.,08,Openings,08 50 00,Windows,Category 08 - Openings,08 50 00 Windows
Subcontractor bid for blast-resistant security window assemblies. Location: for hospital patient room exterior windows. Color: clear anodized aluminum or custom RAL color.,08,Openings,08 50 00,Windows,Category 08 - Openings,08 50 00 Windows
"RE: Metal Fabrications – Furnish and install steel stair stringers, treads and handrails as indicated on drawings and per ADA and local building code requirements. All exposed steel to be hot-dip galvanized after fabrication.",05,Metals,05 50 00,Metal Fabrications,Category 05 - Metals,05 50 00 Metal Fabrications
"Proposal for supply and installation of mineral wool semi-rigid insulation board for continuous insulation at building envelope. Insulation to be installed without gaps, voids or compression.",07,Thermal and Moisture Protection,07 20 00,Thermal Insulation,Category 07 - Thermal and Moisture Protection,07 20 00 Thermal Insulation
SCOPE OF WORK DESCRIPTION: Scope of work includes application of traffic-bearing waterproofing for parking deck at tunnel and underground utility connections. 10-year manufacturer warranty on waterproofing system.,07,Thermal and Moisture Protection,07 10 00,Dampproofing and Waterproofing,Category 07 - Thermal and Moisture Protection,07 10 00 Dampproofing and Waterproofing
Material submittal for exposed aggregate decorative concrete. Maximum slump 4 inches without superplasticizer. Refer to conforming to ASTM C94 ready-mixed concrete standard.,03,Concrete,03 30 00,Cast-in-Place Concrete,Category 03 - Concrete,03 30 00 Cast-in-Place Concrete
"PROJECT PROPOSAL: Provide all labor, materials and equipment for mineral wool semi-rigid insulation board for mechanical room pipe and duct insulation. per project specification Section 07 20 00. Insulation to be installed without gaps, voids or compression.",07,Thermal and Moisture Protection,07 20 00,Thermal Insulation,Category 07 - Thermal and Moisture Protection,07 20 00 Thermal Insulation
Material submittal for parking garage LED fixtures with daylight sensor. Emergency fixtures with 90-minute battery backup per code. Refer to per DesignLights Consortium (DLC) qualified products list.,26,Electrical,26 50 00,Lighting,Category 26 - Electrical,26 50 00 Lighting
Subcontractor bid for triple-glazed high-performance IGU. Location: for building lobby and atrium glazing. Glass to meet ANSI Z97.1 safety glazing requirements.,08,Openings,08 80 00,Glazing,Category 08 - Openings,08 80 00 Glazing
SCOPE OF WORK DESCRIPTION: Furnish and install 1-inch insulated glazing units (IGU) Low-E coated as indicated on drawings and per project specification Section 08 80 00. Glass thickness and type per structural analysis for wind loads.,08,Openings,08 80 00,Glazing,Category 08 - Openings,08 80 00 Glazing
"This submittal covers the supply and installation of electric resistance duct heater for warehouse and loading dock space heating. All work to comply with per ASME Boiler and Pressure Vessel Code for boilers. Expansion tank, air separator and chemical feeder included.",23,HVAC,23 70 00,Central Heating Equipment,Category 23 - HVAC,23 70 00 Central Heating Equipment
Subcontractor bid for packaged rooftop air conditioning unit 25-ton. Location: for building central cooling plant. Factory startup and commissioning by manufacturer representative.,23,HVAC,23 60 00,Central Cooling Equipment,Category 23 - HVAC,23 60 00 Central Cooling Equipment
"Vendor submittal: firestopping for electrical penetrations. Wire pulled with approved lubricant, no damage to insulation. per project specification Section 26 05 00.",26,Electrical,26 05 00,Common Work Results for Electrical,Category 26 - Electrical,26 05 00 Common Work Results for Electrical
"Supply and install access doors and panels flush-mounted for warehouse and loading dock openings. Hardware to include lever handles, closers, and hinges per hardware schedule. conforming to SDI (Steel Door Institute) standards.",08,Openings,08 10 00,Doors and Frames,Category 08 - Openings,08 10 00 Doors and Frames
VENDOR SUBMITTAL: Scope of work includes supply and installation of shaft wall liner and C-H stud system for fire-rated corridor and stairwell assemblies. Includes acoustic sealant at top and bottom tracks.,09,Finishes,09 20 00,Plaster and Gypsum Board,Category 09 - Finishes,09 20 00 Plaster and Gypsum Board
"Provide all labor, materials and equipment for vinyl casement windows with Low-E glass for exterior building facade per window schedule. per AAMA/WDMA/CSA 101 performance standards. Color: clear anodized aluminum or custom RAL color.",08,Openings,08 50 00,Windows,Category 08 - Openings,08 50 00 Windows
RE: Plumbing Fixtures – Request for approval: wall-mounted urinal with flush valve for use for ADA-compliant accessible restroom. ADA fixtures mounted at heights per accessibility code. per ASME A112.19.2 for vitreous china fixtures.,22,Plumbing,22 40 00,Plumbing Fixtures,Category 22 - Plumbing,22 40 00 Plumbing Fixtures
"BID ITEM: Provide all labor, materials and equipment for stainless steel reinforcement for corrosive environments for foundation mat and footings. in accordance with Section 03 20 00. Includes all cutting, bending, placing and tying.",03,Concrete,03 20 00,Concrete Reinforcing,Category 03 - Concrete,03 20 00 Concrete Reinforcing
"Subject: Material Submittal – Provide all labor, materials and equipment for aluminum awning windows with screens for hospital patient room exterior windows. per approved window schedule and shop drawings. U-factor 0.30 maximum, SHGC 0.25 maximum per energy code.",08,Openings,08 50 00,Windows,Category 08 - Openings,08 50 00 Windows
Subject: Material Submittal – Vendor submittal: steel embed plates and loose lintels. Steel to be shop-primed with rust-inhibitive primer. per ADA and local building code requirements.,05,Metals,05 50 00,Metal Fabrications,Category 05 - Metals,05 50 00 Metal Fabrications
Quotation for wired glass for fire-rated openings for canopy and skylight overhead glazing. Glass to meet ANSI Z97.1 safety glazing requirements. per ASTM C1048 for flat glass specifications.,08,Openings,08 80 00,Glazing,Category 08 - Openings,08 80 00 Glazing
Supply and install 1-inch insulated glazing units (IGU) Low-E coated for interior glass partitions and sidelights. Glass thickness and type per structural analysis for wind loads. per glazing contractor shop drawings.,08,Openings,08 80 00,Glazing,Category 08 - Openings,08 80 00 Glazing
"Supply and install PVC DWV drain, waste and vent piping for roof drain piping and overflow system. Includes core drilling, firestopping and sleeve installation. per Uniform Plumbing Code (UPC).",22,Plumbing,22 10 00,Plumbing Piping and Pumps,Category 22 - Plumbing,22 10 00 Plumbing Piping and Pumps
Furnish and install cast iron no-hub soil pipe and fittings as indicated on drawings and per Uniform Plumbing Code (UPC). Insulation on all hot and cold water piping per specification.,22,Plumbing,22 10 00,Plumbing Piping and Pumps,Category 22 - Plumbing,22 10 00 Plumbing Piping and Pumps
Proposal for application of wood stain and polyurethane finish for millwork for exposed structural steel fireproofing. VOC content to comply with LEED IEQ v4 requirements.,09,Finishes,09 90 00,Painting and Coating,Category 09 - Finishes,09 90 00 Painting and Coating
PROJECT PROPOSAL: Vendor submittal: vegetated green roof assembly with drainage mat. Membrane to be mechanically fastened or fully adhered per wind uplift. per NRCA roofing guidelines.,07,Thermal and Moisture Protection,07 50 00,Membrane Roofing,Category 07 - Thermal and Moisture Protection,07 50 00 Membrane Roofing
PROJECT PROPOSAL: This submittal covers the supply and installation of automatic sliding door operator for mechanical and electrical room access. All work to comply with per door and hardware schedule on drawings. Finish: factory-applied powder coat paint.,08,Openings,08 10 00,Doors and Frames,Category 08 - Openings,08 10 00 Doors and Frames
VENDOR SUBMITTAL: Quotation for impact-resistant hurricane windows for residential tower window replacement. Glazing to be dual-pane insulated Low-E argon-filled. per project specification Section 08 50 00.,08,Openings,08 50 00,Windows,Category 08 - Openings,08 50 00 Windows
BID ITEM: Quotation for duct-mounted fire and smoke dampers for office and conference room supply and return. Insulation: 2-inch fiberglass duct wrap with vapor barrier. per project specification Section 23 30 00.,23,HVAC,23 30 00,HVAC Air Distribution,Category 23 - HVAC,23 30 00 HVAC Air Distribution
Furnish and install mini-split ductless air conditioning system as indicated on drawings and per AHRI certified performance ratings. Controls: BACnet compatible DDC for building automation integration.,23,HVAC,23 60 00,Central Cooling Equipment,Category 23 - HVAC,23 60 00 Central Cooling Equipment
"Furnish and install heat recovery ventilator (HRV/ERV) as indicated on drawings and per ASME Boiler and Pressure Vessel Code for boilers. Includes gas piping, venting and combustion air provisions.",23,HVAC,23 70 00,Central Heating Equipment,Category 23 - HVAC,23 70 00 Central Heating Equipment
"Quotation for roofing penetration flashings and pitch pockets for new construction main roof and canopy areas. Includes all flashings, counterflashings, and edge metal. per FM Global and UL listed roof assembly.",07,Thermal and Moisture Protection,07 50 00,Membrane Roofing,Category 07 - Thermal and Moisture Protection,07 50 00 Membrane Roofing
"Provide all labor, materials and equipment for fiber reinforcing mesh for slab-on-grade for parking structure post-tensioned slabs. in accordance with Section 03 20 00. Includes all cutting, bending, placing and tying.",03,Concrete,03 20 00,Concrete Reinforcing,Category 03 - Concrete,03 20 00 Concrete Reinforcing
"VENDOR SUBMITTAL: Vendor submittal: exterior LED wall pack and pole-mounted fixtures. Color temperature: 4000K for offices, 3000K for corridors. per DesignLights Consortium (DLC) qualified products list.",26,Electrical,26 50 00,Lighting,Category 26 - Electrical,26 50 00 Lighting
"Subject: Material Submittal – Provide all labor, materials and equipment for copper building wire THHN/THWN various sizes for underground electrical duct bank to building. per NECA installation standards. As-built drawings required showing all concealed raceway routing.",26,Electrical,26 05 00,Common Work Results for Electrical,Category 26 - Electrical,26 05 00 Common Work Results for Electrical
"VENDOR SUBMITTAL: Proposal for furnishing and applying of built-up roofing (BUR) 4-ply asphalt system for green roof system over parking structure. Insulation R-30 minimum per energy code, tapered for drainage.",07,Thermal and Moisture Protection,07 50 00,Membrane Roofing,Category 07 - Thermal and Moisture Protection,07 50 00 Membrane Roofing
"Proposal for furnishing and piping of domestic water booster pump station for roof drain piping and overflow system. Includes all valves, supports, hangers and seismic bracing.",22,Plumbing,22 10 00,Plumbing Piping and Pumps,Category 22 - Plumbing,22 10 00 Plumbing Piping and Pumps
BID ITEM: Subcontractor bid for exterior acrylic paint system with primer. Location: for exterior building facade and soffits. Colors per architect-selected paint schedule.,09,Finishes,09 90 00,Painting and Coating,Category 09 - Finishes,09 90 00 Painting and Coating
Supply and install fiberglass batt insulation R-19 for exterior walls for continuous insulation at building envelope. Fire rating: Class A flame spread per ASTM E84. per project specification Section 07 20 00.,07,Thermal and Moisture Protection,07 20 00,Thermal Insulation,Category 07 - Thermal and Moisture Protection,07 20 00 Thermal Insulation
Supply and install acoustic insulation for interior partitions for roof insulation above deck. R-value verified by third-party testing per ASTM C518. per manufacturer technical data and installation guide.,07,Thermal and Moisture Protection,07 20 00,Thermal Insulation,Category 07 - Thermal and Moisture Protection,07 20 00 Thermal Insulation
"Supply and install dry-type transformer 75 kVA 480V to 208/120V for building power distribution infrastructure. Includes circuit breakers, fuses and all internal components. per utility company service entrance requirements.",26,Electrical,26 20 00,Low-Voltage Electrical Distribution,Category 26 - Electrical,26 20 00 Low-Voltage Electrical Distribution
"Provide all labor, materials and equipment for cellular metal floor deck for electrical raceway for metal building roof deck replacement. conforming to ASTM A653 galvanized steel. Includes all side laps, end laps, and pour stop angles.",05,Metals,05 30 00,Metal Decking,Category 05 - Metals,05 30 00 Metal Decking
"Subcontractor bid for lightweight concrete for elevated slabs. Location: for concrete columns, beams and shear walls. Concrete to be cured with wet burlap and plastic sheeting for 7 days.",03,Concrete,03 30 00,Cast-in-Place Concrete,Category 03 - Concrete,03 30 00 Cast-in-Place Concrete
Subcontractor bid for steel panel forms for walls. Location: for cast-in-place concrete columns. Snap ties at 24 inches on center both ways.,03,Concrete,03 10 00,Concrete Forming and Accessories,Category 03 - Concrete,03 10 00 Concrete Forming and Accessories
"This submittal covers the installation of abuse-resistant gypsum board for corridors for fire-rated corridor and stairwell assemblies. All work to comply with per GA (Gypsum Association) Fire Resistance Design Manual. Metal studs at 16 inches on center, bridging at mid-height.",09,Finishes,09 20 00,Plaster and Gypsum Board,Category 09 - Finishes,09 20 00 Plaster and Gypsum Board
VENDOR SUBMITTAL: Request for approval: composite metal floor deck 3-inch 20 gauge for use for roof deck installation over steel joists. Deck to be Vulcraft or approved equal. per composite design per AISC 360 Chapter I.,05,Metals,05 30 00,Metal Decking,Category 05 - Metals,05 30 00 Metal Decking
This submittal covers the supply and installation of steel HSS columns and bracing for lateral bracing system per seismic design. All work to comply with per project specification Section 05 10 00. All connections per AISC standards and structural drawings.,05,Metals,05 10 00,Structural Metal Framing,Category 05 - Metals,05 10 00 Structural Metal Framing
"Furnish and install hydronic baseboard fin-tube radiation heater as indicated on drawings and per ASME Boiler and Pressure Vessel Code for boilers. Expansion tank, air separator and chemical feeder included.",23,HVAC,23 70 00,Central Heating Equipment,Category 23 - HVAC,23 70 00 Central Heating Equipment
furnishing and tying of headed reinforcing bar anchors including all necessary accessories and hardware. per ASTM A615 Grade 60 specifications.,03,Concrete,03 20 00,Concrete Reinforcing,Category 03 - Concrete,03 20 00 Concrete Reinforcing
"Subject: Material Submittal – Request for approval: aluminum awning windows with screens for use for hospital patient room exterior windows. U-factor 0.30 maximum, SHGC 0.25 maximum per energy code. per project specification Section 08 50 00.",08,Openings,08 50 00,Windows,Category 08 - Openings,08 50 00 Windows
Quotation for bus duct feeder system from switchboard for electrical room equipment installation. Arc flash study and labels required per NFPA 70E. per NFPA 110 for emergency power systems.,26,Electrical,26 20 00,Low-Voltage Electrical Distribution,Category 26 - Electrical,26 20 00 Low-Voltage Electrical Distribution
"Subject: Material Submittal – Proposal for delivery, rigging and startup of split-system DX cooling unit with condenser for building central cooling plant. Unit to be high-efficiency with minimum 14 SEER rating.",23,HVAC,23 60 00,Central Cooling Equipment,Category 23 - HVAC,23 60 00 Central Cooling Equipment
VENDOR SUBMITTAL: Request for approval: epoxy resin flooring for commercial kitchen for use for restrooms and locker rooms. Moisture testing required per ASTM F2170 before installation. per TCNA Handbook for tile installations.,09,Finishes,09 60 00,Flooring,Category 09 - Finishes,09 60 00 Flooring
Request for approval: evaporative condenser for refrigeration for use for rooftop packaged HVAC installation. Factory startup and commissioning by manufacturer representative. per project specification Section 23 60 00.,23,HVAC,23 60 00,Central Cooling Equipment,Category 23 - HVAC,23 60 00 Central Cooling Equipment
shop fabrication and field installation of equipment support steel framing including all necessary accessories and hardware. conforming to ASTM A36 for miscellaneous steel.,05,Metals,05 50 00,Metal Fabrications,Category 05 - Metals,05 50 00 Metal Fabrications
This submittal covers the furnishing and placement of steel panel forms for walls at building core shear walls. All work to comply with per structural engineer approved shop drawings. Forms to remain in place for minimum 7-day cure period.,03,Concrete,03 10 00,Concrete Forming and Accessories,Category 03 - Concrete,03 10 00 Concrete Forming and Accessories
"Vendor submittal: moisture-resistant (green board) gypsum in wet areas. Metal studs at 16 inches on center, bridging at mid-height. per project specification Section 09 20 00.",09,Finishes,09 20 00,Plaster and Gypsum Board,Category 09 - Finishes,09 20 00 Plaster and Gypsum Board
This submittal covers the fabrication and installation of ductwork insulation wrap and lining for office and conference room supply and return. All work to comply with per project specification Section 23 30 00. Insulation: 2-inch fiberglass duct wrap with vapor barrier.,23,HVAC,23 30 00,HVAC Air Distribution,Category 23 - HVAC,23 30 00 HVAC Air Distribution
Supply and install roofing insulation tapered cricket system for rooftop mechanical equipment area. Remove existing roofing to deck and install new system complete. per manufacturer approved applicator installation manual.,07,Thermal and Moisture Protection,07 50 00,Membrane Roofing,Category 07 - Thermal and Moisture Protection,07 50 00 Membrane Roofing
"Subcontractor bid for roofing insulation tapered cricket system. Location: for rooftop mechanical equipment area. Includes all flashings, counterflashings, and edge metal.",07,Thermal and Moisture Protection,07 50 00,Membrane Roofing,Category 07 - Thermal and Moisture Protection,07 50 00 Membrane Roofing
Proposal for supply and placement of fiber-reinforced concrete (FRC) for slab on grade for exterior sidewalks and curbs. Portland cement Type I/II with 3/4 inch maximum aggregate.,03,Concrete,03 30 00,Cast-in-Place Concrete,Category 03 - Concrete,03 30 00 Cast-in-Place Concrete
Material submittal for exposed aggregate decorative concrete. Water-to-cement ratio not to exceed 0.45. Refer to per ACI 318 and ACI 301 specifications.,03,Concrete,03 30 00,Cast-in-Place Concrete,Category 03 - Concrete,03 30 00 Cast-in-Place Concrete
"BID ITEM: Subcontractor bid for domestic water booster pump station. Location: for building domestic water distribution system. Pipe connections: soldered for copper, solvent welded for PVC.",22,Plumbing,22 10 00,Plumbing Piping and Pumps,Category 22 - Plumbing,22 10 00 Plumbing Piping and Pumps
furnishing and setting of stainless steel commercial kitchen sink triple-bowl including all necessary accessories and hardware. per project specification Section 22 40 00.,22,Plumbing,22 40 00,Plumbing Fixtures,Category 22 - Plumbing,22 40 00 Plumbing Fixtures
Supply and install hardwood oak strip flooring 3/4-inch solid for office spaces and conference rooms. Adhesive to be low-VOC per LEED IEQ requirements. per ASTM F710 for substrate preparation.,09,Finishes,09 60 00,Flooring,Category 09 - Finishes,09 60 00 Flooring
"Material submittal for outside air louvers with bird screen. Includes all hangers, supports and seismic bracing per code. Refer to per SMACNA HVAC Duct Construction Standards.",23,HVAC,23 30 00,HVAC Air Distribution,Category 23 - HVAC,23 30 00 HVAC Air Distribution
Furnish and install form release agent and accessories as indicated on drawings and per ACI 347 standards. Snap ties at 24 inches on center both ways.,03,Concrete,03 10 00,Concrete Forming and Accessories,Category 03 - Concrete,03 10 00 Concrete Forming and Accessories
Quotation for emergency and exit lighting with battery backup for warehouse and industrial high-bay areas. Lighting controls to include occupancy sensors per energy code. per project specification Section 26 50 00.,26,Electrical,26 50 00,Lighting,Category 26 - Electrical,26 50 00 Lighting
Vendor submittal: sound-rated gypsum board assembly STC 50. Corner bead at all exposed edges and reveals. per UL listed assembly design number.,09,Finishes,09 20 00,Plaster and Gypsum Board,Category 09 - Finishes,09 20 00 Plaster and Gypsum Board
BID ITEM: Scope of work includes supply and application of fluid-applied rubberized asphalt waterproofing for plaza deck over occupied space. Surface preparation includes primer coat as recommended by manufacturer.,07,Thermal and Moisture Protection,07 10 00,Dampproofing and Waterproofing,Category 07 - Thermal and Moisture Protection,07 10 00 Dampproofing and Waterproofing
SCOPE OF WORK DESCRIPTION: Request for approval: LED high-bay warehouse light fixtures for use for warehouse and industrial high-bay areas. Lighting controls to include occupancy sensors per energy code. per IES recommended lighting levels for occupancy type.,26,Electrical,26 50 00,Lighting,Category 26 - Electrical,26 50 00 Lighting
supply and installation of distribution panelboard 225A 208/120V including all necessary accessories and hardware. per utility company service entrance requirements.,26,Electrical,26 20 00,Low-Voltage Electrical Distribution,Category 26 - Electrical,26 20 00 Low-Voltage Electrical Distribution
Scope of work includes furnishing and piping of steam-to-hot-water heat exchanger for ventilation air preheat system. Factory startup required by manufacturer certified technician.,23,HVAC,23 70 00,Central Heating Equipment,Category 23 - HVAC,23 70 00 Central Heating Equipment
"Request for approval: FRP fiberglass reinforced plastic doors for use for interior and exterior door openings per door schedule. Hardware to include lever handles, closers, and hinges per hardware schedule. per door and hardware schedule on drawings.",08,Openings,08 10 00,Doors and Frames,Category 08 - Openings,08 10 00 Doors and Frames
"Vendor submittal: stainless steel piping for medical gas. Includes core drilling, firestopping and sleeve installation. per ASME B31.9 building services piping.",22,Plumbing,22 10 00,Plumbing Piping and Pumps,Category 22 - Plumbing,22 10 00 Plumbing Piping and Pumps
PROJECT PROPOSAL: Quotation for fire-rated glazing assemblies 60-minute for interior glass partitions and sidelights. Insulated units with warm-edge spacer and argon gas fill. per glazing contractor shop drawings.,08,Openings,08 80 00,Glazing,Category 08 - Openings,08 80 00 Glazing
Quotation for ADA-compliant accessible plumbing fixtures for laboratory and medical exam rooms. Chrome-plated brass faucets with ceramic disc cartridge. per ADA and ICC/ANSI A117.1 accessibility standard.,22,Plumbing,22 40 00,Plumbing Fixtures,Category 22 - Plumbing,22 40 00 Plumbing Fixtures
Vendor submittal: blown-in cellulose insulation for attic spaces. Fire rating: Class A flame spread per ASTM E84. conforming to local energy conservation code.,07,Thermal and Moisture Protection,07 20 00,Thermal Insulation,Category 07 - Thermal and Moisture Protection,07 20 00 Thermal Insulation
Supply and install welded wire reinforcement WWR 6x6-W2.9xW2.9 for concrete columns and beams. Lap splices per ACI 318 development length requirements. in accordance with Section 03 20 00.,03,Concrete,03 20 00,Concrete Reinforcing,Category 03 - Concrete,03 20 00 Concrete Reinforcing
"Proposal for procurement and installation of steel security doors with electronic hardware for mechanical and electrical room access. Includes all weatherstripping, thresholds and smoke seals.",08,Openings,08 10 00,Doors and Frames,Category 08 - Openings,08 10 00 Doors and Frames
BID ITEM: Supply and install acoustic metal deck with perforations for metal building roof deck replacement. Minimum bearing length 2 inches on structural steel supports. per SDI (Steel Deck Institute) standards.,05,Metals,05 30 00,Metal Decking,Category 05 - Metals,05 30 00 Metal Decking
"Quotation for galvanized sheet metal ductwork rectangular and round for office and conference room supply and return. Includes all hangers, supports and seismic bracing per code. per mechanical drawings and duct layout schedule.",23,HVAC,23 30 00,HVAC Air Distribution,Category 23 - HVAC,23 30 00 HVAC Air Distribution
Quotation for intumescent fireproofing paint for structural steel for exposed structural steel fireproofing. VOC content to comply with LEED IEQ v4 requirements. per MPI (Master Painters Institute) standards.,09,Finishes,09 90 00,Painting and Coating,Category 09 - Finishes,09 90 00 Painting and Coating
Quotation for sheet membrane waterproofing for plaza deck for elevator pit and mechanical room. 10-year manufacturer warranty on waterproofing system. per project specification Section 07 10 00.,07,Thermal and Moisture Protection,07 10 00,Dampproofing and Waterproofing,Category 07 - Thermal and Moisture Protection,07 10 00 Dampproofing and Waterproofing
Proposal for installation of foam board insulation for slab edge for attic floor and knee wall insulation. Insulation to be unfaced or kraft-faced as indicated.,07,Thermal and Moisture Protection,07 20 00,Thermal Insulation,Category 07 - Thermal and Moisture Protection,07 20 00 Thermal Insulation
VENDOR SUBMITTAL: Material submittal for diesel emergency standby generator 500 kW. Arc flash study and labels required per NFPA 70E. Refer to per NEC Article 230 (Services) and 240 (Overcurrent Protection).,26,Electrical,26 20 00,Low-Voltage Electrical Distribution,Category 26 - Electrical,26 20 00 Low-Voltage Electrical Distribution
Subcontractor bid for EMT and rigid metal conduit with fittings. Location: for electrical raceway and wiring infrastructure. As-built drawings required showing all concealed raceway routing.,26,Electrical,26 05 00,Common Work Results for Electrical,Category 26 - Electrical,26 05 00 Common Work Results for Electrical
Proposal for furnishing and installing of acoustic insulation for interior partitions for attic floor and knee wall insulation. Includes vapor retarder on warm side of assembly.,07,Thermal and Moisture Protection,07 20 00,Thermal Insulation,Category 07 - Thermal and Moisture Protection,07 20 00 Thermal Insulation
"Subcontractor bid for wire connectors, lugs and termination kits. Location: for data center cable tray installation. Includes all supports, straps and seismic bracing.",26,Electrical,26 05 00,Common Work Results for Electrical,Category 26 - Electrical,26 05 00 Common Work Results for Electrical
"Scope of work includes furnishing and laying of raised access flooring system 6-inch pedestal for office spaces and conference rooms. Includes all floor preparation, leveling and patching.",09,Finishes,09 60 00,Flooring,Category 09 - Finishes,09 60 00 Flooring
"Proposal for delivery and installation of non-composite roof deck panels for composite floor system at all elevated levels. Includes all side laps, end laps, and pour stop angles.",05,Metals,05 30 00,Metal Decking,Category 05 - Metals,05 30 00 Metal Decking
"VENDOR SUBMITTAL: Material submittal for aluminum sliding windows. Includes all sealants, flashing and perimeter caulking. Refer to per AAMA/WDMA/CSA 101 performance standards.",08,Openings,08 50 00,Windows,Category 08 - Openings,08 50 00 Windows
Quotation for backflow preventer and pressure reducing valve for mechanical room plumbing connections. Insulation on all hot and cold water piping per specification. per Uniform Plumbing Code (UPC).,22,Plumbing,22 10 00,Plumbing Piping and Pumps,Category 22 - Plumbing,22 10 00 Plumbing Piping and Pumps
RE: Plumbing Equipment – This submittal covers the delivery and startup of sewage ejector pump with alarm for building water treatment and softening. All work to comply with per local health and plumbing code requirements. Manufacturer factory startup and commissioning required.,22,Plumbing,22 30 00,Plumbing Equipment,Category 22 - Plumbing,22 30 00 Plumbing Equipment
Subject: Material Submittal – furnishing and piping of CPVC hot and cold water distribution piping including all necessary accessories and hardware. per local plumbing code and health department requirements.,22,Plumbing,22 10 00,Plumbing Piping and Pumps,Category 22 - Plumbing,22 10 00 Plumbing Piping and Pumps
PROJECT PROPOSAL: This submittal covers the furnishing and applying of roofing insulation tapered cricket system for rooftop mechanical equipment area. All work to comply with per project specification Section 07 50 00. System includes 20-year NDL (No Dollar Limit) manufacturer warranty.,07,Thermal and Moisture Protection,07 50 00,Membrane Roofing,Category 07 - Thermal and Moisture Protection,07 50 00 Membrane Roofing
"Provide all labor, materials and equipment for hot water circulating pump and piping for perimeter heating at exterior walls. per ASME Boiler and Pressure Vessel Code for boilers. Expansion tank, air separator and chemical feeder included.",23,HVAC,23 70 00,Central Heating Equipment,Category 23 - HVAC,23 70 00 Central Heating Equipment
"Provide all labor, materials and equipment for VRF (variable refrigerant flow) outdoor condensing units for tenant space supplemental cooling. per mechanical schedule on drawings. Vibration isolation pads and curb adapter included.",23,HVAC,23 60 00,Central Cooling Equipment,Category 23 - HVAC,23 60 00 Central Cooling Equipment
"Subcontractor bid for traffic-bearing waterproofing for parking deck. Location: for below-grade foundation walls and footings. Membrane to be installed on clean, dry substrate.",07,Thermal and Moisture Protection,07 10 00,Dampproofing and Waterproofing,Category 07 - Thermal and Moisture Protection,07 10 00 Dampproofing and Waterproofing
"Subject: Material Submittal – Request for approval: headed reinforcing bar anchors for use for retaining wall and grade beams. Minimum concrete cover 3 inches for footings, 1.5 inches for slabs. per ACI 318-19 and project structural drawings.",03,Concrete,03 20 00,Concrete Reinforcing,Category 03 - Concrete,03 20 00 Concrete Reinforcing
"Scope of work includes erection of metal deck shear studs and connectors for parking garage composite deck system. Includes all side laps, end laps, and pour stop angles.",05,Metals,05 30 00,Metal Decking,Category 05 - Metals,05 30 00 Metal Decking
Vendor submittal: sports field LED flood lighting system. Lighting controls to include occupancy sensors per energy code. per project specification Section 26 50 00.,26,Electrical,26 50 00,Lighting,Category 26 - Electrical,26 50 00 Lighting
Proposal for furnishing and connecting of commercial gas-fired water heater 100-gallon for below-grade sewage ejection system. Unit to be seismic-rated for installation zone.,22,Plumbing,22 30 00,Plumbing Equipment,Category 22 - Plumbing,22 30 00 Plumbing Equipment
"Provide all labor, materials and equipment for access doors and panels flush-mounted for warehouse and loading dock openings. per NFPA 80 fire door assembly standards. Hardware to include lever handles, closers, and hinges per hardware schedule.",08,Openings,08 10 00,Doors and Frames,Category 08 - Openings,08 10 00 Doors and Frames
VENDOR SUBMITTAL: Scope of work includes installation of sheet membrane waterproofing for plaza deck at tunnel and underground utility connections. Surface preparation includes primer coat as recommended by manufacturer.,07,Thermal and Moisture Protection,07 10 00,Dampproofing and Waterproofing,Category 07 - Thermal and Moisture Protection,07 10 00 Dampproofing and Waterproofing
Scope of work includes furnishing and connecting of LED recessed troffer light fixtures 2x4 for parking garage and canopy lighting. Lighting controls to include occupancy sensors per energy code.,26,Electrical,26 50 00,Lighting,Category 26 - Electrical,26 50 00 Lighting
Scope of work includes installation of steel panel forms for walls for basement foundation walls. Allow for three reuses of formwork panels.,03,Concrete,03 10 00,Concrete Forming and Accessories,Category 03 - Concrete,03 10 00 Concrete Forming and Accessories
tear-off and replacement of roofing insulation tapered cricket system including all necessary accessories and hardware. per FM Global and UL listed roof assembly.,07,Thermal and Moisture Protection,07 50 00,Membrane Roofing,Category 07 - Thermal and Moisture Protection,07 50 00 Membrane Roofing
application of continuous exterior insulation (CI) system including all necessary accessories and hardware. per manufacturer technical data and installation guide.,07,Thermal and Moisture Protection,07 20 00,Thermal Insulation,Category 07 - Thermal and Moisture Protection,07 20 00 Thermal Insulation
"Quotation for sports field LED flood lighting system for exterior site and building-mounted lighting. All fixtures to be LED with minimum 50,000-hour rated life. per project specification Section 26 50 00.",26,Electrical,26 50 00,Lighting,Category 26 - Electrical,26 50 00 Lighting
Subcontractor bid for continuous exterior insulation (CI) system. Location: for continuous insulation at building envelope. R-value verified by third-party testing per ASTM C518.,07,Thermal and Moisture Protection,07 20 00,Thermal Insulation,Category 07 - Thermal and Moisture Protection,07 20 00 Thermal Insulation
RE: Metal Decking – Material submittal for non-composite roof deck panels. Deck to be Vulcraft or approved equal. Refer to per project specification Section 05 30 00.,05,Metals,05 30 00,Metal Decking,Category 05 - Metals,05 30 00 Metal Decking
RE: Plaster and Gypsum Board – Vendor submittal: sound-rated gypsum board assembly STC 50. Partitions to achieve fire rating per UL assembly design. per project specification Section 09 20 00.,09,Finishes,09 20 00,Plaster and Gypsum Board,Category 09 - Finishes,09 20 00 Plaster and Gypsum Board
Quotation for evaporative condenser for refrigeration for building central cooling plant. Controls: BACnet compatible DDC for building automation integration. per project specification Section 23 60 00.,23,HVAC,23 60 00,Central Cooling Equipment,Category 23 - HVAC,23 60 00 Central Cooling Equipment
Scope of work includes installation of porcelain tile flooring 24x24 inch with thin-set mortar for office spaces and conference rooms. Moisture testing required per ASTM F2170 before installation.,09,Finishes,09 60 00,Flooring,Category 09 - Finishes,09 60 00 Flooring
Scope of work includes procurement and installation of grease interceptor for commercial kitchen for domestic hot water system in mechanical room. Unit to be seismic-rated for installation zone.,22,Plumbing,22 30 00,Plumbing Equipment,Category 22 - Plumbing,22 30 00 Plumbing Equipment
PROJECT PROPOSAL: fabrication and installation of foundation footing formwork including all necessary accessories and hardware. per project specification Section 03 10 00.,03,Concrete,03 10 00,Concrete Forming and Accessories,Category 03 - Concrete,03 10 00 Concrete Forming and Accessories
shop fabrication and field erection of steel braced frame lateral system including all necessary accessories and hardware. per project specification Section 05 10 00.,05,Metals,05 10 00,Structural Metal Framing,Category 05 - Metals,05 10 00 Structural Metal Framing
Furnish and install concrete placement and finishing for foundations as indicated on drawings and per approved concrete mix design. Concrete to be cured with wet burlap and plastic sheeting for 7 days.,03,Concrete,03 30 00,Cast-in-Place Concrete,Category 03 - Concrete,03 30 00 Cast-in-Place Concrete
"Scope of work includes supply and installation of dimming lighting control system with occupancy sensors for warehouse and industrial high-bay areas. Color temperature: 4000K for offices, 3000K for corridors.",26,Electrical,26 50 00,Lighting,Category 26 - Electrical,26 50 00 Lighting
SCOPE OF WORK DESCRIPTION: Scope of work includes supply and installation of curtain wall window system unitized for residential tower window replacement. Color: clear anodized aluminum or custom RAL color.,08,Openings,08 50 00,Windows,Category 08 - Openings,08 50 00 Windows
"Provide all labor, materials and equipment for fabric ductwork for open ceiling areas for rooftop air handling unit connections. per ASHRAE 90.1 duct insulation requirements. Duct leakage testing per SMACNA Class A seal requirement.",23,HVAC,23 30 00,HVAC Air Distribution,Category 23 - HVAC,23 30 00 HVAC Air Distribution
This submittal covers the supply and installation of triple-glazed high-performance IGU for fire-rated glazing at rated corridors. All work to comply with per ASTM C1048 for flat glass specifications. Glass to meet ANSI Z97.1 safety glazing requirements.,08,Openings,08 80 00,Glazing,Category 08 - Openings,08 80 00 Glazing
VENDOR SUBMITTAL: This submittal covers the application of specialty antimicrobial paint for healthcare for all interior walls and ceilings. All work to comply with per project specification Section 09 90 00. VOC content to comply with LEED IEQ v4 requirements.,09,Finishes,09 90 00,Painting and Coating,Category 09 - Finishes,09 90 00 Painting and Coating
"Request for approval: thermostatic mixing valve station for use for building water treatment and softening. Equipment includes mounting, piping connections and startup. per project specification Section 22 30 00.",22,Plumbing,22 30 00,Plumbing Equipment,Category 22 - Plumbing,22 30 00 Plumbing Equipment
This submittal covers the fabrication and installation of outside air louvers with bird screen for data center precision air distribution. All work to comply with per mechanical drawings and duct layout schedule. Duct leakage testing per SMACNA Class A seal requirement.,23,HVAC,23 30 00,HVAC Air Distribution,Category 23 - HVAC,23 30 00 HVAC Air Distribution
"Subcontractor bid for dry-type transformer 75 kVA 480V to 208/120V. Location: for emergency and standby power system. Includes circuit breakers, fuses and all internal components.",26,Electrical,26 20 00,Low-Voltage Electrical Distribution,Category 26 - Electrical,26 20 00 Low-Voltage Electrical Distribution
Quotation for main electrical switchboard 2000A 480/277V for tenant electrical metering and sub-distribution. Arc flash study and labels required per NFPA 70E. per NFPA 110 for emergency power systems.,26,Electrical,26 20 00,Low-Voltage Electrical Distribution,Category 26 - Electrical,26 20 00 Low-Voltage Electrical Distribution
VENDOR SUBMITTAL: Proposal for application of exterior acrylic paint system with primer for mechanical and electrical rooms. Touch-up painting at all trades damage at project completion.,09,Finishes,09 90 00,Painting and Coating,Category 09 - Finishes,09 90 00 Painting and Coating
"Quotation for liquid-applied air and vapor barrier at tunnel and underground utility connections. Membrane to be installed on clean, dry substrate. per manufacturer installation guidelines.",07,Thermal and Moisture Protection,07 10 00,Dampproofing and Waterproofing,Category 07 - Thermal and Moisture Protection,07 10 00 Dampproofing and Waterproofing
"Quotation for firestopping for electrical penetrations for power distribution conduit and wire pulls. Includes all supports, straps and seismic bracing. per NECA installation standards.",26,Electrical,26 05 00,Common Work Results for Electrical,Category 26 - Electrical,26 05 00 Common Work Results for Electrical
Vendor submittal: water-cooled centrifugal chiller 500-ton. Unit to be high-efficiency with minimum 14 SEER rating. per ASHRAE 90.1 minimum efficiency requirements.,23,HVAC,23 60 00,Central Cooling Equipment,Category 23 - HVAC,23 60 00 Central Cooling Equipment
rough-in and connection of domestic water booster pump station including all necessary accessories and hardware. per local plumbing code and health department requirements.,22,Plumbing,22 10 00,Plumbing Piping and Pumps,Category 22 - Plumbing,22 10 00 Plumbing Piping and Pumps
Supply and install explosion-proof lighting for hazardous locations for exterior site and building-mounted lighting. Includes dimming drivers compatible with 0-10V control system. per NEC Article 410 and local energy code.,26,Electrical,26 50 00,Lighting,Category 26 - Electrical,26 50 00 Lighting
"Furnish and install exterior LED wall pack and pole-mounted fixtures as indicated on drawings and per IES recommended lighting levels for occupancy type. All fixtures to be LED with minimum 50,000-hour rated life.",26,Electrical,26 50 00,Lighting,Category 26 - Electrical,26 50 00 Lighting
"Provide all labor, materials and equipment for foundation drain board and protection course for occupied basement and parking levels. per project specification Section 07 10 00. Surface preparation includes primer coat as recommended by manufacturer.",07,Thermal and Moisture Protection,07 10 00,Dampproofing and Waterproofing,Category 07 - Thermal and Moisture Protection,07 10 00 Dampproofing and Waterproofing
"Provide all labor, materials and equipment for copper building wire THHN/THWN various sizes for grounding electrode system per NEC. per UL listed materials and components. As-built drawings required showing all concealed raceway routing.",26,Electrical,26 05 00,Common Work Results for Electrical,Category 26 - Electrical,26 05 00 Common Work Results for Electrical
"Proposal for supply and installation of water softener and treatment system for building water treatment and softening. Equipment includes mounting, piping connections and startup.",22,Plumbing,22 30 00,Plumbing Equipment,Category 22 - Plumbing,22 30 00 Plumbing Equipment
"BID ITEM: Subcontractor bid for PVC single-ply roofing membrane with hot-air welded seams. Location: for rooftop mechanical equipment area. Insulation R-30 minimum per energy code, tapered for drainage.",07,Thermal and Moisture Protection,07 50 00,Membrane Roofing,Category 07 - Thermal and Moisture Protection,07 50 00 Membrane Roofing
Vendor submittal: floor sealer and concrete stain. Touch-up painting at all trades damage at project completion. per SSPC surface preparation standards for steel.,09,Finishes,09 90 00,Painting and Coating,Category 09 - Finishes,09 90 00 Painting and Coating
"Supply and install post-tensioning tendons and anchors for concrete shear walls per seismic design. Includes all cutting, bending, placing and tying. in accordance with Section 03 20 00.",03,Concrete,03 20 00,Concrete Reinforcing,Category 03 - Concrete,03 20 00 Concrete Reinforcing
"Request for approval: built-up roofing (BUR) 4-ply asphalt system for use for low-slope roof area approximately 45,000 square feet. System includes 20-year NDL (No Dollar Limit) manufacturer warranty. per NRCA roofing guidelines.",07,Thermal and Moisture Protection,07 50 00,Membrane Roofing,Category 07 - Thermal and Moisture Protection,07 50 00 Membrane Roofing
"Provide all labor, materials and equipment for composite metal floor deck 3-inch 20 gauge for mezzanine floor deck. per SDI (Steel Deck Institute) standards. Minimum bearing length 2 inches on structural steel supports.",05,Metals,05 30 00,Metal Decking,Category 05 - Metals,05 30 00 Metal Decking
"Subcontractor bid for concrete placement and finishing for foundations. Location: for concrete columns, beams and shear walls. Includes concrete testing: slump, air content, cylinders per ACI 301.",03,Concrete,03 30 00,Cast-in-Place Concrete,Category 03 - Concrete,03 30 00 Cast-in-Place Concrete
"Request for approval: drinking fountain / bottle filler combo unit for use for public restrooms per fixture schedule. Includes all trim, supplies, stops and connection fittings. per project specification Section 22 40 00.",22,Plumbing,22 40 00,Plumbing Fixtures,Category 22 - Plumbing,22 40 00 Plumbing Fixtures
Subject: Material Submittal – Request for approval: steel moment frame connections for use for lateral bracing system per seismic design. Includes crane and rigging for steel erection. per structural engineer sealed shop drawings.,05,Metals,05 10 00,Structural Metal Framing,Category 05 - Metals,05 10 00 Structural Metal Framing
"Scope of work includes delivery and wiring of parking garage LED fixtures with daylight sensor for warehouse and industrial high-bay areas. Color temperature: 4000K for offices, 3000K for corridors.",26,Electrical,26 50 00,Lighting,Category 26 - Electrical,26 50 00 Lighting
BID ITEM: Quotation for aluminum sliding windows for exterior building facade per window schedule. Windows to be factory-assembled and glazed. per project specification Section 08 50 00.,08,Openings,08 50 00,Windows,Category 08 - Openings,08 50 00 Windows
"Proposal for supply and erection of ornamental steel railing and balusters for equipment pads and roof penetration supports. Includes all anchors, fasteners and connection hardware.",05,Metals,05 50 00,Metal Fabrications,Category 05 - Metals,05 50 00 Metal Fabrications
BID ITEM: Scope of work includes installation of epoxy resin flooring for commercial kitchen for gymnasium and multipurpose room. Base: 4-inch rubber or tile cove base at all walls.,09,Finishes,09 60 00,Flooring,Category 09 - Finishes,09 60 00 Flooring
"Vendor submittal: curtain wall window system unitized. U-factor 0.30 maximum, SHGC 0.25 maximum per energy code. per energy code and ASHRAE 90.1 requirements.",08,Openings,08 50 00,Windows,Category 08 - Openings,08 50 00 Windows
Request for approval: spray-applied polyurethane foam insulation (SPF) for use for roof insulation above deck. Fire rating: Class A flame spread per ASTM E84. per project specification Section 07 20 00.,07,Thermal and Moisture Protection,07 20 00,Thermal Insulation,Category 07 - Thermal and Moisture Protection,07 20 00 Thermal Insulation
Subject: Material Submittal – Scope of work includes furnishing and connecting of diesel emergency standby generator 500 kW for emergency and standby power system. Load bank testing and startup by factory technician.,26,Electrical,26 20 00,Low-Voltage Electrical Distribution,Category 26 - Electrical,26 20 00 Low-Voltage Electrical Distribution
Scope of work includes supply and installation of galvanized corrugated steel decking for metal building roof deck replacement. Minimum bearing length 2 inches on structural steel supports.,05,Metals,05 30 00,Metal Decking,Category 05 - Metals,05 30 00 Metal Decking
Proposal for procurement and mounting of exterior LED wall pack and pole-mounted fixtures for exterior site and building-mounted lighting. Emergency fixtures with 90-minute battery backup per code.,26,Electrical,26 50 00,Lighting,Category 26 - Electrical,26 50 00 Lighting
SCOPE OF WORK DESCRIPTION: Furnish and install spray-applied polyurethane foam insulation (SPF) as indicated on drawings and per ASHRAE 90.1 energy code requirements. Insulation to be unfaced or kraft-faced as indicated.,07,Thermal and Moisture Protection,07 20 00,Thermal Insulation,Category 07 - Thermal and Moisture Protection,07 20 00 Thermal Insulation
Subject: Material Submittal – Scope of work includes procurement and installation of VRF (variable refrigerant flow) outdoor condensing units for rooftop packaged HVAC installation. Vibration isolation pads and curb adapter included.,23,HVAC,23 60 00,Central Cooling Equipment,Category 23 - HVAC,23 60 00 Central Cooling Equipment
"Request for approval: drywall finishing including taping, mudding and sanding for use for tenant improvement build-out. Metal studs at 16 inches on center, bridging at mid-height. per project specification Section 09 20 00.",09,Finishes,09 20 00,Plaster and Gypsum Board,Category 09 - Finishes,09 20 00 Plaster and Gypsum Board
Request for approval: curved gypsum board soffits and bulkheads for use for elevator shaft and mechanical shaft walls. Includes acoustic sealant at top and bottom tracks. per ASTM C840 gypsum board application standard.,09,Finishes,09 20 00,Plaster and Gypsum Board,Category 09 - Finishes,09 20 00 Plaster and Gypsum Board
"Request for approval: roof walkway pads and protection mats for use for roof replacement over existing building. Insulation R-30 minimum per energy code, tapered for drainage. per manufacturer approved applicator installation manual.",07,Thermal and Moisture Protection,07 50 00,Membrane Roofing,Category 07 - Thermal and Moisture Protection,07 50 00 Membrane Roofing
Quotation for back-painted decorative glass panels for canopy and skylight overhead glazing. Mock-up panel required for architect approval before production. per IGCC standards for insulating glass.,08,Openings,08 80 00,Glazing,Category 08 - Openings,08 80 00 Glazing
RE: HVAC Air Distribution – Quotation for duct-mounted fire and smoke dampers for HVAC air distribution throughout building. Insulation: 2-inch fiberglass duct wrap with vapor barrier. per ASHRAE 90.1 duct insulation requirements.,23,HVAC,23 30 00,HVAC Air Distribution,Category 23 - HVAC,23 30 00 HVAC Air Distribution
"Provide all labor, materials and equipment for wall-mounted urinal with flush valve for laboratory and medical exam rooms. per ASME A112.19.2 for vitreous china fixtures. Fixtures to be white vitreous china unless noted otherwise.",22,Plumbing,22 40 00,Plumbing Fixtures,Category 22 - Plumbing,22 40 00 Plumbing Fixtures
"Quotation for steel dumpster enclosure frame for equipment pads and roof penetration supports. Includes all anchors, fasteners and connection hardware. per project specification Section 05 50 00.",05,Metals,05 50 00,Metal Fabrications,Category 05 - Metals,05 50 00 Metal Fabrications
procurement and mounting of wall-mounted urinal with flush valve including all necessary accessories and hardware. per project specification Section 22 40 00.,22,Plumbing,22 40 00,Plumbing Fixtures,Category 22 - Plumbing,22 40 00 Plumbing Fixtures
SCOPE OF WORK DESCRIPTION: Proposal for supply and erection of form release agent and accessories for cast-in-place concrete columns. Snap ties at 24 inches on center both ways.,03,Concrete,03 10 00,Concrete Forming and Accessories,Category 03 - Concrete,03 10 00 Concrete Forming and Accessories
"Subcontractor bid for steel angle lintels for masonry openings. Location: for steel canopy at building entrance. Includes shop drawings, erection drawings and mill certificates.",05,Metals,05 10 00,Structural Metal Framing,Category 05 - Metals,05 10 00 Structural Metal Framing
"Provide all labor, materials and equipment for surge protective device (SPD) panel-mounted for tenant electrical metering and sub-distribution. per NEC Article 230 (Services) and 240 (Overcurrent Protection). Equipment to be UL 891 listed and labeled.",26,Electrical,26 20 00,Low-Voltage Electrical Distribution,Category 26 - Electrical,26 20 00 Low-Voltage Electrical Distribution
Quotation for curved gypsum board soffits and bulkheads for bathroom and kitchen wet-area walls. Taping and finishing to Level 4 finish per ASTM C840. per project specification Section 09 20 00.,09,Finishes,09 20 00,Plaster and Gypsum Board,Category 09 - Finishes,09 20 00 Plaster and Gypsum Board
"This submittal covers the furnishing and laying of luxury vinyl plank (LVP) flooring click-lock system for lobby, corridors and common areas. All work to comply with per TCNA Handbook for tile installations. Moisture testing required per ASTM F2170 before installation.",09,Finishes,09 60 00,Flooring,Category 09 - Finishes,09 60 00 Flooring
furnishing and connecting of grease interceptor for commercial kitchen including all necessary accessories and hardware. per NSF/ANSI 61 for drinking water components.,22,Plumbing,22 30 00,Plumbing Equipment,Category 22 - Plumbing,22 30 00 Plumbing Equipment
"SCOPE OF WORK DESCRIPTION: This submittal covers the fabrication and installation of steel ladder and safety cage for building perimeter bollard protection. All work to comply with per ADA and local building code requirements. Includes all anchors, fasteners and connection hardware.",05,Metals,05 50 00,Metal Fabrications,Category 05 - Metals,05 50 00 Metal Fabrications
BID ITEM: Furnish and install steel base plates and anchor bolts as indicated on drawings and per project specification Section 05 10 00. High-strength bolts A325 for all connections.,05,Metals,05 10 00,Structural Metal Framing,Category 05 - Metals,05 10 00 Structural Metal Framing
RE: Metal Decking – Request for approval: acoustic metal deck with perforations for use for roof deck installation over steel joists. Deck to be Vulcraft or approved equal. conforming to ASTM A653 galvanized steel.,05,Metals,05 30 00,Metal Decking,Category 05 - Metals,05 30 00 Metal Decking
Subject: Material Submittal – Supply and install acoustic metal deck with perforations for mezzanine floor deck. Deck to be Vulcraft or approved equal. conforming to ASTM A653 galvanized steel.,05,Metals,05 30 00,Metal Decking,Category 05 - Metals,05 30 00 Metal Decking
"Subject: Material Submittal – Request for approval: concrete placement and finishing for foundations for use for building foundations and footings. Finish to be steel trowel for interior slabs, broom finish for exterior. conforming to ASTM C94 ready-mixed concrete standard.",03,Concrete,03 30 00,Cast-in-Place Concrete,Category 03 - Concrete,03 30 00 Cast-in-Place Concrete
Quotation for overhead coiling steel service doors for main building entry and vestibule. Frames to be set and grouted plumb and square. per project specification Section 08 10 00.,08,Openings,08 10 00,Doors and Frames,Category 08 - Openings,08 10 00 Doors and Frames
Vendor submittal: abuse-resistant gypsum board for corridors. Partitions to achieve fire rating per UL assembly design. per ASTM C840 gypsum board application standard.,09,Finishes,09 20 00,Plaster and Gypsum Board,Category 09 - Finishes,09 20 00 Plaster and Gypsum Board
"This submittal covers the installation of copper building wire THHN/THWN various sizes for electrical raceway and wiring infrastructure. All work to comply with per NECA installation standards. Includes all supports, straps and seismic bracing.",26,Electrical,26 05 00,Common Work Results for Electrical,Category 26 - Electrical,26 05 00 Common Work Results for Electrical
PROJECT PROPOSAL: Proposal for furnishing and glazing of vinyl casement windows with Low-E glass for high-rise building perimeter. Windows to be factory-assembled and glazed.,08,Openings,08 50 00,Windows,Category 08 - Openings,08 50 00 Windows
Supply and install overhead coiling steel service doors for warehouse and loading dock openings. Fire-rated assemblies with UL listed label. conforming to SDI (Steel Door Institute) standards.,08,Openings,08 10 00,Doors and Frames,Category 08 - Openings,08 10 00 Doors and Frames
"Provide all labor, materials and equipment for drinking fountain / bottle filler combo unit for janitor closets and service areas. per ASME A112.19.2 for vitreous china fixtures. ADA fixtures mounted at heights per accessibility code.",22,Plumbing,22 40 00,Plumbing Fixtures,Category 22 - Plumbing,22 40 00 Plumbing Fixtures
Request for approval: form release agent and accessories for use at building core shear walls. Forms to remain in place for minimum 7-day cure period. conforming to OSHA shoring requirements.,03,Concrete,03 10 00,Concrete Forming and Accessories,Category 03 - Concrete,03 10 00 Concrete Forming and Accessories
Proposal for furnishing and glazing of vinyl casement windows with Low-E glass for residential tower window replacement. Windows to be factory-assembled and glazed.,08,Openings,08 50 00,Windows,Category 08 - Openings,08 50 00 Windows
"Vendor submittal: curtain wall window system unitized. Includes all sealants, flashing and perimeter caulking. per approved window schedule and shop drawings.",08,Openings,08 50 00,Windows,Category 08 - Openings,08 50 00 Windows
"Request for approval: blast-resistant security window assemblies for use for residential tower window replacement. Includes all sealants, flashing and perimeter caulking. per energy code and ASHRAE 90.1 requirements.",08,Openings,08 50 00,Windows,Category 08 - Openings,08 50 00 Windows
"Request for approval: LED high-bay warehouse light fixtures for use for parking garage and canopy lighting. All fixtures to be LED with minimum 50,000-hour rated life. per project specification Section 26 50 00.",26,Electrical,26 50 00,Lighting,Category 26 - Electrical,26 50 00 Lighting
"Proposal for supply and installation of split-system DX cooling unit with condenser for office building comfort cooling. Includes refrigerant piping, pad, and electrical connections.",23,HVAC,23 60 00,Central Cooling Equipment,Category 23 - HVAC,23 60 00 Central Cooling Equipment
VENDOR SUBMITTAL: Proposal for procurement and installation of hardwood oak strip flooring 3/4-inch solid for restrooms and locker rooms. Moisture testing required per ASTM F2170 before installation.,09,Finishes,09 60 00,Flooring,Category 09 - Finishes,09 60 00 Flooring
Material submittal for crystalline waterproofing admixture for concrete. All seams to be sealed and corners reinforced. Refer to per project specification Section 07 10 00.,07,Thermal and Moisture Protection,07 10 00,Dampproofing and Waterproofing,Category 07 - Thermal and Moisture Protection,07 10 00 Dampproofing and Waterproofing
Subcontractor bid for spandrel glass panels with ceramic frit. Location: for fire-rated glazing at rated corridors. Includes structural silicone sealant for wet glazing.,08,Openings,08 80 00,Glazing,Category 08 - Openings,08 80 00 Glazing
Supply and install automatic sliding door operator for fire-rated corridor and stairwell openings. Fire-rated assemblies with UL listed label. per door and hardware schedule on drawings.,08,Openings,08 10 00,Doors and Frames,Category 08 - Openings,08 10 00 Doors and Frames
"Subcontractor bid for floor sealer and concrete stain. Location: for millwork, casework and trim. Touch-up painting at all trades damage at project completion.",09,Finishes,09 90 00,Painting and Coating,Category 09 - Finishes,09 90 00 Painting and Coating
Supply and install point-of-use water filtration system for drinking water cooling and dispensing. Unit to be seismic-rated for installation zone. per local health and plumbing code requirements.,22,Plumbing,22 30 00,Plumbing Equipment,Category 22 - Plumbing,22 30 00 Plumbing Equipment
"Provide all labor, materials and equipment for fiber reinforcing mesh for slab-on-grade for concrete shear walls per seismic design. per ASTM A615 Grade 60 specifications. Minimum concrete cover 3 inches for footings, 1.5 inches for slabs.",03,Concrete,03 20 00,Concrete Reinforcing,Category 03 - Concrete,03 20 00 Concrete Reinforcing
Proposal for delivery and setting of aluminum double-hung windows thermally broken for office and classroom window openings. Glazing to be dual-pane insulated Low-E argon-filled.,08,Openings,08 50 00,Windows,Category 08 - Openings,08 50 00 Windows
"Provide all labor, materials and equipment for automatic transfer switch (ATS) 400A for tenant electrical metering and sub-distribution. per utility company service entrance requirements. Equipment to be UL 891 listed and labeled.",26,Electrical,26 20 00,Low-Voltage Electrical Distribution,Category 26 - Electrical,26 20 00 Low-Voltage Electrical Distribution
Subject: Material Submittal – Proposal for pouring and curing of high-early-strength concrete for fast-track construction for exterior sidewalks and curbs. Concrete to be cured with wet burlap and plastic sheeting for 7 days.,03,Concrete,03 30 00,Cast-in-Place Concrete,Category 03 - Concrete,03 30 00 Cast-in-Place Concrete
"SCOPE OF WORK DESCRIPTION: Subcontractor bid for sports field LED flood lighting system. Location: for warehouse and industrial high-bay areas. All fixtures to be LED with minimum 50,000-hour rated life.",26,Electrical,26 50 00,Lighting,Category 26 - Electrical,26 50 00 Lighting
Request for approval: fiberglass batt insulation R-19 for exterior walls for use for mechanical room pipe and duct insulation. Fire rating: Class A flame spread per ASTM E84. conforming to local energy conservation code.,07,Thermal and Moisture Protection,07 20 00,Thermal Insulation,Category 07 - Thermal and Moisture Protection,07 20 00 Thermal Insulation
Furnish and install steel pipe bollards with concrete fill as indicated on drawings and per ADA and local building code requirements. Steel to be shop-primed with rust-inhibitive primer.,05,Metals,05 50 00,Metal Fabrications,Category 05 - Metals,05 50 00 Metal Fabrications
Request for approval: exterior acrylic paint system with primer for use for exposed structural steel fireproofing. VOC content to comply with LEED IEQ v4 requirements. per project specification Section 09 90 00.,09,Finishes,09 90 00,Painting and Coating,Category 09 - Finishes,09 90 00 Painting and Coating
This submittal covers the application of acoustic insulation for interior partitions for attic floor and knee wall insulation. All work to comply with per ASHRAE 90.1 energy code requirements. Fire rating: Class A flame spread per ASTM E84.,07,Thermal and Moisture Protection,07 20 00,Thermal Insulation,Category 07 - Thermal and Moisture Protection,07 20 00 Thermal Insulation
"Vendor submittal: heat recovery ventilator (HRV/ERV). Includes gas piping, venting and combustion air provisions. per AHRI certified heating capacity ratings.",23,HVAC,23 70 00,Central Heating Equipment,Category 23 - HVAC,23 70 00 Central Heating Equipment
Subcontractor bid for veneer plaster system over blueboard. Location: for tenant improvement build-out. Partitions to achieve fire rating per UL assembly design.,09,Finishes,09 20 00,Plaster and Gypsum Board,Category 09 - Finishes,09 20 00 Plaster and Gypsum Board
"Subject: Material Submittal – Request for approval: drywall finishing including taping, mudding and sanding for use for elevator shaft and mechanical shaft walls. Metal studs at 16 inches on center, bridging at mid-height. per ASTM C840 gypsum board application standard.",09,Finishes,09 20 00,Plaster and Gypsum Board,Category 09 - Finishes,09 20 00 Plaster and Gypsum Board
"Provide all labor, materials and equipment for roofing insulation tapered cricket system for low-slope roof area approximately 45,000 square feet. per project specification Section 07 50 00. Insulation R-30 minimum per energy code, tapered for drainage.",07,Thermal and Moisture Protection,07 50 00,Membrane Roofing,Category 07 - Thermal and Moisture Protection,07 50 00 Membrane Roofing
Furnish and install computer room precision cooling unit (CRAC/CRAH) as indicated on drawings and per AHRI certified performance ratings. Factory startup and commissioning by manufacturer representative.,23,HVAC,23 60 00,Central Cooling Equipment,Category 23 - HVAC,23 60 00 Central Cooling Equipment
This submittal covers the installation of moisture-resistant (green board) gypsum in wet areas for fire-rated corridor and stairwell assemblies. All work to comply with per UL listed assembly design number. Partitions to achieve fire rating per UL assembly design.,09,Finishes,09 20 00,Plaster and Gypsum Board,Category 09 - Finishes,09 20 00 Plaster and Gypsum Board
SCOPE OF WORK DESCRIPTION: Vendor submittal: metal deck shear studs and connectors. Minimum bearing length 2 inches on structural steel supports. per project specification Section 05 30 00.,05,Metals,05 30 00,Metal Decking,Category 05 - Metals,05 30 00 Metal Decking
Material submittal for tankless instantaneous water heater. 5-year manufacturer warranty on heat exchanger. Refer to per project specification Section 22 30 00.,22,Plumbing,22 30 00,Plumbing Equipment,Category 22 - Plumbing,22 30 00 Plumbing Equipment
"This submittal covers the shop fabrication and field installation of miscellaneous steel angles, plates and channels for interior and exterior metal railings. All work to comply with per project specification Section 05 50 00. Steel to be shop-primed with rust-inhibitive primer.",05,Metals,05 50 00,Metal Fabrications,Category 05 - Metals,05 50 00 Metal Fabrications
Vendor submittal: wired glass for fire-rated openings. Glass thickness and type per structural analysis for wind loads. per glazing contractor shop drawings.,08,Openings,08 80 00,Glazing,Category 08 - Openings,08 80 00 Glazing
Subcontractor bid for triple-glazed high-performance IGU. Location: for curtain wall and storefront glazing systems. Insulated units with warm-edge spacer and argon gas fill.,08,Openings,08 80 00,Glazing,Category 08 - Openings,08 80 00 Glazing
Proposal for shop fabrication and field installation of steel pipe bollards with concrete fill miscellaneous metals throughout building. Field welds to be ground smooth and touch-up painted.,05,Metals,05 50 00,Metal Fabrications,Category 05 - Metals,05 50 00 Metal Fabrications
Scope of work includes installation of crystalline waterproofing admixture for concrete for elevator pit and mechanical room. All seams to be sealed and corners reinforced.,07,Thermal and Moisture Protection,07 10 00,Dampproofing and Waterproofing,Category 07 - Thermal and Moisture Protection,07 10 00 Dampproofing and Waterproofing
delivery and commissioning of hydronic baseboard fin-tube radiation heater including all necessary accessories and hardware. per AHRI certified heating capacity ratings.,23,HVAC,23 70 00,Central Heating Equipment,Category 23 - HVAC,23 70 00 Central Heating Equipment
"Provide all labor, materials and equipment for grease interceptor for commercial kitchen for building water treatment and softening. per NSF/ANSI 61 for drinking water components. Manufacturer factory startup and commissioning required.",22,Plumbing,22 30 00,Plumbing Equipment,Category 22 - Plumbing,22 30 00 Plumbing Equipment
Furnish and install operable skylight window units as indicated on drawings and per energy code and ASHRAE 90.1 requirements. Color: clear anodized aluminum or custom RAL color.,08,Openings,08 50 00,Windows,Category 08 - Openings,08 50 00 Windows
Material submittal for water-cooled centrifugal chiller 500-ton. Vibration isolation pads and curb adapter included. Refer to per project specification Section 23 60 00.,23,HVAC,23 60 00,Central Cooling Equipment,Category 23 - HVAC,23 60 00 Central Cooling Equipment
PROJECT PROPOSAL: Vendor submittal: fire-rated glazing assemblies 60-minute. Mock-up panel required for architect approval before production. per glazing contractor shop drawings.,08,Openings,08 80 00,Glazing,Category 08 - Openings,08 80 00 Glazing
This submittal covers the delivery and energization of distribution panelboard 225A 208/120V for electrical room equipment installation. All work to comply with per utility company service entrance requirements. Equipment to be UL 891 listed and labeled.,26,Electrical,26 20 00,Low-Voltage Electrical Distribution,Category 26 - Electrical,26 20 00 Low-Voltage Electrical Distribution
This submittal covers the supply and installation of headed reinforcing bar anchors for parking structure post-tensioned slabs. All work to comply with in accordance with Section 03 20 00. Rebar to be shop-fabricated and tagged per bar schedule.,03,Concrete,03 20 00,Concrete Reinforcing,Category 03 - Concrete,03 20 00 Concrete Reinforcing
"Provide all labor, materials and equipment for foam board insulation for slab edge for continuous insulation at building envelope. per ASHRAE 90.1 energy code requirements. Includes vapor retarder on warm side of assembly.",07,Thermal and Moisture Protection,07 20 00,Thermal Insulation,Category 07 - Thermal and Moisture Protection,07 20 00 Thermal Insulation
"Vendor submittal: surge protective device (SPD) panel-mounted. Includes circuit breakers, fuses and all internal components. per NEC Article 230 (Services) and 240 (Overcurrent Protection).",26,Electrical,26 20 00,Low-Voltage Electrical Distribution,Category 26 - Electrical,26 20 00 Low-Voltage Electrical Distribution
This submittal covers the procurement and installation of VRF (variable refrigerant flow) outdoor condensing units for office building comfort cooling. All work to comply with per mechanical schedule on drawings. Vibration isolation pads and curb adapter included.,23,HVAC,23 60 00,Central Cooling Equipment,Category 23 - HVAC,23 60 00 Central Cooling Equipment
"This submittal covers the furnishing and glazing of blast-resistant security window assemblies for hospital patient room exterior windows. All work to comply with per project specification Section 08 50 00. Includes all sealants, flashing and perimeter caulking.",08,Openings,08 50 00,Windows,Category 08 - Openings,08 50 00 Windows
"Furnish and install supply air diffusers and return air grilles as indicated on drawings and per mechanical drawings and duct layout schedule. Includes all hangers, supports and seismic bracing per code.",23,HVAC,23 30 00,HVAC Air Distribution,Category 23 - HVAC,23 30 00 HVAC Air Distribution
"Provide all labor, materials and equipment for standing seam metal roof panels 24-gauge for low-slope roof area approximately 45,000 square feet. per manufacturer approved applicator installation manual. Includes all flashings, counterflashings, and edge metal.",07,Thermal and Moisture Protection,07 50 00,Membrane Roofing,Category 07 - Thermal and Moisture Protection,07 50 00 Membrane Roofing
RE: Concrete Reinforcing – Request for approval: reinforcing bar couplers (mechanical splices) for use for concrete columns and beams. Mill certifications required for all reinforcing steel. in accordance with Section 03 20 00.,03,Concrete,03 20 00,Concrete Reinforcing,Category 03 - Concrete,03 20 00 Concrete Reinforcing
RE: Dampproofing and Waterproofing – Material submittal for underslab vapor barrier 15-mil polyethylene. Includes protection board and drainage composite. Refer to conforming to local building code moisture protection requirements.,07,Thermal and Moisture Protection,07 10 00,Dampproofing and Waterproofing,Category 07 - Thermal and Moisture Protection,07 10 00 Dampproofing and Waterproofing
RE: Common Work Results for Electrical – Proposal for installation of cable tray system ladder type with covers for power distribution conduit and wire pulls. All wiring and raceway per National Electrical Code (NEC).,26,Electrical,26 05 00,Common Work Results for Electrical,Category 26 - Electrical,26 05 00 Common Work Results for Electrical
"Furnish and install grounding and bonding system with ground rods as indicated on drawings and per NEC (NFPA 70) National Electrical Code. Wire pulled with approved lubricant, no damage to insulation.",26,Electrical,26 05 00,Common Work Results for Electrical,Category 26 - Electrical,26 05 00 Common Work Results for Electrical
Proposal for procurement and mounting of LED strip lighting for cove and accent for exterior site and building-mounted lighting. Includes dimming drivers compatible with 0-10V control system.,26,Electrical,26 50 00,Lighting,Category 26 - Electrical,26 50 00 Lighting
"Proposal for installation of bentonite clay waterproofing panels at tunnel and underground utility connections. Membrane to be installed on clean, dry substrate.",07,Thermal and Moisture Protection,07 10 00,Dampproofing and Waterproofing,Category 07 - Thermal and Moisture Protection,07 10 00 Dampproofing and Waterproofing
Proposal for shop fabrication and field erection of steel angle lintels for masonry openings for second floor and roof framing. Steel to be blast-cleaned and primed with shop primer.,05,Metals,05 10 00,Structural Metal Framing,Category 05 - Metals,05 10 00 Structural Metal Framing
"Supply and install 5000 PSI high-strength concrete for columns for building foundations and footings. Finish to be steel trowel for interior slabs, broom finish for exterior. per project specification Section 03 30 00.",03,Concrete,03 30 00,Cast-in-Place Concrete,Category 03 - Concrete,03 30 00 Cast-in-Place Concrete
"Proposal for fabrication and installation of foundation footing formwork for elevated slab construction at level 2 through roof. Includes form stripping, cleaning, and concrete surface patching.",03,Concrete,03 10 00,Concrete Forming and Accessories,Category 03 - Concrete,03 10 00 Concrete Forming and Accessories
"Quotation for hollow metal door frames 16-gauge welded for fire-rated corridor and stairwell openings. Hardware to include lever handles, closers, and hinges per hardware schedule. per project specification Section 08 10 00.",08,Openings,08 10 00,Doors and Frames,Category 08 - Openings,08 10 00 Doors and Frames
"Provide all labor, materials and equipment for built-up roofing (BUR) 4-ply asphalt system for low-slope roof area approximately 45,000 square feet. per project specification Section 07 50 00. System includes 20-year NDL (No Dollar Limit) manufacturer warranty.",07,Thermal and Moisture Protection,07 50 00,Membrane Roofing,Category 07 - Thermal and Moisture Protection,07 50 00 Membrane Roofing
Scope of work includes installation of mineral wool semi-rigid insulation board for mechanical room pipe and duct insulation. Includes vapor retarder on warm side of assembly.,07,Thermal and Moisture Protection,07 20 00,Thermal Insulation,Category 07 - Thermal and Moisture Protection,07 20 00 Thermal Insulation
Furnish and install sound-rated gypsum board assembly STC 50 as indicated on drawings and per ASTM C840 gypsum board application standard. Taping and finishing to Level 4 finish per ASTM C840.,09,Finishes,09 20 00,Plaster and Gypsum Board,Category 09 - Finishes,09 20 00 Plaster and Gypsum Board
Supply and install wired glass for fire-rated openings for building lobby and atrium glazing. Glass thickness and type per structural analysis for wind loads. per glazing contractor shop drawings.,08,Openings,08 80 00,Glazing,Category 08 - Openings,08 80 00 Glazing
fabrication and installation of steel panel forms for walls including all necessary accessories and hardware. per ACI 347 standards.,03,Concrete,03 10 00,Concrete Forming and Accessories,Category 03 - Concrete,03 10 00 Concrete Forming and Accessories
"RE: Plumbing Piping and Pumps – Request for approval: insulated chilled water piping for plumbing for use for sanitary sewer and storm drain piping. Pipe connections: soldered for copper, solvent welded for PVC. per local plumbing code and health department requirements.",22,Plumbing,22 10 00,Plumbing Piping and Pumps,Category 22 - Plumbing,22 10 00 Plumbing Piping and Pumps
"PROJECT PROPOSAL: Supply and install operable skylight window units for high-rise building perimeter. U-factor 0.30 maximum, SHGC 0.25 maximum per energy code. per approved window schedule and shop drawings.",08,Openings,08 50 00,Windows,Category 08 - Openings,08 50 00 Windows
Scope of work includes tear-off and replacement of standing seam metal roof panels 24-gauge for roof replacement over existing building. Membrane to be mechanically fastened or fully adhered per wind uplift.,07,Thermal and Moisture Protection,07 50 00,Membrane Roofing,Category 07 - Thermal and Moisture Protection,07 50 00 Membrane Roofing
Supply and install liquid-applied air and vapor barrier for below-grade foundation walls and footings. All seams to be sealed and corners reinforced. per ASTM D6153 for liquid-applied waterproofing.,07,Thermal and Moisture Protection,07 10 00,Dampproofing and Waterproofing,Category 07 - Thermal and Moisture Protection,07 10 00 Dampproofing and Waterproofing
PROJECT PROPOSAL: Subcontractor bid for automatic sensor faucets and flush valves. Location: for janitor closets and service areas. Chrome-plated brass faucets with ceramic disc cartridge.,22,Plumbing,22 40 00,Plumbing Fixtures,Category 22 - Plumbing,22 40 00 Plumbing Fixtures
Quotation for triple-glazed high-performance IGU for fire-rated glazing at rated corridors. Includes structural silicone sealant for wet glazing. per glazing contractor shop drawings.,08,Openings,08 80 00,Glazing,Category 08 - Openings,08 80 00 Glazing
Proposal for shop fabrication and field installation of ornamental steel railing and balusters for interior and exterior metal railings. All exposed steel to be hot-dip galvanized after fabrication.,05,Metals,05 50 00,Metal Fabrications,Category 05 - Metals,05 50 00 Metal Fabrications
Supply and install slab edge forms and blockouts for cast-in-place concrete columns. Allow for three reuses of formwork panels. per project specification Section 03 10 00.,03,Concrete,03 10 00,Concrete Forming and Accessories,Category 03 - Concrete,03 10 00 Concrete Forming and Accessories
Proposal for tear-off and replacement of roofing penetration flashings and pitch pockets for rooftop mechanical equipment area. System includes 20-year NDL (No Dollar Limit) manufacturer warranty.,07,Thermal and Moisture Protection,07 50 00,Membrane Roofing,Category 07 - Thermal and Moisture Protection,07 50 00 Membrane Roofing
Vendor submittal: mini-split ductless air conditioning system. Controls: BACnet compatible DDC for building automation integration. per project specification Section 23 60 00.,23,HVAC,23 60 00,Central Cooling Equipment,Category 23 - HVAC,23 60 00 Central Cooling Equipment
fabrication and installation of duct silencers and sound attenuators including all necessary accessories and hardware. per mechanical drawings and duct layout schedule.,23,HVAC,23 30 00,HVAC Air Distribution,Category 23 - HVAC,23 30 00 HVAC Air Distribution
"RE: Membrane Roofing – Vendor submittal: modified bitumen SBS roofing system two-ply. Insulation R-30 minimum per energy code, tapered for drainage. per FM Global and UL listed roof assembly.",07,Thermal and Moisture Protection,07 50 00,Membrane Roofing,Category 07 - Thermal and Moisture Protection,07 50 00 Membrane Roofing
Proposal for furnishing and setting of wired glass for fire-rated openings for interior glass partitions and sidelights. Glass thickness and type per structural analysis for wind loads.,08,Openings,08 80 00,Glazing,Category 08 - Openings,08 80 00 Glazing
Subcontractor bid for spandrel glass panels with ceramic frit. Location: for interior glass partitions and sidelights. Includes structural silicone sealant for wet glazing.,08,Openings,08 80 00,Glazing,Category 08 - Openings,08 80 00 Glazing
supply and installation of split-system DX cooling unit with condenser including all necessary accessories and hardware. per ASHRAE 90.1 minimum efficiency requirements.,23,HVAC,23 60 00,Central Cooling Equipment,Category 23 - HVAC,23 60 00 Central Cooling Equipment
Material submittal for solid core wood doors with hardware. Fire-rated assemblies with UL listed label. Refer to per door and hardware schedule on drawings.,08,Openings,08 10 00,Doors and Frames,Category 08 - Openings,08 10 00 Doors and Frames
Proposal for furnishing and erection of galvanized structural steel for exterior for main building structural frame. High-strength bolts A325 for all connections.,05,Metals,05 10 00,Structural Metal Framing,Category 05 - Metals,05 10 00 Structural Metal Framing
"Proposal for supply and erection of insulating concrete forms (ICF) at building core shear walls. Includes all bracing, wedges, and form oil.",03,Concrete,03 10 00,Concrete Forming and Accessories,Category 03 - Concrete,03 10 00 Concrete Forming and Accessories
Furnish and install sheet membrane waterproofing for plaza deck as indicated on drawings and per manufacturer installation guidelines. Includes protection board and drainage composite.,07,Thermal and Moisture Protection,07 10 00,Dampproofing and Waterproofing,Category 07 - Thermal and Moisture Protection,07 10 00 Dampproofing and Waterproofing
"SCOPE OF WORK DESCRIPTION: Supply and install reshoring and shoring system for elevated slabs at building core shear walls. Includes all bracing, wedges, and form oil. per ACI 347 standards.",03,Concrete,03 10 00,Concrete Forming and Accessories,Category 03 - Concrete,03 10 00 Concrete Forming and Accessories
"Vendor submittal: main electrical switchboard 2000A 480/277V. Includes circuit breakers, fuses and all internal components. per utility company service entrance requirements.",26,Electrical,26 20 00,Low-Voltage Electrical Distribution,Category 26 - Electrical,26 20 00 Low-Voltage Electrical Distribution
shop fabrication and field installation of steel ladder and safety cage including all necessary accessories and hardware. per architectural detail drawings.,05,Metals,05 50 00,Metal Fabrications,Category 05 - Metals,05 50 00 Metal Fabrications
"This submittal covers the supply and installation of FRP fiberglass reinforced plastic doors for mechanical and electrical room access. All work to comply with per NFPA 80 fire door assembly standards. Hardware to include lever handles, closers, and hinges per hardware schedule.",08,Openings,08 10 00,Doors and Frames,Category 08 - Openings,08 10 00 Doors and Frames
"Provide all labor, materials and equipment for fabric ductwork for open ceiling areas for data center precision air distribution. per mechanical drawings and duct layout schedule. TAB (Testing Adjusting Balancing) included in scope.",23,HVAC,23 30 00,HVAC Air Distribution,Category 23 - HVAC,23 30 00 HVAC Air Distribution
Scope of work includes supply and installation of duct-mounted fire and smoke dampers for rooftop air handling unit connections. Insulation: 2-inch fiberglass duct wrap with vapor barrier.,23,HVAC,23 30 00,HVAC Air Distribution,Category 23 - HVAC,23 30 00 HVAC Air Distribution
"BID ITEM: Provide all labor, materials and equipment for ornamental steel railing and balusters miscellaneous metals throughout building. per architectural detail drawings. Steel to be shop-primed with rust-inhibitive primer.",05,Metals,05 50 00,Metal Fabrications,Category 05 - Metals,05 50 00 Metal Fabrications
Proposal for supply and installation of mop basin (service sink) floor-mounted for ADA-compliant accessible restroom. ADA fixtures mounted at heights per accessibility code.,22,Plumbing,22 40 00,Plumbing Fixtures,Category 22 - Plumbing,22 40 00 Plumbing Fixtures
"PROJECT PROPOSAL: This submittal covers the furnishing and connecting of LED strip lighting for cove and accent for interior lighting per reflected ceiling plan. All work to comply with per project specification Section 26 50 00. All fixtures to be LED with minimum 50,000-hour rated life.",26,Electrical,26 50 00,Lighting,Category 26 - Electrical,26 50 00 Lighting
Furnish and install exposed aggregate decorative concrete as indicated on drawings and per project specification Section 03 30 00. Water-to-cement ratio not to exceed 0.45.,03,Concrete,03 30 00,Cast-in-Place Concrete,Category 03 - Concrete,03 30 00 Cast-in-Place Concrete
Supply and install acoustic insulation for interior partitions for mechanical room pipe and duct insulation. Includes vapor retarder on warm side of assembly. per project specification Section 07 20 00.,07,Thermal and Moisture Protection,07 20 00,Thermal Insulation,Category 07 - Thermal and Moisture Protection,07 20 00 Thermal Insulation
Scope of work includes painting of floor sealer and concrete stain for all interior walls and ceilings. Two coats finish over one coat primer on new drywall.,09,Finishes,09 90 00,Painting and Coating,Category 09 - Finishes,09 90 00 Painting and Coating
"This submittal covers the furnishing and tying of epoxy-coated rebar for exposed concrete for parking structure post-tensioned slabs. All work to comply with per ACI 318-19 and project structural drawings. Includes all cutting, bending, placing and tying.",03,Concrete,03 20 00,Concrete Reinforcing,Category 03 - Concrete,03 20 00 Concrete Reinforcing
"Furnish and install electric water cooler / drinking fountain as indicated on drawings and per local health and plumbing code requirements. Equipment includes mounting, piping connections and startup.",22,Plumbing,22 30 00,Plumbing Equipment,Category 22 - Plumbing,22 30 00 Plumbing Equipment
SCOPE OF WORK DESCRIPTION: Request for approval: sheet membrane waterproofing for plaza deck for use for below-grade foundation walls and footings. Surface preparation includes primer coat as recommended by manufacturer. per project specification Section 07 10 00.,07,Thermal and Moisture Protection,07 10 00,Dampproofing and Waterproofing,Category 07 - Thermal and Moisture Protection,07 10 00 Dampproofing and Waterproofing
"PROJECT PROPOSAL: Provide all labor, materials and equipment for parking garage LED fixtures with daylight sensor for parking garage and canopy lighting. per IES recommended lighting levels for occupancy type. All fixtures to be LED with minimum 50,000-hour rated life.",26,Electrical,26 50 00,Lighting,Category 26 - Electrical,26 50 00 Lighting
Furnish and install epoxy resin flooring for commercial kitchen as indicated on drawings and per manufacturer installation instructions. Moisture testing required per ASTM F2170 before installation.,09,Finishes,09 60 00,Flooring,Category 09 - Finishes,09 60 00 Flooring
Vendor submittal: steel pipe bollards with concrete fill. Steel to be shop-primed with rust-inhibitive primer. per architectural detail drawings.,05,Metals,05 50 00,Metal Fabrications,Category 05 - Metals,05 50 00 Metal Fabrications
Scope of work includes procurement and mounting of mop basin (service sink) floor-mounted for janitor closets and service areas. All fixtures to be water-efficient per WaterSense label.,22,Plumbing,22 40 00,Plumbing Fixtures,Category 22 - Plumbing,22 40 00 Plumbing Fixtures
"Material submittal for duct-mounted fire and smoke dampers. Includes all hangers, supports and seismic bracing per code. Refer to per mechanical drawings and duct layout schedule.",23,HVAC,23 30 00,HVAC Air Distribution,Category 23 - HVAC,23 30 00 HVAC Air Distribution
Quotation for electric resistance duct heater for perimeter heating at exterior walls. Boiler efficiency exceeds ASHRAE 90.1 minimum requirement. per ASME Boiler and Pressure Vessel Code for boilers.,23,HVAC,23 70 00,Central Heating Equipment,Category 23 - HVAC,23 70 00 Central Heating Equipment
SCOPE OF WORK DESCRIPTION: supply and installation of headed reinforcing bar anchors including all necessary accessories and hardware. in accordance with Section 03 20 00.,03,Concrete,03 20 00,Concrete Reinforcing,Category 03 - Concrete,03 20 00 Concrete Reinforcing
"Provide all labor, materials and equipment for LED recessed troffer light fixtures 2x4 for exterior site and building-mounted lighting. per project specification Section 26 50 00. Color temperature: 4000K for offices, 3000K for corridors.",26,Electrical,26 50 00,Lighting,Category 26 - Electrical,26 50 00 Lighting
"Provide all labor, materials and equipment for electric resistance duct heater for building central heating system. per project specification Section 23 70 00. Controls integrated with building automation system (BAS).",23,HVAC,23 70 00,Central Heating Equipment,Category 23 - HVAC,23 70 00 Central Heating Equipment
Subject: Material Submittal – Vendor submittal: overhead coiling steel service doors. Fire-rated assemblies with UL listed label. per door and hardware schedule on drawings.,08,Openings,08 10 00,Doors and Frames,Category 08 - Openings,08 10 00 Doors and Frames
SCOPE OF WORK DESCRIPTION: Request for approval: rebar dowels and starter bars for use for concrete shear walls per seismic design. Mill certifications required for all reinforcing steel. per ACI 318-19 and project structural drawings.,03,Concrete,03 20 00,Concrete Reinforcing,Category 03 - Concrete,03 20 00 Concrete Reinforcing
Furnish and install tempered safety glass panels as indicated on drawings and per glazing contractor shop drawings. Mock-up panel required for architect approval before production.,08,Openings,08 80 00,Glazing,Category 08 - Openings,08 80 00 Glazing
"Provide all labor, materials and equipment for hollow metal door frames 16-gauge welded for interior and exterior door openings per door schedule. per project specification Section 08 10 00. Frames to be set and grouted plumb and square.",08,Openings,08 10 00,Doors and Frames,Category 08 - Openings,08 10 00 Doors and Frames
Supply and install foundation drain board and protection course for below-grade foundation walls and footings. Includes protection board and drainage composite. per ASTM D6153 for liquid-applied waterproofing.,07,Thermal and Moisture Protection,07 10 00,Dampproofing and Waterproofing,Category 07 - Thermal and Moisture Protection,07 10 00 Dampproofing and Waterproofing
Subcontractor bid for cementitious dampproofing coating. Location: for occupied basement and parking levels. Includes protection board and drainage composite.,07,Thermal and Moisture Protection,07 10 00,Dampproofing and Waterproofing,Category 07 - Thermal and Moisture Protection,07 10 00 Dampproofing and Waterproofing
furnishing and tying of reinforcing bar couplers (mechanical splices) including all necessary accessories and hardware. per CRSI Manual of Standard Practice.,03,Concrete,03 20 00,Concrete Reinforcing,Category 03 - Concrete,03 20 00 Concrete Reinforcing
PROJECT PROPOSAL: Material submittal for structural steel roof trusses. Material per ASTM A992 Grade 50 for wide flanges. Refer to per project specification Section 05 10 00.,05,Metals,05 10 00,Structural Metal Framing,Category 05 - Metals,05 10 00 Structural Metal Framing
Subject: Material Submittal – Quotation for curtain wall window system unitized for hospital patient room exterior windows. Glazing to be dual-pane insulated Low-E argon-filled. per project specification Section 08 50 00.,08,Openings,08 50 00,Windows,Category 08 - Openings,08 50 00 Windows
"Provide all labor, materials and equipment for UPS (uninterruptible power supply) 100 kVA for emergency and standby power system. per utility company service entrance requirements. Includes circuit breakers, fuses and all internal components.",26,Electrical,26 20 00,Low-Voltage Electrical Distribution,Category 26 - Electrical,26 20 00 Low-Voltage Electrical Distribution
"Request for approval: operable skylight window units for use for hospital patient room exterior windows. U-factor 0.30 maximum, SHGC 0.25 maximum per energy code. per energy code and ASHRAE 90.1 requirements.",08,Openings,08 50 00,Windows,Category 08 - Openings,08 50 00 Windows
Furnish and install metal stud framing 3-5/8 inch 20-gauge as indicated on drawings and per project specification Section 09 20 00. Corner bead at all exposed edges and reveals.,09,Finishes,09 20 00,Plaster and Gypsum Board,Category 09 - Finishes,09 20 00 Plaster and Gypsum Board
"Furnish and install form release agent and accessories as indicated on drawings and per ACI 347 standards. Includes all bracing, wedges, and form oil.",03,Concrete,03 10 00,Concrete Forming and Accessories,Category 03 - Concrete,03 10 00 Concrete Forming and Accessories
procurement and mounting of architectural pendant lighting for lobby including all necessary accessories and hardware. per project specification Section 26 50 00.,26,Electrical,26 50 00,Lighting,Category 26 - Electrical,26 50 00 Lighting
"fabrication and installation of miscellaneous steel angles, plates and channels including all necessary accessories and hardware. per ADA and local building code requirements.",05,Metals,05 50 00,Metal Fabrications,Category 05 - Metals,05 50 00 Metal Fabrications
Material submittal for below-grade bituminous waterproofing membrane. Surface preparation includes primer coat as recommended by manufacturer. Refer to per ASTM D6153 for liquid-applied waterproofing.,07,Thermal and Moisture Protection,07 10 00,Dampproofing and Waterproofing,Category 07 - Thermal and Moisture Protection,07 10 00 Dampproofing and Waterproofing
"RE: Common Work Results for Electrical – Scope of work includes rough-in and termination of electrical junction boxes, pull boxes and fittings for power distribution conduit and wire pulls. Includes all supports, straps and seismic bracing.",26,Electrical,26 05 00,Common Work Results for Electrical,Category 26 - Electrical,26 05 00 Common Work Results for Electrical
"SCOPE OF WORK DESCRIPTION: Request for approval: grounding and bonding system with ground rods for use for data center cable tray installation. Wire pulled with approved lubricant, no damage to insulation. per project specification Section 26 05 00.",26,Electrical,26 05 00,Common Work Results for Electrical,Category 26 - Electrical,26 05 00 Common Work Results for Electrical
"PROJECT PROPOSAL: Proposal for supply and installation of PVC DWV drain, waste and vent piping for sanitary sewer and storm drain piping. Insulation on all hot and cold water piping per specification.",22,Plumbing,22 10 00,Plumbing Piping and Pumps,Category 22 - Plumbing,22 10 00 Plumbing Piping and Pumps
Subcontractor bid for fire-rated steel doors and frames 90-minute. Location: for warehouse and loading dock openings. Frames to be set and grouted plumb and square.,08,Openings,08 10 00,Doors and Frames,Category 08 - Openings,08 10 00 Doors and Frames
Furnish and install pipe and duct insulation with vapor jacket as indicated on drawings and conforming to local energy conservation code. Includes vapor retarder on warm side of assembly.,07,Thermal and Moisture Protection,07 20 00,Thermal Insulation,Category 07 - Thermal and Moisture Protection,07 20 00 Thermal Insulation
"Vendor submittal: fiber-reinforced concrete (FRC) for slab on grade. Finish to be steel trowel for interior slabs, broom finish for exterior. conforming to ASTM C94 ready-mixed concrete standard.",03,Concrete,03 30 00,Cast-in-Place Concrete,Category 03 - Concrete,03 30 00 Cast-in-Place Concrete
"Provide all labor, materials and equipment for infrared radiant tube heater for garage for warehouse and loading dock space heating. per project specification Section 23 70 00. Includes gas piping, venting and combustion air provisions.",23,HVAC,23 70 00,Central Heating Equipment,Category 23 - HVAC,23 70 00 Central Heating Equipment
Subject: Material Submittal – Request for approval: drinking fountain / bottle filler combo unit for use for commercial kitchen and break rooms. ADA fixtures mounted at heights per accessibility code. per plumbing fixture schedule on drawings.,22,Plumbing,22 40 00,Plumbing Fixtures,Category 22 - Plumbing,22 40 00 Plumbing Fixtures
Supply and install dimming lighting control system with occupancy sensors for warehouse and industrial high-bay areas. Includes dimming drivers compatible with 0-10V control system. per DesignLights Consortium (DLC) qualified products list.,26,Electrical,26 50 00,Lighting,Category 26 - Electrical,26 50 00 Lighting
Request for approval: unit heater gas-fired for warehouse for use for building central heating system. Controls integrated with building automation system (BAS). per local mechanical and fuel gas code.,23,HVAC,23 70 00,Central Heating Equipment,Category 23 - HVAC,23 70 00 Central Heating Equipment
Request for approval: grease interceptor for commercial kitchen for use for domestic hot water system in mechanical room. 5-year manufacturer warranty on heat exchanger. per ASME Boiler and Pressure Vessel Code.,22,Plumbing,22 30 00,Plumbing Equipment,Category 22 - Plumbing,22 30 00 Plumbing Equipment
"SCOPE OF WORK DESCRIPTION: Provide all labor, materials and equipment for fixed aluminum picture windows for residential tower window replacement. per energy code and ASHRAE 90.1 requirements. Windows to be factory-assembled and glazed.",08,Openings,08 50 00,Windows,Category 08 - Openings,08 50 00 Windows
RE: Metal Decking – supply and installation of metal roof deck 1.5-inch Type B 22 gauge including all necessary accessories and hardware. per composite design per AISC 360 Chapter I.,05,Metals,05 30 00,Metal Decking,Category 05 - Metals,05 30 00 Metal Decking
"Provide all labor, materials and equipment for fire-rated steel doors and frames 90-minute for mechanical and electrical room access. conforming to SDI (Steel Door Institute) standards. Fire-rated assemblies with UL listed label.",08,Openings,08 10 00,Doors and Frames,Category 08 - Openings,08 10 00 Doors and Frames
"Subject: Material Submittal – Proposal for delivery and wiring of explosion-proof lighting for hazardous locations for interior lighting per reflected ceiling plan. Color temperature: 4000K for offices, 3000K for corridors.",26,Electrical,26 50 00,Lighting,Category 26 - Electrical,26 50 00 Lighting
Material submittal for cementitious dampproofing coating. 10-year manufacturer warranty on waterproofing system. Refer to per ASTM D6153 for liquid-applied waterproofing.,07,Thermal and Moisture Protection,07 10 00,Dampproofing and Waterproofing,Category 07 - Thermal and Moisture Protection,07 10 00 Dampproofing and Waterproofing
"Scope of work includes procurement and installation of bus duct feeder system from switchboard for emergency and standby power system. Generator includes sub-base fuel tank, muffler and weatherproof enclosure.",26,Electrical,26 20 00,Low-Voltage Electrical Distribution,Category 26 - Electrical,26 20 00 Low-Voltage Electrical Distribution
"Material submittal for drywall finishing including taping, mudding and sanding. Partitions to achieve fire rating per UL assembly design. Refer to per project specification Section 09 20 00.",09,Finishes,09 20 00,Plaster and Gypsum Board,Category 09 - Finishes,09 20 00 Plaster and Gypsum Board
"Provide all labor, materials and equipment for laminated security glass for storefronts for interior glass partitions and sidelights. per ASTM C1048 for flat glass specifications. Includes structural silicone sealant for wet glazing.",08,Openings,08 80 00,Glazing,Category 08 - Openings,08 80 00 Glazing
Furnish and install high-performance epoxy wall coating for wet areas as indicated on drawings and per SSPC surface preparation standards for steel. Colors per architect-selected paint schedule.,09,Finishes,09 90 00,Painting and Coating,Category 09 - Finishes,09 90 00 Painting and Coating
"RE: Common Work Results for Electrical – Provide all labor, materials and equipment for underground PVC electrical conduit duct bank for electrical raceway and wiring infrastructure. per NEC (NFPA 70) National Electrical Code. Wire pulled with approved lubricant, no damage to insulation.",26,Electrical,26 05 00,Common Work Results for Electrical,Category 26 - Electrical,26 05 00 Common Work Results for Electrical
"Provide all labor, materials and equipment for cast iron no-hub soil pipe and fittings for restroom and kitchen plumbing rough-in. per Uniform Plumbing Code (UPC). Includes all valves, supports, hangers and seismic bracing.",22,Plumbing,22 10 00,Plumbing Piping and Pumps,Category 22 - Plumbing,22 10 00 Plumbing Piping and Pumps
"Provide all labor, materials and equipment for parking garage LED fixtures with daylight sensor for exterior site and building-mounted lighting. per DesignLights Consortium (DLC) qualified products list. All fixtures to be LED with minimum 50,000-hour rated life.",26,Electrical,26 50 00,Lighting,Category 26 - Electrical,26 50 00 Lighting
"SCOPE OF WORK DESCRIPTION: Proposal for supply and installation of porcelain tile flooring 24x24 inch with thin-set mortar for lobby, corridors and common areas. Adhesive to be low-VOC per LEED IEQ requirements.",09,Finishes,09 60 00,Flooring,Category 09 - Finishes,09 60 00 Flooring
Quotation for diesel emergency standby generator 500 kW for main electrical service and distribution. Equipment to be UL 891 listed and labeled. per NEC Article 230 (Services) and 240 (Overcurrent Protection).,26,Electrical,26 20 00,Low-Voltage Electrical Distribution,Category 26 - Electrical,26 20 00 Low-Voltage Electrical Distribution
"This submittal covers the delivery and startup of electric water cooler / drinking fountain for below-grade sewage ejection system. All work to comply with per local health and plumbing code requirements. Equipment includes mounting, piping connections and startup.",22,Plumbing,22 30 00,Plumbing Equipment,Category 22 - Plumbing,22 30 00 Plumbing Equipment
This submittal covers the supply and installation of post-tensioning tendons and anchors for concrete shear walls per seismic design. All work to comply with per CRSI Manual of Standard Practice. Lap splices per ACI 318 development length requirements.,03,Concrete,03 20 00,Concrete Reinforcing,Category 03 - Concrete,03 20 00 Concrete Reinforcing
"Material submittal for drinking fountain / bottle filler combo unit. Includes all trim, supplies, stops and connection fittings. Refer to per ASME A112.19.2 for vitreous china fixtures.",22,Plumbing,22 40 00,Plumbing Fixtures,Category 22 - Plumbing,22 40 00 Plumbing Fixtures
RE: Doors and Frames – Vendor submittal: automatic sliding door operator. Fire-rated assemblies with UL listed label. per NFPA 80 fire door assembly standards.,08,Openings,08 10 00,Doors and Frames,Category 08 - Openings,08 10 00 Doors and Frames
Subcontractor bid for explosion-proof lighting for hazardous locations. Location: for exterior site and building-mounted lighting. Includes dimming drivers compatible with 0-10V control system.,26,Electrical,26 50 00,Lighting,Category 26 - Electrical,26 50 00 Lighting
supply and installation of PVC single-ply roofing membrane with hot-air welded seams including all necessary accessories and hardware. per manufacturer approved applicator installation manual.,07,Thermal and Moisture Protection,07 50 00,Membrane Roofing,Category 07 - Thermal and Moisture Protection,07 50 00 Membrane Roofing
"Quotation for packaged rooftop air conditioning unit 25-ton for tenant space supplemental cooling. Includes refrigerant piping, pad, and electrical connections. per ASHRAE 90.1 minimum efficiency requirements.",23,HVAC,23 60 00,Central Cooling Equipment,Category 23 - HVAC,23 60 00 Central Cooling Equipment
Material submittal for fabric ductwork for open ceiling areas. TAB (Testing Adjusting Balancing) included in scope. Refer to per mechanical drawings and duct layout schedule.,23,HVAC,23 30 00,HVAC Air Distribution,Category 23 - HVAC,23 30 00 HVAC Air Distribution
Furnish and install form release agent and accessories as indicated on drawings and conforming to OSHA shoring requirements. Allow for three reuses of formwork panels.,03,Concrete,03 10 00,Concrete Forming and Accessories,Category 03 - Concrete,03 10 00 Concrete Forming and Accessories
"Quotation for UPS (uninterruptible power supply) 100 kVA for building power distribution infrastructure. Includes circuit breakers, fuses and all internal components. per NFPA 110 for emergency power systems.",26,Electrical,26 20 00,Low-Voltage Electrical Distribution,Category 26 - Electrical,26 20 00 Low-Voltage Electrical Distribution
This submittal covers the supply and placement of fiber-reinforced concrete (FRC) for slab on grade for elevated concrete slabs at all levels. All work to comply with per ACI 318 and ACI 301 specifications. Maximum slump 4 inches without superplasticizer.,03,Concrete,03 30 00,Cast-in-Place Concrete,Category 03 - Concrete,03 30 00 Cast-in-Place Concrete
Request for approval: epoxy-coated rebar for exposed concrete for use for elevated concrete slab reinforcement. Rebar to be shop-fabricated and tagged per bar schedule. in accordance with Section 03 20 00.,03,Concrete,03 20 00,Concrete Reinforcing,Category 03 - Concrete,03 20 00 Concrete Reinforcing
"Quotation for zinc-rich primer for corrosion protection for millwork, casework and trim. Includes surface preparation, sanding and priming. per paint manufacturer technical data sheets.",09,Finishes,09 90 00,Painting and Coating,Category 09 - Finishes,09 90 00 Painting and Coating
Furnish and install interior latex paint (2 coats) over primer as indicated on drawings and per project specification Section 09 90 00. Two coats finish over one coat primer on new drywall.,09,Finishes,09 90 00,Painting and Coating,Category 09 - Finishes,09 90 00 Painting and Coating
supply and installation of electric water cooler / drinking fountain including all necessary accessories and hardware. per ASME Boiler and Pressure Vessel Code.,22,Plumbing,22 30 00,Plumbing Equipment,Category 22 - Plumbing,22 30 00 Plumbing Equipment
VENDOR SUBMITTAL: This submittal covers the shop fabrication and field installation of ornamental steel railing and balusters for equipment pads and roof penetration supports. All work to comply with per ADA and local building code requirements. Field welds to be ground smooth and touch-up painted.,05,Metals,05 50 00,Metal Fabrications,Category 05 - Metals,05 50 00 Metal Fabrications
SCOPE OF WORK DESCRIPTION: Request for approval: sheet membrane waterproofing for plaza deck for use for occupied basement and parking levels. 10-year manufacturer warranty on waterproofing system. per project specification Section 07 10 00.,07,Thermal and Moisture Protection,07 10 00,Dampproofing and Waterproofing,Category 07 - Thermal and Moisture Protection,07 10 00 Dampproofing and Waterproofing
"VENDOR SUBMITTAL: Provide all labor, materials and equipment for thermostatic mixing valve station for below-grade sewage ejection system. per NSF/ANSI 61 for drinking water components. 5-year manufacturer warranty on heat exchanger.",22,Plumbing,22 30 00,Plumbing Equipment,Category 22 - Plumbing,22 30 00 Plumbing Equipment
"RE: Common Work Results for Electrical – Proposal for furnishing and pulling of electrical junction boxes, pull boxes and fittings for underground electrical duct bank to building. Conduit fill not to exceed 40% per NEC Chapter 9.",26,Electrical,26 05 00,Common Work Results for Electrical,Category 26 - Electrical,26 05 00 Common Work Results for Electrical
"Scope of work includes furnishing and welding of cellular metal floor deck for electrical raceway for composite floor system at all elevated levels. Includes all side laps, end laps, and pour stop angles.",05,Metals,05 30 00,Metal Decking,Category 05 - Metals,05 30 00 Metal Decking
Supply and install tempered safety glass panels for fire-rated glazing at rated corridors. Insulated units with warm-edge spacer and argon gas fill. per ASTM C1048 for flat glass specifications.,08,Openings,08 80 00,Glazing,Category 08 - Openings,08 80 00 Glazing
"Provide all labor, materials and equipment for thermostatic mixing valve station for below-grade sewage ejection system. per project specification Section 22 30 00. Manufacturer factory startup and commissioning required.",22,Plumbing,22 30 00,Plumbing Equipment,Category 22 - Plumbing,22 30 00 Plumbing Equipment
Scope of work includes supply and installation of electric resistance duct heater for mechanical room boiler plant. Boiler efficiency exceeds ASHRAE 90.1 minimum requirement.,23,HVAC,23 70 00,Central Heating Equipment,Category 23 - HVAC,23 70 00 Central Heating Equipment
Request for approval: diesel emergency standby generator 500 kW for use for tenant electrical metering and sub-distribution. Equipment to be UL 891 listed and labeled. per utility company service entrance requirements.,26,Electrical,26 20 00,Low-Voltage Electrical Distribution,Category 26 - Electrical,26 20 00 Low-Voltage Electrical Distribution
PROJECT PROPOSAL: Supply and install galvanized corrugated steel decking for roof deck installation over steel joists. Includes temporary shoring during concrete placement. per SDI (Steel Deck Institute) standards.,05,Metals,05 30 00,Metal Decking,Category 05 - Metals,05 30 00 Metal Decking
VENDOR SUBMITTAL: Furnish and install hardwood oak strip flooring 3/4-inch solid as indicated on drawings and per TCNA Handbook for tile installations. Moisture testing required per ASTM F2170 before installation.,09,Finishes,09 60 00,Flooring,Category 09 - Finishes,09 60 00 Flooring
Furnish and install heat recovery ventilator (HRV/ERV) as indicated on drawings and per AHRI certified heating capacity ratings. Boiler efficiency exceeds ASHRAE 90.1 minimum requirement.,23,HVAC,23 70 00,Central Heating Equipment,Category 23 - HVAC,23 70 00 Central Heating Equipment
supply and installation of TPO single-ply membrane roofing system 60-mil including all necessary accessories and hardware. per NRCA roofing guidelines.,07,Thermal and Moisture Protection,07 50 00,Membrane Roofing,Category 07 - Thermal and Moisture Protection,07 50 00 Membrane Roofing
Supply and install emergency and exit lighting with battery backup for interior lighting per reflected ceiling plan. Lighting controls to include occupancy sensors per energy code. per DesignLights Consortium (DLC) qualified products list.,26,Electrical,26 50 00,Lighting,Category 26 - Electrical,26 50 00 Lighting
"Furnish and install foundation drain board and protection course as indicated on drawings and conforming to local building code moisture protection requirements. Membrane to be installed on clean, dry substrate.",07,Thermal and Moisture Protection,07 10 00,Dampproofing and Waterproofing,Category 07 - Thermal and Moisture Protection,07 10 00 Dampproofing and Waterproofing
Scope of work includes supply and installation of distribution panelboard 225A 208/120V for tenant electrical metering and sub-distribution. Arc flash study and labels required per NFPA 70E.,26,Electrical,26 20 00,Low-Voltage Electrical Distribution,Category 26 - Electrical,26 20 00 Low-Voltage Electrical Distribution
Subcontractor bid for wall-hung lavatory sink with faucet. Location: for janitor closets and service areas. All fixtures to be water-efficient per WaterSense label.,22,Plumbing,22 40 00,Plumbing Fixtures,Category 22 - Plumbing,22 40 00 Plumbing Fixtures
This submittal covers the supply and placement of 5000 PSI high-strength concrete for columns for slab-on-grade in warehouse area. All work to comply with per project specification Section 03 30 00. Portland cement Type I/II with 3/4 inch maximum aggregate.,03,Concrete,03 30 00,Cast-in-Place Concrete,Category 03 - Concrete,03 30 00 Cast-in-Place Concrete
This submittal covers the delivery and startup of tankless instantaneous water heater for domestic hot water system in mechanical room. All work to comply with per project specification Section 22 30 00. Includes electrical connections by others coordination required.,22,Plumbing,22 30 00,Plumbing Equipment,Category 22 - Plumbing,22 30 00 Plumbing Equipment
BID ITEM: Quotation for intumescent fireproofing paint for structural steel for exterior building facade and soffits. Colors per architect-selected paint schedule. per MPI (Master Painters Institute) standards.,09,Finishes,09 90 00,Painting and Coating,Category 09 - Finishes,09 90 00 Painting and Coating
"RE: Common Work Results for Electrical – Material submittal for wire connectors, lugs and termination kits. As-built drawings required showing all concealed raceway routing. Refer to per project specification Section 26 05 00.",26,Electrical,26 05 00,Common Work Results for Electrical,Category 26 - Electrical,26 05 00 Common Work Results for Electrical
Vendor submittal: VRF (variable refrigerant flow) outdoor condensing units. Vibration isolation pads and curb adapter included. per AHRI certified performance ratings.,23,HVAC,23 60 00,Central Cooling Equipment,Category 23 - HVAC,23 60 00 Central Cooling Equipment
"Provide all labor, materials and equipment for flexible insulated duct for branch connections for office and conference room supply and return. per project specification Section 23 30 00. Ductwork fabricated per SMACNA standards.",23,HVAC,23 30 00,HVAC Air Distribution,Category 23 - HVAC,23 30 00 HVAC Air Distribution
SCOPE OF WORK DESCRIPTION: Supply and install crystalline waterproofing admixture for concrete at tunnel and underground utility connections. Includes protection board and drainage composite. per project specification Section 07 10 00.,07,Thermal and Moisture Protection,07 10 00,Dampproofing and Waterproofing,Category 07 - Thermal and Moisture Protection,07 10 00 Dampproofing and Waterproofing
Request for approval: automatic transfer switch (ATS) 400A for use for building power distribution infrastructure. Equipment to be UL 891 listed and labeled. per NEC Article 230 (Services) and 240 (Overcurrent Protection).,26,Electrical,26 20 00,Low-Voltage Electrical Distribution,Category 26 - Electrical,26 20 00 Low-Voltage Electrical Distribution
Scope of work includes furnishing and commissioning of packaged rooftop air conditioning unit 25-ton for tenant space supplemental cooling. Vibration isolation pads and curb adapter included.,23,HVAC,23 60 00,Central Cooling Equipment,Category 23 - HVAC,23 60 00 Central Cooling Equipment
Vendor submittal: metal deck shear studs and connectors. Minimum bearing length 2 inches on structural steel supports. per project specification Section 05 30 00.,05,Metals,05 30 00,Metal Decking,Category 05 - Metals,05 30 00 Metal Decking
Furnish and install VAV (variable air volume) terminal units with controls as indicated on drawings and per project specification Section 23 30 00. Insulation: 2-inch fiberglass duct wrap with vapor barrier.,23,HVAC,23 30 00,HVAC Air Distribution,Category 23 - HVAC,23 30 00 HVAC Air Distribution
Quotation for automatic sensor faucets and flush valves for laboratory and medical exam rooms. ADA fixtures mounted at heights per accessibility code. per project specification Section 22 40 00.,22,Plumbing,22 40 00,Plumbing Fixtures,Category 22 - Plumbing,22 40 00 Plumbing Fixtures
Material submittal for epoxy-coated rebar for exposed concrete. Rebar to be shop-fabricated and tagged per bar schedule. Refer to per ACI 318-19 and project structural drawings.,03,Concrete,03 20 00,Concrete Reinforcing,Category 03 - Concrete,03 20 00 Concrete Reinforcing
"Proposal for rough-in and connection of PEX flexible water supply tubing for mechanical room plumbing connections. Includes core drilling, firestopping and sleeve installation.",22,Plumbing,22 10 00,Plumbing Piping and Pumps,Category 22 - Plumbing,22 10 00 Plumbing Piping and Pumps
This submittal covers the supply and installation of evaporative condenser for refrigeration for office building comfort cooling. All work to comply with per ASHRAE 90.1 minimum efficiency requirements. Vibration isolation pads and curb adapter included.,23,HVAC,23 60 00,Central Cooling Equipment,Category 23 - HVAC,23 60 00 Central Cooling Equipment
Supply and install rubber athletic flooring for gymnasium for restrooms and locker rooms. Moisture testing required per ASTM F2170 before installation. per project specification Section 09 60 00.,09,Finishes,09 60 00,Flooring,Category 09 - Finishes,09 60 00 Flooring
"Supply and install architectural pendant lighting for lobby for office, lobby and common area lighting. Emergency fixtures with 90-minute battery backup per code. per DesignLights Consortium (DLC) qualified products list.",26,Electrical,26 50 00,Lighting,Category 26 - Electrical,26 50 00 Lighting
"Vendor submittal: underslab vapor barrier 15-mil polyethylene. Membrane to be installed on clean, dry substrate. conforming to local building code moisture protection requirements.",07,Thermal and Moisture Protection,07 10 00,Dampproofing and Waterproofing,Category 07 - Thermal and Moisture Protection,07 10 00 Dampproofing and Waterproofing
Furnish and install mop basin (service sink) floor-mounted as indicated on drawings and per ADA and ICC/ANSI A117.1 accessibility standard. ADA fixtures mounted at heights per accessibility code.,22,Plumbing,22 40 00,Plumbing Fixtures,Category 22 - Plumbing,22 40 00 Plumbing Fixtures
Subject: Material Submittal – Material submittal for fiber reinforcing mesh for slab-on-grade. Mill certifications required for all reinforcing steel. Refer to per ACI 318-19 and project structural drawings.,03,Concrete,03 20 00,Concrete Reinforcing,Category 03 - Concrete,03 20 00 Concrete Reinforcing
Furnish and install 1-inch insulated glazing units (IGU) Low-E coated as indicated on drawings and per IGCC standards for insulating glass. Mock-up panel required for architect approval before production.,08,Openings,08 80 00,Glazing,Category 08 - Openings,08 80 00 Glazing
This submittal covers the application of underslab vapor barrier 15-mil polyethylene for plaza deck over occupied space. All work to comply with per manufacturer installation guidelines. 10-year manufacturer warranty on waterproofing system.,07,Thermal and Moisture Protection,07 10 00,Dampproofing and Waterproofing,Category 07 - Thermal and Moisture Protection,07 10 00 Dampproofing and Waterproofing
"installation of electrical junction boxes, pull boxes and fittings including all necessary accessories and hardware. per project specification Section 26 05 00.",26,Electrical,26 05 00,Common Work Results for Electrical,Category 26 - Electrical,26 05 00 Common Work Results for Electrical
"Proposal for supply and installation of split-system DX cooling unit with condenser for data center and server room cooling. Includes refrigerant piping, pad, and electrical connections.",23,HVAC,23 60 00,Central Cooling Equipment,Category 23 - HVAC,23 60 00 Central Cooling Equipment
"Request for approval: grade 60 deformed reinforcing steel bars for use for retaining wall and grade beams. Includes all cutting, bending, placing and tying. in accordance with Section 03 20 00.",03,Concrete,03 20 00,Concrete Reinforcing,Category 03 - Concrete,03 20 00 Concrete Reinforcing
Subcontractor bid for air-entrained concrete for exterior flatwork. Location: for concrete topping slab over metal deck. Portland cement Type I/II with 3/4 inch maximum aggregate.,03,Concrete,03 30 00,Cast-in-Place Concrete,Category 03 - Concrete,03 30 00 Cast-in-Place Concrete
Quotation for spray-applied polyurethane foam insulation (SPF) for roof insulation above deck. R-value verified by third-party testing per ASTM C518. per ASHRAE 90.1 energy code requirements.,07,Thermal and Moisture Protection,07 20 00,Thermal Insulation,Category 07 - Thermal and Moisture Protection,07 20 00 Thermal Insulation
Furnish and install metal roof deck 1.5-inch Type B 22 gauge as indicated on drawings and per composite design per AISC 360 Chapter I. Deck to be Vulcraft or approved equal.,05,Metals,05 30 00,Metal Decking,Category 05 - Metals,05 30 00 Metal Decking
SCOPE OF WORK DESCRIPTION: Vendor submittal: stainless steel reinforcement for corrosive environments. Bar supports at maximum 4-foot spacing. in accordance with Section 03 20 00.,03,Concrete,03 20 00,Concrete Reinforcing,Category 03 - Concrete,03 20 00 Concrete Reinforcing
Proposal for pouring and curing of concrete placement and finishing for foundations for exterior sidewalks and curbs. Concrete to be cured with wet burlap and plastic sheeting for 7 days.,03,Concrete,03 30 00,Cast-in-Place Concrete,Category 03 - Concrete,03 30 00 Cast-in-Place Concrete
"Subcontractor bid for EPDM rubber roofing membrane fully adhered. Location: for low-slope roof area approximately 45,000 square feet. Includes all flashings, counterflashings, and edge metal.",07,Thermal and Moisture Protection,07 50 00,Membrane Roofing,Category 07 - Thermal and Moisture Protection,07 50 00 Membrane Roofing
RE: Painting and Coating – Request for approval: high-performance epoxy wall coating for wet areas for use for exposed structural steel fireproofing. Two coats finish over one coat primer on new drywall. per SSPC surface preparation standards for steel.,09,Finishes,09 90 00,Painting and Coating,Category 09 - Finishes,09 90 00 Painting and Coating
Scope of work includes procurement and mounting of automatic sensor faucets and flush valves for ADA-compliant accessible restroom. Fixtures to be white vitreous china unless noted otherwise.,22,Plumbing,22 40 00,Plumbing Fixtures,Category 22 - Plumbing,22 40 00 Plumbing Fixtures
Scope of work includes furnishing and connecting of sewage ejector pump with alarm for below-grade sewage ejection system. Unit to be seismic-rated for installation zone.,22,Plumbing,22 30 00,Plumbing Equipment,Category 22 - Plumbing,22 30 00 Plumbing Equipment
RE: Plumbing Fixtures – supply and installation of mop basin (service sink) floor-mounted including all necessary accessories and hardware. per project specification Section 22 40 00.,22,Plumbing,22 40 00,Plumbing Fixtures,Category 22 - Plumbing,22 40 00 Plumbing Fixtures
Supply and install LED high-bay warehouse light fixtures for interior lighting per reflected ceiling plan. Lighting controls to include occupancy sensors per energy code. per project specification Section 26 50 00.,26,Electrical,26 50 00,Lighting,Category 26 - Electrical,26 50 00 Lighting
Subcontractor bid for bird-friendly fritted glass panels. Location: for curtain wall and storefront glazing systems. Mock-up panel required for architect approval before production.,08,Openings,08 80 00,Glazing,Category 08 - Openings,08 80 00 Glazing
Material submittal for commercial gas-fired water heater 100-gallon. 5-year manufacturer warranty on heat exchanger. Refer to per ASME Boiler and Pressure Vessel Code.,22,Plumbing,22 30 00,Plumbing Equipment,Category 22 - Plumbing,22 30 00 Plumbing Equipment
This submittal covers the delivery and installation of ADA-compliant accessible plumbing fixtures for commercial kitchen and break rooms. All work to comply with per ASME A112.19.2 for vitreous china fixtures. Chrome-plated brass faucets with ceramic disc cartridge.,22,Plumbing,22 40 00,Plumbing Fixtures,Category 22 - Plumbing,22 40 00 Plumbing Fixtures
"Furnish and install PVC single-ply roofing membrane with hot-air welded seams as indicated on drawings and per NRCA roofing guidelines. Insulation R-30 minimum per energy code, tapered for drainage.",07,Thermal and Moisture Protection,07 50 00,Membrane Roofing,Category 07 - Thermal and Moisture Protection,07 50 00 Membrane Roofing
Subcontractor bid for stainless steel piping for medical gas. Location: for sanitary sewer and storm drain piping. Piping to be pressure tested at 1.5x operating pressure.,22,Plumbing,22 10 00,Plumbing Piping and Pumps,Category 22 - Plumbing,22 10 00 Plumbing Piping and Pumps
Material submittal for bentonite clay waterproofing panels. All seams to be sealed and corners reinforced. Refer to per ASTM D6153 for liquid-applied waterproofing.,07,Thermal and Moisture Protection,07 10 00,Dampproofing and Waterproofing,Category 07 - Thermal and Moisture Protection,07 10 00 Dampproofing and Waterproofing
"VENDOR SUBMITTAL: Proposal for installation of form release agent and accessories for foundation walls and footings. Includes all bracing, wedges, and form oil.",03,Concrete,03 10 00,Concrete Forming and Accessories,Category 03 - Concrete,03 10 00 Concrete Forming and Accessories
Proposal for furnishing and pulling of electrical identification labels and tags for power distribution conduit and wire pulls. Conduit fill not to exceed 40% per NEC Chapter 9.,26,Electrical,26 05 00,Common Work Results for Electrical,Category 26 - Electrical,26 05 00 Common Work Results for Electrical
SCOPE OF WORK DESCRIPTION: Vendor submittal: traffic-bearing waterproofing for parking deck. All seams to be sealed and corners reinforced. conforming to local building code moisture protection requirements.,07,Thermal and Moisture Protection,07 10 00,Dampproofing and Waterproofing,Category 07 - Thermal and Moisture Protection,07 10 00 Dampproofing and Waterproofing
Scope of work includes supply and installation of expansion tank for domestic water system for building water treatment and softening. Includes electrical connections by others coordination required.,22,Plumbing,22 30 00,Plumbing Equipment,Category 22 - Plumbing,22 30 00 Plumbing Equipment
Material submittal for metal stud framing 3-5/8 inch 20-gauge. Taping and finishing to Level 4 finish per ASTM C840. Refer to per UL listed assembly design number.,09,Finishes,09 20 00,Plaster and Gypsum Board,Category 09 - Finishes,09 20 00 Plaster and Gypsum Board
Subject: Material Submittal – Subcontractor bid for diesel emergency standby generator 500 kW. Location: for main electrical service and distribution. Load bank testing and startup by factory technician.,26,Electrical,26 20 00,Low-Voltage Electrical Distribution,Category 26 - Electrical,26 20 00 Low-Voltage Electrical Distribution
BID ITEM: This submittal covers the installation of domestic water booster pump station for mechanical room plumbing connections. All work to comply with per ASME B31.9 building services piping. Piping to be pressure tested at 1.5x operating pressure.,22,Plumbing,22 10 00,Plumbing Piping and Pumps,Category 22 - Plumbing,22 10 00 Plumbing Piping and Pumps
Proposal for fabrication and installation of supply air diffusers and return air grilles for office and conference room supply and return. Ductwork fabricated per SMACNA standards.,23,HVAC,23 30 00,HVAC Air Distribution,Category 23 - HVAC,23 30 00 HVAC Air Distribution
Request for approval: bird-friendly fritted glass panels for use for interior glass partitions and sidelights. Glass thickness and type per structural analysis for wind loads. per project specification Section 08 80 00.,08,Openings,08 80 00,Glazing,Category 08 - Openings,08 80 00 Glazing
PROJECT PROPOSAL: Scope of work includes procurement and mounting of LED strip lighting for cove and accent for interior lighting per reflected ceiling plan. Emergency fixtures with 90-minute battery backup per code.,26,Electrical,26 50 00,Lighting,Category 26 - Electrical,26 50 00 Lighting
"VENDOR SUBMITTAL: Subcontractor bid for point-of-use water filtration system. Location: for domestic hot water system in mechanical room. Equipment includes mounting, piping connections and startup.",22,Plumbing,22 30 00,Plumbing Equipment,Category 22 - Plumbing,22 30 00 Plumbing Equipment
"Scope of work includes delivery, rigging and startup of air-cooled scroll chiller 100-ton capacity for data center and server room cooling. Unit to be high-efficiency with minimum 14 SEER rating.",23,HVAC,23 60 00,Central Cooling Equipment,Category 23 - HVAC,23 60 00 Central Cooling Equipment
Request for approval: below-grade bituminous waterproofing membrane for use at tunnel and underground utility connections. Surface preparation includes primer coat as recommended by manufacturer. per ASTM D6153 for liquid-applied waterproofing.,07,Thermal and Moisture Protection,07 10 00,Dampproofing and Waterproofing,Category 07 - Thermal and Moisture Protection,07 10 00 Dampproofing and Waterproofing
"VENDOR SUBMITTAL: Provide all labor, materials and equipment for crystalline waterproofing admixture for concrete for plaza deck over occupied space. conforming to local building code moisture protection requirements. Membrane to be installed on clean, dry substrate.",07,Thermal and Moisture Protection,07 10 00,Dampproofing and Waterproofing,Category 07 - Thermal and Moisture Protection,07 10 00 Dampproofing and Waterproofing
"Provide all labor, materials and equipment for curved gypsum board soffits and bulkheads for interior partitions and ceilings throughout building. per GA (Gypsum Association) Fire Resistance Design Manual. Corner bead at all exposed edges and reveals.",09,Finishes,09 20 00,Plaster and Gypsum Board,Category 09 - Finishes,09 20 00 Plaster and Gypsum Board
Material submittal for steel base plates and anchor bolts. Includes crane and rigging for steel erection. Refer to per structural engineer sealed shop drawings.,05,Metals,05 10 00,Structural Metal Framing,Category 05 - Metals,05 10 00 Structural Metal Framing
This submittal covers the installation of cementitious dampproofing coating for occupied basement and parking levels. All work to comply with per project specification Section 07 10 00. Includes protection board and drainage composite.,07,Thermal and Moisture Protection,07 10 00,Dampproofing and Waterproofing,Category 07 - Thermal and Moisture Protection,07 10 00 Dampproofing and Waterproofing
"Subcontractor bid for zinc-rich primer for corrosion protection. Location: for millwork, casework and trim. Touch-up painting at all trades damage at project completion.",09,Finishes,09 90 00,Painting and Coating,Category 09 - Finishes,09 90 00 Painting and Coating
Request for approval: specialty antimicrobial paint for healthcare for use for exposed structural steel fireproofing. Two coats finish over one coat primer on new drywall. per project specification Section 09 90 00.,09,Finishes,09 90 00,Painting and Coating,Category 09 - Finishes,09 90 00 Painting and Coating
Proposal for installation of rigid XPS foam insulation board 2-inch thick for attic floor and knee wall insulation. Insulation to be unfaced or kraft-faced as indicated.,07,Thermal and Moisture Protection,07 20 00,Thermal Insulation,Category 07 - Thermal and Moisture Protection,07 20 00 Thermal Insulation
"Provide all labor, materials and equipment for curved gypsum board soffits and bulkheads for bathroom and kitchen wet-area walls. per UL listed assembly design number. Metal studs at 16 inches on center, bridging at mid-height.",09,Finishes,09 20 00,Plaster and Gypsum Board,Category 09 - Finishes,09 20 00 Plaster and Gypsum Board
Supply and install stainless steel commercial kitchen sink triple-bowl for janitor closets and service areas. Fixtures to be white vitreous china unless noted otherwise. per ADA and ICC/ANSI A117.1 accessibility standard.,22,Plumbing,22 40 00,Plumbing Fixtures,Category 22 - Plumbing,22 40 00 Plumbing Fixtures
"BID ITEM: Subcontractor bid for overhead coiling steel service doors. Location: for interior and exterior door openings per door schedule. Includes all weatherstripping, thresholds and smoke seals.",08,Openings,08 10 00,Doors and Frames,Category 08 - Openings,08 10 00 Doors and Frames
"This submittal covers the installation of polished concrete floor with densifier and sealer for lobby, corridors and common areas. All work to comply with per TCNA Handbook for tile installations. Adhesive to be low-VOC per LEED IEQ requirements.",09,Finishes,09 60 00,Flooring,Category 09 - Finishes,09 60 00 Flooring
"Request for approval: anti-graffiti coating for exterior masonry for use for millwork, casework and trim. Includes surface preparation, sanding and priming. per paint manufacturer technical data sheets.",09,Finishes,09 90 00,Painting and Coating,Category 09 - Finishes,09 90 00 Painting and Coating
"Vendor submittal: anti-graffiti coating for exterior masonry. Includes surface preparation, sanding and priming. per MPI (Master Painters Institute) standards.",09,Finishes,09 90 00,Painting and Coating,Category 09 - Finishes,09 90 00 Painting and Coating
"Vendor submittal: main electrical switchboard 2000A 480/277V. Generator includes sub-base fuel tank, muffler and weatherproof enclosure. per NEC Article 230 (Services) and 240 (Overcurrent Protection).",26,Electrical,26 20 00,Low-Voltage Electrical Distribution,Category 26 - Electrical,26 20 00 Low-Voltage Electrical Distribution
Scope of work includes supply and application of specialty antimicrobial paint for healthcare for exposed structural steel fireproofing. Two coats finish over one coat primer on new drywall.,09,Finishes,09 90 00,Painting and Coating,Category 09 - Finishes,09 90 00 Painting and Coating
"Material submittal for heat recovery ventilator (HRV/ERV). Expansion tank, air separator and chemical feeder included. Refer to per local mechanical and fuel gas code.",23,HVAC,23 70 00,Central Heating Equipment,Category 23 - HVAC,23 70 00 Central Heating Equipment
furnishing and piping of sump pump and pit with float switch including all necessary accessories and hardware. per ASME B31.9 building services piping.,22,Plumbing,22 10 00,Plumbing Piping and Pumps,Category 22 - Plumbing,22 10 00 Plumbing Piping and Pumps
SCOPE OF WORK DESCRIPTION: Subcontractor bid for commercial gas-fired water heater 100-gallon. Location: for drinking water cooling and dispensing. 5-year manufacturer warranty on heat exchanger.,22,Plumbing,22 30 00,Plumbing Equipment,Category 22 - Plumbing,22 30 00 Plumbing Equipment
"Proposal for supply and installation of raised access flooring system 6-inch pedestal for restrooms and locker rooms. Includes all floor preparation, leveling and patching.",09,Finishes,09 60 00,Flooring,Category 09 - Finishes,09 60 00 Flooring
This submittal covers the furnishing and connecting of sports field LED flood lighting system for interior lighting per reflected ceiling plan. All work to comply with per project specification Section 26 50 00. Emergency fixtures with 90-minute battery backup per code.,26,Electrical,26 50 00,Lighting,Category 26 - Electrical,26 50 00 Lighting
This submittal covers the furnishing and connecting of parking garage LED fixtures with daylight sensor for interior lighting per reflected ceiling plan. All work to comply with per DesignLights Consortium (DLC) qualified products list. Emergency fixtures with 90-minute battery backup per code.,26,Electrical,26 50 00,Lighting,Category 26 - Electrical,26 50 00 Lighting
Supply and install point-of-use water filtration system for building water treatment and softening. Includes electrical connections by others coordination required. per project specification Section 22 30 00.,22,Plumbing,22 30 00,Plumbing Equipment,Category 22 - Plumbing,22 30 00 Plumbing Equipment
Request for approval: impact-resistant hurricane windows for use for high-rise building perimeter. Glazing to be dual-pane insulated Low-E argon-filled. per energy code and ASHRAE 90.1 requirements.,08,Openings,08 50 00,Windows,Category 08 - Openings,08 50 00 Windows
Material submittal for pipe and duct insulation with vapor jacket. Fire rating: Class A flame spread per ASTM E84. Refer to per project specification Section 07 20 00.,07,Thermal and Moisture Protection,07 20 00,Thermal Insulation,Category 07 - Thermal and Moisture Protection,07 20 00 Thermal Insulation
"RE: Plumbing Piping and Pumps – Proposal for installation of stainless steel piping for medical gas for restroom and kitchen plumbing rough-in. Pipe connections: soldered for copper, solvent welded for PVC.",22,Plumbing,22 10 00,Plumbing Piping and Pumps,Category 22 - Plumbing,22 10 00 Plumbing Piping and Pumps
Furnish and install kitchen exhaust hood and duct system as indicated on drawings and per project specification Section 23 30 00. Insulation: 2-inch fiberglass duct wrap with vapor barrier.,23,HVAC,23 30 00,HVAC Air Distribution,Category 23 - HVAC,23 30 00 HVAC Air Distribution
"Provide all labor, materials and equipment for ADA-compliant accessible plumbing fixtures for laboratory and medical exam rooms. per plumbing fixture schedule on drawings. Fixtures to be white vitreous china unless noted otherwise.",22,Plumbing,22 40 00,Plumbing Fixtures,Category 22 - Plumbing,22 40 00 Plumbing Fixtures
Supply and install wired glass for fire-rated openings for fire-rated glazing at rated corridors. Includes structural silicone sealant for wet glazing. per glazing contractor shop drawings.,08,Openings,08 80 00,Glazing,Category 08 - Openings,08 80 00 Glazing
"Vendor submittal: vinyl casement windows with Low-E glass. U-factor 0.30 maximum, SHGC 0.25 maximum per energy code. per AAMA/WDMA/CSA 101 performance standards.",08,Openings,08 50 00,Windows,Category 08 - Openings,08 50 00 Windows
Subject: Material Submittal – Request for approval: ornamental steel railing and balusters for use for equipment pads and roof penetration supports. Handrails to comply with ADA requirements. per ADA and local building code requirements.,05,Metals,05 50 00,Metal Fabrications,Category 05 - Metals,05 50 00 Metal Fabrications
"Subcontractor bid for point-of-use water filtration system. Location: for building water treatment and softening. Equipment includes mounting, piping connections and startup.",22,Plumbing,22 30 00,Plumbing Equipment,Category 22 - Plumbing,22 30 00 Plumbing Equipment
Quotation for sports field LED flood lighting system for exterior site and building-mounted lighting. Emergency fixtures with 90-minute battery backup per code. per project specification Section 26 50 00.,26,Electrical,26 50 00,Lighting,Category 26 - Electrical,26 50 00 Lighting
Vendor submittal: wall-hung lavatory sink with faucet. Chrome-plated brass faucets with ceramic disc cartridge. per ASME A112.19.2 for vitreous china fixtures.,22,Plumbing,22 40 00,Plumbing Fixtures,Category 22 - Plumbing,22 40 00 Plumbing Fixtures
"delivery, rigging and startup of evaporative condenser for refrigeration including all necessary accessories and hardware. per ASHRAE 90.1 minimum efficiency requirements.",23,HVAC,23 60 00,Central Cooling Equipment,Category 23 - HVAC,23 60 00 Central Cooling Equipment
"Subject: Material Submittal – Scope of work includes fabrication and installation of curved radius concrete forms for basement foundation walls. Includes all bracing, wedges, and form oil.",03,Concrete,03 10 00,Concrete Forming and Accessories,Category 03 - Concrete,03 10 00 Concrete Forming and Accessories
Quotation for aluminum sliding windows for residential tower window replacement. Windows to be factory-assembled and glazed. per energy code and ASHRAE 90.1 requirements.,08,Openings,08 50 00,Windows,Category 08 - Openings,08 50 00 Windows
"RE: Metal Fabrications – Furnish and install steel ladder and safety cage as indicated on drawings and conforming to ASTM A36 for miscellaneous steel. Includes all anchors, fasteners and connection hardware.",05,Metals,05 50 00,Metal Fabrications,Category 05 - Metals,05 50 00 Metal Fabrications
BID ITEM: supply and installation of vegetated green roof assembly with drainage mat including all necessary accessories and hardware. per project specification Section 07 50 00.,07,Thermal and Moisture Protection,07 50 00,Membrane Roofing,Category 07 - Thermal and Moisture Protection,07 50 00 Membrane Roofing
"Scope of work includes application of specialty antimicrobial paint for healthcare for all interior walls and ceilings. Includes surface preparation, sanding and priming.",09,Finishes,09 90 00,Painting and Coating,Category 09 - Finishes,09 90 00 Painting and Coating
This submittal covers the fabrication and installation of flexible insulated duct for branch connections for HVAC air distribution throughout building. All work to comply with per SMACNA HVAC Duct Construction Standards. TAB (Testing Adjusting Balancing) included in scope.,23,HVAC,23 30 00,HVAC Air Distribution,Category 23 - HVAC,23 30 00 HVAC Air Distribution
Furnish and install aluminum double-hung windows thermally broken as indicated on drawings and per energy code and ASHRAE 90.1 requirements. Glazing to be dual-pane insulated Low-E argon-filled.,08,Openings,08 50 00,Windows,Category 08 - Openings,08 50 00 Windows
"Furnish and install exposed aggregate decorative concrete as indicated on drawings and per project specification Section 03 30 00. Includes concrete testing: slump, air content, cylinders per ACI 301.",03,Concrete,03 30 00,Cast-in-Place Concrete,Category 03 - Concrete,03 30 00 Cast-in-Place Concrete
"Request for approval: steel moment frame connections for use for steel canopy at building entrance. Includes shop drawings, erection drawings and mill certificates. conforming to AWS D1.1 for welded connections.",05,Metals,05 10 00,Structural Metal Framing,Category 05 - Metals,05 10 00 Structural Metal Framing
"Subcontractor bid for roofing penetration flashings and pitch pockets. Location: for low-slope roof area approximately 45,000 square feet. Membrane to be mechanically fastened or fully adhered per wind uplift.",07,Thermal and Moisture Protection,07 50 00,Membrane Roofing,Category 07 - Thermal and Moisture Protection,07 50 00 Membrane Roofing
Vendor submittal: structural steel canopy framing. Material per ASTM A992 Grade 50 for wide flanges. per project specification Section 05 10 00.,05,Metals,05 10 00,Structural Metal Framing,Category 05 - Metals,05 10 00 Structural Metal Framing
Scope of work includes supply and installation of LED high-bay warehouse light fixtures for warehouse and industrial high-bay areas. Includes dimming drivers compatible with 0-10V control system.,26,Electrical,26 50 00,Lighting,Category 26 - Electrical,26 50 00 Lighting
"RE: Windows – Provide all labor, materials and equipment for vinyl casement windows with Low-E glass for high-rise building perimeter. per approved window schedule and shop drawings. Color: clear anodized aluminum or custom RAL color.",08,Openings,08 50 00,Windows,Category 08 - Openings,08 50 00 Windows
"Provide all labor, materials and equipment for floor sealer and concrete stain for all interior walls and ceilings. per SSPC surface preparation standards for steel. VOC content to comply with LEED IEQ v4 requirements.",09,Finishes,09 90 00,Painting and Coating,Category 09 - Finishes,09 90 00 Painting and Coating
Furnish and install fire-rated steel doors and frames 90-minute as indicated on drawings and per NFPA 80 fire door assembly standards. Frames to be set and grouted plumb and square.,08,Openings,08 10 00,Doors and Frames,Category 08 - Openings,08 10 00 Doors and Frames
"Material submittal for domestic water booster pump station. Includes all valves, supports, hangers and seismic bracing. Refer to per Uniform Plumbing Code (UPC).",22,Plumbing,22 10 00,Plumbing Piping and Pumps,Category 22 - Plumbing,22 10 00 Plumbing Piping and Pumps
RE: HVAC Air Distribution – Request for approval: duct silencers and sound attenuators for use for commercial kitchen ventilation system. Duct leakage testing per SMACNA Class A seal requirement. per mechanical drawings and duct layout schedule.,23,HVAC,23 30 00,HVAC Air Distribution,Category 23 - HVAC,23 30 00 HVAC Air Distribution
Quotation for EMT and rigid metal conduit with fittings for underground electrical duct bank to building. All wiring and raceway per National Electrical Code (NEC). per NECA installation standards.,26,Electrical,26 05 00,Common Work Results for Electrical,Category 26 - Electrical,26 05 00 Common Work Results for Electrical
Proposal for furnishing and applying of roof walkway pads and protection mats for rooftop mechanical equipment area. Remove existing roofing to deck and install new system complete.,07,Thermal and Moisture Protection,07 50 00,Membrane Roofing,Category 07 - Thermal and Moisture Protection,07 50 00 Membrane Roofing
"Provide all labor, materials and equipment for ADA-compliant accessible plumbing fixtures for laboratory and medical exam rooms. per ADA and ICC/ANSI A117.1 accessibility standard. All fixtures to be water-efficient per WaterSense label.",22,Plumbing,22 40 00,Plumbing Fixtures,Category 22 - Plumbing,22 40 00 Plumbing Fixtures
Vendor submittal: ornamental steel railing and balusters. Steel to be shop-primed with rust-inhibitive primer. per project specification Section 05 50 00.,05,Metals,05 50 00,Metal Fabrications,Category 05 - Metals,05 50 00 Metal Fabrications
"PROJECT PROPOSAL: Provide all labor, materials and equipment for polyiso rigid insulation for roof assembly for exterior wall cavities and stud bays. per manufacturer technical data and installation guide. Insulation to be installed without gaps, voids or compression.",07,Thermal and Moisture Protection,07 20 00,Thermal Insulation,Category 07 - Thermal and Moisture Protection,07 20 00 Thermal Insulation
"Scope of work includes furnishing and connecting of ductwork insulation wrap and lining for rooftop air handling unit connections. Includes all hangers, supports and seismic bracing per code.",23,HVAC,23 30 00,HVAC Air Distribution,Category 23 - HVAC,23 30 00 HVAC Air Distribution
Proposal for placement and finishing of self-consolidating concrete (SCC) for slab-on-grade in warehouse area. Water-to-cement ratio not to exceed 0.45.,03,Concrete,03 30 00,Cast-in-Place Concrete,Category 03 - Concrete,03 30 00 Cast-in-Place Concrete
"RE: Common Work Results for Electrical – Provide all labor, materials and equipment for electrical identification labels and tags for underground electrical duct bank to building. per UL listed materials and components. As-built drawings required showing all concealed raceway routing.",26,Electrical,26 05 00,Common Work Results for Electrical,Category 26 - Electrical,26 05 00 Common Work Results for Electrical
"Furnish and install radiant ceiling panel heating system as indicated on drawings and per project specification Section 23 70 00. Expansion tank, air separator and chemical feeder included.",23,HVAC,23 70 00,Central Heating Equipment,Category 23 - HVAC,23 70 00 Central Heating Equipment
Proposal for supply and installation of diesel emergency standby generator 500 kW for tenant electrical metering and sub-distribution. Load bank testing and startup by factory technician.,26,Electrical,26 20 00,Low-Voltage Electrical Distribution,Category 26 - Electrical,26 20 00 Low-Voltage Electrical Distribution
Supply and install emergency eyewash and shower station for ADA-compliant accessible restroom. Chrome-plated brass faucets with ceramic disc cartridge. per ASME A112.19.2 for vitreous china fixtures.,22,Plumbing,22 40 00,Plumbing Fixtures,Category 22 - Plumbing,22 40 00 Plumbing Fixtures
Supply and install structural steel canopy framing for steel canopy at building entrance. High-strength bolts A325 for all connections. per structural engineer sealed shop drawings.,05,Metals,05 10 00,Structural Metal Framing,Category 05 - Metals,05 10 00 Structural Metal Framing
Proposal for delivery and installation of metal roof deck 1.5-inch Type B 22 gauge for parking garage composite deck system. Includes temporary shoring during concrete placement.,05,Metals,05 30 00,Metal Decking,Category 05 - Metals,05 30 00 Metal Decking
Proposal for furnishing and connecting of water softener and treatment system for below-grade sewage ejection system. Includes electrical connections by others coordination required.,22,Plumbing,22 30 00,Plumbing Equipment,Category 22 - Plumbing,22 30 00 Plumbing Equipment
Furnish and install steel HSS columns and bracing as indicated on drawings and per AISC 360 Specification for Structural Steel Buildings. Steel to be blast-cleaned and primed with shop primer.,05,Metals,05 10 00,Structural Metal Framing,Category 05 - Metals,05 10 00 Structural Metal Framing
Quotation for PEX flexible water supply tubing for roof drain piping and overflow system. Piping to be pressure tested at 1.5x operating pressure. per project specification Section 22 10 00.,22,Plumbing,22 10 00,Plumbing Piping and Pumps,Category 22 - Plumbing,22 10 00 Plumbing Piping and Pumps
Subject: Material Submittal – Material submittal for spandrel glass panels with ceramic frit. Mock-up panel required for architect approval before production. Refer to per glazing contractor shop drawings.,08,Openings,08 80 00,Glazing,Category 08 - Openings,08 80 00 Glazing
"PROJECT PROPOSAL: Subcontractor bid for specialty antimicrobial paint for healthcare. Location: for mechanical and electrical rooms. Includes surface preparation, sanding and priming.",09,Finishes,09 90 00,Painting and Coating,Category 09 - Finishes,09 90 00 Painting and Coating
Material submittal for hydronic baseboard fin-tube radiation heater. Factory startup required by manufacturer certified technician. Refer to per local mechanical and fuel gas code.,23,HVAC,23 70 00,Central Heating Equipment,Category 23 - HVAC,23 70 00 Central Heating Equipment
SCOPE OF WORK DESCRIPTION: Request for approval: 1-inch insulated glazing units (IGU) Low-E coated for use for fire-rated glazing at rated corridors. Includes structural silicone sealant for wet glazing. per ASTM C1048 for flat glass specifications.,08,Openings,08 80 00,Glazing,Category 08 - Openings,08 80 00 Glazing
"This submittal covers the furnishing and laying of raised access flooring system 6-inch pedestal for gymnasium and multipurpose room. All work to comply with per ASTM F710 for substrate preparation. Includes all floor preparation, leveling and patching.",09,Finishes,09 60 00,Flooring,Category 09 - Finishes,09 60 00 Flooring
Supply and install insulating concrete forms (ICF) for elevated slab construction at level 2 through roof. Snap ties at 24 inches on center both ways. conforming to OSHA shoring requirements.,03,Concrete,03 10 00,Concrete Forming and Accessories,Category 03 - Concrete,03 10 00 Concrete Forming and Accessories
Material submittal for unit heater gas-fired for warehouse. Controls integrated with building automation system (BAS). Refer to per AHRI certified heating capacity ratings.,23,HVAC,23 70 00,Central Heating Equipment,Category 23 - HVAC,23 70 00 Central Heating Equipment
Quotation for tempered safety glass panels for building lobby and atrium glazing. Mock-up panel required for architect approval before production. per glazing contractor shop drawings.,08,Openings,08 80 00,Glazing,Category 08 - Openings,08 80 00 Glazing
RE: Metal Decking – This submittal covers the furnishing and welding of metal deck pour stops and closures for parking garage composite deck system. All work to comply with per composite design per AISC 360 Chapter I. Deck to be welded to supports at 12 inches on center.,05,Metals,05 30 00,Metal Decking,Category 05 - Metals,05 30 00 Metal Decking
"Quotation for galvanized structural steel for exterior for second floor and roof framing. Includes shop drawings, erection drawings and mill certificates. conforming to AWS D1.1 for welded connections.",05,Metals,05 10 00,Structural Metal Framing,Category 05 - Metals,05 10 00 Structural Metal Framing
"Provide all labor, materials and equipment for main electrical switchboard 2000A 480/277V for emergency and standby power system. per utility company service entrance requirements. Includes circuit breakers, fuses and all internal components.",26,Electrical,26 20 00,Low-Voltage Electrical Distribution,Category 26 - Electrical,26 20 00 Low-Voltage Electrical Distribution
"Proposal for installation of mineral wool semi-rigid insulation board for continuous insulation at building envelope. Insulation to be installed without gaps, voids or compression.",07,Thermal and Moisture Protection,07 20 00,Thermal Insulation,Category 07 - Thermal and Moisture Protection,07 20 00 Thermal Insulation
RE: Low-Voltage Electrical Distribution – Scope of work includes delivery and energization of bus duct feeder system from switchboard for main electrical service and distribution. Arc flash study and labels required per NFPA 70E.,26,Electrical,26 20 00,Low-Voltage Electrical Distribution,Category 26 - Electrical,26 20 00 Low-Voltage Electrical Distribution
RE: Thermal Insulation – Material submittal for blown-in cellulose insulation for attic spaces. Insulation to be unfaced or kraft-faced as indicated. Refer to per project specification Section 07 20 00.,07,Thermal and Moisture Protection,07 20 00,Thermal Insulation,Category 07 - Thermal and Moisture Protection,07 20 00 Thermal Insulation
"Scope of work includes furnishing and glazing of impact-resistant hurricane windows for office and classroom window openings. U-factor 0.30 maximum, SHGC 0.25 maximum per energy code.",08,Openings,08 50 00,Windows,Category 08 - Openings,08 50 00 Windows
"Supply and install standing seam metal roof panels 24-gauge for low-slope roof area approximately 45,000 square feet. Membrane to be mechanically fastened or fully adhered per wind uplift. per project specification Section 07 50 00.",07,Thermal and Moisture Protection,07 50 00,Membrane Roofing,Category 07 - Thermal and Moisture Protection,07 50 00 Membrane Roofing
Vendor submittal: steel braced frame lateral system. All connections per AISC standards and structural drawings. per project specification Section 05 10 00.,05,Metals,05 10 00,Structural Metal Framing,Category 05 - Metals,05 10 00 Structural Metal Framing
Proposal for delivery and setting of blast-resistant security window assemblies for hospital patient room exterior windows. Color: clear anodized aluminum or custom RAL color.,08,Openings,08 50 00,Windows,Category 08 - Openings,08 50 00 Windows
Supply and install metal stud framing 3-5/8 inch 20-gauge for tenant improvement build-out. Partitions to achieve fire rating per UL assembly design. per project specification Section 09 20 00.,09,Finishes,09 20 00,Plaster and Gypsum Board,Category 09 - Finishes,09 20 00 Plaster and Gypsum Board
"Furnish and install acoustic metal deck with perforations as indicated on drawings and per project specification Section 05 30 00. Includes all side laps, end laps, and pour stop angles.",05,Metals,05 30 00,Metal Decking,Category 05 - Metals,05 30 00 Metal Decking
BID ITEM: Proposal for furnishing and applying of vegetated green roof assembly with drainage mat for green roof system over parking structure. System includes 20-year NDL (No Dollar Limit) manufacturer warranty.,07,Thermal and Moisture Protection,07 50 00,Membrane Roofing,Category 07 - Thermal and Moisture Protection,07 50 00 Membrane Roofing
"Subject: Material Submittal – Quotation for parking garage LED fixtures with daylight sensor for warehouse and industrial high-bay areas. Color temperature: 4000K for offices, 3000K for corridors. per project specification Section 26 50 00.",26,Electrical,26 50 00,Lighting,Category 26 - Electrical,26 50 00 Lighting
"Request for approval: steel security doors with electronic hardware for use for fire-rated corridor and stairwell openings. Includes all weatherstripping, thresholds and smoke seals. per project specification Section 08 10 00.",08,Openings,08 10 00,Doors and Frames,Category 08 - Openings,08 10 00 Doors and Frames
"Furnish and install water-cooled centrifugal chiller 500-ton as indicated on drawings and per AHRI certified performance ratings. Includes refrigerant piping, pad, and electrical connections.",23,HVAC,23 60 00,Central Cooling Equipment,Category 23 - HVAC,23 60 00 Central Cooling Equipment
"Provide all labor, materials and equipment for air-entrained concrete for exterior flatwork for elevated concrete slabs at all levels. per approved concrete mix design. Includes concrete testing: slump, air content, cylinders per ACI 301.",03,Concrete,03 30 00,Cast-in-Place Concrete,Category 03 - Concrete,03 30 00 Cast-in-Place Concrete
Furnish and install grade 60 deformed reinforcing steel bars as indicated on drawings and per CRSI Manual of Standard Practice. Mill certifications required for all reinforcing steel.,03,Concrete,03 20 00,Concrete Reinforcing,Category 03 - Concrete,03 20 00 Concrete Reinforcing
Vendor submittal: CPVC hot and cold water distribution piping. Piping to be pressure tested at 1.5x operating pressure. per local plumbing code and health department requirements.,22,Plumbing,22 10 00,Plumbing Piping and Pumps,Category 22 - Plumbing,22 10 00 Plumbing Piping and Pumps
This submittal covers the furnishing and installing of foam board insulation for slab edge for roof insulation above deck. All work to comply with per project specification Section 07 20 00. Insulation to be unfaced or kraft-faced as indicated.,07,Thermal and Moisture Protection,07 20 00,Thermal Insulation,Category 07 - Thermal and Moisture Protection,07 20 00 Thermal Insulation
"BID ITEM: This submittal covers the furnishing and piping of backflow preventer and pressure reducing valve for sanitary sewer and storm drain piping. All work to comply with per Uniform Plumbing Code (UPC). Includes all valves, supports, hangers and seismic bracing.",22,Plumbing,22 10 00,Plumbing Piping and Pumps,Category 22 - Plumbing,22 10 00 Plumbing Piping and Pumps
This submittal covers the supply and installation of back-painted decorative glass panels for interior glass partitions and sidelights. All work to comply with per ASTM C1048 for flat glass specifications. Includes structural silicone sealant for wet glazing.,08,Openings,08 80 00,Glazing,Category 08 - Openings,08 80 00 Glazing
Scope of work includes supply and installation of aluminum awning windows with screens for residential tower window replacement. Color: clear anodized aluminum or custom RAL color.,08,Openings,08 50 00,Windows,Category 08 - Openings,08 50 00 Windows
"Material submittal for PEX flexible water supply tubing. Pipe connections: soldered for copper, solvent welded for PVC. Refer to per project specification Section 22 10 00.",22,Plumbing,22 10 00,Plumbing Piping and Pumps,Category 22 - Plumbing,22 10 00 Plumbing Piping and Pumps
"Subcontractor bid for cooling tower induced draft crossflow. Location: for office building comfort cooling. Includes refrigerant piping, pad, and electrical connections.",23,HVAC,23 60 00,Central Cooling Equipment,Category 23 - HVAC,23 60 00 Central Cooling Equipment
procurement and installation of UPS (uninterruptible power supply) 100 kVA including all necessary accessories and hardware. per NEC Article 230 (Services) and 240 (Overcurrent Protection).,26,Electrical,26 20 00,Low-Voltage Electrical Distribution,Category 26 - Electrical,26 20 00 Low-Voltage Electrical Distribution
"VENDOR SUBMITTAL: Provide all labor, materials and equipment for foundation footing formwork at building core shear walls. conforming to OSHA shoring requirements. Allow for three reuses of formwork panels.",03,Concrete,03 10 00,Concrete Forming and Accessories,Category 03 - Concrete,03 10 00 Concrete Forming and Accessories
SCOPE OF WORK DESCRIPTION: Proposal for furnishing and installing of blown-in cellulose insulation for attic spaces for attic floor and knee wall insulation. Fire rating: Class A flame spread per ASTM E84.,07,Thermal and Moisture Protection,07 20 00,Thermal Insulation,Category 07 - Thermal and Moisture Protection,07 20 00 Thermal Insulation
Quotation for zinc-rich primer for corrosion protection for exposed structural steel fireproofing. Touch-up painting at all trades damage at project completion. per project specification Section 09 90 00.,09,Finishes,09 90 00,Painting and Coating,Category 09 - Finishes,09 90 00 Painting and Coating
Subject: Material Submittal – Furnish and install porcelain tile flooring 24x24 inch with thin-set mortar as indicated on drawings and per TCNA Handbook for tile installations. Moisture testing required per ASTM F2170 before installation.,09,Finishes,09 60 00,Flooring,Category 09 - Finishes,09 60 00 Flooring
"Request for approval: grounding and bonding system with ground rods for use for power distribution conduit and wire pulls. Wire pulled with approved lubricant, no damage to insulation. per UL listed materials and components.",26,Electrical,26 05 00,Common Work Results for Electrical,Category 26 - Electrical,26 05 00 Common Work Results for Electrical
"Proposal for furnishing and laying of luxury vinyl plank (LVP) flooring click-lock system for lobby, corridors and common areas. Transition strips at all flooring material changes.",09,Finishes,09 60 00,Flooring,Category 09 - Finishes,09 60 00 Flooring
Material submittal for hot water circulating pump and piping. Controls integrated with building automation system (BAS). Refer to per ASME Boiler and Pressure Vessel Code for boilers.,23,HVAC,23 70 00,Central Heating Equipment,Category 23 - HVAC,23 70 00 Central Heating Equipment
VENDOR SUBMITTAL: Vendor submittal: 5000 PSI high-strength concrete for columns. Portland cement Type I/II with 3/4 inch maximum aggregate. per ACI 318 and ACI 301 specifications.,03,Concrete,03 30 00,Cast-in-Place Concrete,Category 03 - Concrete,03 30 00 Cast-in-Place Concrete
Proposal for procurement and installation of hydronic baseboard fin-tube radiation heater for mechanical room boiler plant. Factory startup required by manufacturer certified technician.,23,HVAC,23 70 00,Central Heating Equipment,Category 23 - HVAC,23 70 00 Central Heating Equipment
Vendor submittal: below-grade bituminous waterproofing membrane. Includes protection board and drainage composite. per ASTM D6153 for liquid-applied waterproofing.,07,Thermal and Moisture Protection,07 10 00,Dampproofing and Waterproofing,Category 07 - Thermal and Moisture Protection,07 10 00 Dampproofing and Waterproofing
PROJECT PROPOSAL: Scope of work includes supply and installation of moisture-resistant (green board) gypsum in wet areas for fire-rated corridor and stairwell assemblies. Partitions to achieve fire rating per UL assembly design.,09,Finishes,09 20 00,Plaster and Gypsum Board,Category 09 - Finishes,09 20 00 Plaster and Gypsum Board
"Furnish and install automatic transfer switch (ATS) 400A as indicated on drawings and per NFPA 110 for emergency power systems. Includes circuit breakers, fuses and all internal components.",26,Electrical,26 20 00,Low-Voltage Electrical Distribution,Category 26 - Electrical,26 20 00 Low-Voltage Electrical Distribution
"Request for approval: hydronic baseboard fin-tube radiation heater for use for mechanical room boiler plant. Expansion tank, air separator and chemical feeder included. per project specification Section 23 70 00.",23,HVAC,23 70 00,Central Heating Equipment,Category 23 - HVAC,23 70 00 Central Heating Equipment
Scope of work includes furnishing and applying of traffic-bearing waterproofing for parking deck for elevator pit and mechanical room. All seams to be sealed and corners reinforced.,07,Thermal and Moisture Protection,07 10 00,Dampproofing and Waterproofing,Category 07 - Thermal and Moisture Protection,07 10 00 Dampproofing and Waterproofing
"Proposal for rough-in and connection of stainless steel piping for medical gas for building domestic water distribution system. Pipe connections: soldered for copper, solvent welded for PVC.",22,Plumbing,22 10 00,Plumbing Piping and Pumps,Category 22 - Plumbing,22 10 00 Plumbing Piping and Pumps
Request for approval: glass mat gypsum sheathing for exterior for use for tenant improvement build-out. Partitions to achieve fire rating per UL assembly design. per ASTM C840 gypsum board application standard.,09,Finishes,09 20 00,Plaster and Gypsum Board,Category 09 - Finishes,09 20 00 Plaster and Gypsum Board
"Request for approval: fabric ductwork for open ceiling areas for use for HVAC air distribution throughout building. Includes all hangers, supports and seismic bracing per code. per project specification Section 23 30 00.",23,HVAC,23 30 00,HVAC Air Distribution,Category 23 - HVAC,23 30 00 HVAC Air Distribution
"SCOPE OF WORK DESCRIPTION: Provide all labor, materials and equipment for equipment support steel framing for building perimeter bollard protection. per architectural detail drawings. Includes all anchors, fasteners and connection hardware.",05,Metals,05 50 00,Metal Fabrications,Category 05 - Metals,05 50 00 Metal Fabrications
Scope of work includes placement of reinforcing bar couplers (mechanical splices) for retaining wall and grade beams. Lap splices per ACI 318 development length requirements.,03,Concrete,03 20 00,Concrete Reinforcing,Category 03 - Concrete,03 20 00 Concrete Reinforcing
VENDOR SUBMITTAL: This submittal covers the furnishing and connecting of VAV (variable air volume) terminal units with controls for commercial kitchen ventilation system. All work to comply with per mechanical drawings and duct layout schedule. Duct leakage testing per SMACNA Class A seal requirement.,23,HVAC,23 30 00,HVAC Air Distribution,Category 23 - HVAC,23 30 00 HVAC Air Distribution
"BID ITEM: Request for approval: access doors and panels flush-mounted for use for fire-rated corridor and stairwell openings. Hardware to include lever handles, closers, and hinges per hardware schedule. per project specification Section 08 10 00.",08,Openings,08 10 00,Doors and Frames,Category 08 - Openings,08 10 00 Doors and Frames
delivery and commissioning of gas-fired hot water boiler 2000 MBH including all necessary accessories and hardware. per ASME Boiler and Pressure Vessel Code for boilers.,23,HVAC,23 70 00,Central Heating Equipment,Category 23 - HVAC,23 70 00 Central Heating Equipment
Subject: Material Submittal – This submittal covers the delivery and setting of impact-resistant hurricane windows for residential tower window replacement. All work to comply with per AAMA/WDMA/CSA 101 performance standards. Glazing to be dual-pane insulated Low-E argon-filled.,08,Openings,08 50 00,Windows,Category 08 - Openings,08 50 00 Windows
"Quotation for galvanized corrugated steel decking for parking garage composite deck system. Includes all side laps, end laps, and pour stop angles. per project specification Section 05 30 00.",05,Metals,05 30 00,Metal Decking,Category 05 - Metals,05 30 00 Metal Decking
Material submittal for rigid XPS foam insulation board 2-inch thick. Includes vapor retarder on warm side of assembly. Refer to conforming to local energy conservation code.,07,Thermal and Moisture Protection,07 20 00,Thermal Insulation,Category 07 - Thermal and Moisture Protection,07 20 00 Thermal Insulation
Subject: Material Submittal – Vendor submittal: parking garage LED fixtures with daylight sensor. Lighting controls to include occupancy sensors per energy code. per NEC Article 410 and local energy code.,26,Electrical,26 50 00,Lighting,Category 26 - Electrical,26 50 00 Lighting
"Provide all labor, materials and equipment for column formwork with snap ties for foundation walls and footings. per ACI 347 standards. Snap ties at 24 inches on center both ways.",03,Concrete,03 10 00,Concrete Forming and Accessories,Category 03 - Concrete,03 10 00 Concrete Forming and Accessories
Subcontractor bid for metal deck shear studs and connectors. Location: for mezzanine floor deck. Deck to be Vulcraft or approved equal.,05,Metals,05 30 00,Metal Decking,Category 05 - Metals,05 30 00 Metal Decking
SCOPE OF WORK DESCRIPTION: This submittal covers the furnishing and setting of 1-inch insulated glazing units (IGU) Low-E coated for building lobby and atrium glazing. All work to comply with per glazing contractor shop drawings. Glass thickness and type per structural analysis for wind loads.,08,Openings,08 80 00,Glazing,Category 08 - Openings,08 80 00 Glazing
"Subcontractor bid for parking garage LED fixtures with daylight sensor. Location: for exterior site and building-mounted lighting. All fixtures to be LED with minimum 50,000-hour rated life.",26,Electrical,26 50 00,Lighting,Category 26 - Electrical,26 50 00 Lighting
Supply and install fire-rated steel doors and frames 90-minute for mechanical and electrical room access. Frames to be set and grouted plumb and square. conforming to SDI (Steel Door Institute) standards.,08,Openings,08 10 00,Doors and Frames,Category 08 - Openings,08 10 00 Doors and Frames
RE: Plaster and Gypsum Board – furnishing and finishing of sound-rated gypsum board assembly STC 50 including all necessary accessories and hardware. per project specification Section 09 20 00.,09,Finishes,09 20 00,Plaster and Gypsum Board,Category 09 - Finishes,09 20 00 Plaster and Gypsum Board
Material submittal for PEX flexible water supply tubing. Piping to be pressure tested at 1.5x operating pressure. Refer to per local plumbing code and health department requirements.,22,Plumbing,22 10 00,Plumbing Piping and Pumps,Category 22 - Plumbing,22 10 00 Plumbing Piping and Pumps
PROJECT PROPOSAL: Material submittal for mineral wool semi-rigid insulation board. Insulation to be unfaced or kraft-faced as indicated. Refer to per project specification Section 07 20 00.,07,Thermal and Moisture Protection,07 20 00,Thermal Insulation,Category 07 - Thermal and Moisture Protection,07 20 00 Thermal Insulation
delivery and startup of grease interceptor for commercial kitchen including all necessary accessories and hardware. per local health and plumbing code requirements.,22,Plumbing,22 30 00,Plumbing Equipment,Category 22 - Plumbing,22 30 00 Plumbing Equipment
Proposal for placement of fiber reinforcing mesh for slab-on-grade for foundation mat and footings. Lap splices per ACI 318 development length requirements.,03,Concrete,03 20 00,Concrete Reinforcing,Category 03 - Concrete,03 20 00 Concrete Reinforcing
"This submittal covers the installation of cable tray system ladder type with covers for power distribution conduit and wire pulls. All work to comply with per NECA installation standards. Includes all supports, straps and seismic bracing.",26,Electrical,26 05 00,Common Work Results for Electrical,Category 26 - Electrical,26 05 00 Common Work Results for Electrical
VENDOR SUBMITTAL: Supply and install zinc-rich primer for corrosion protection for exterior building facade and soffits. VOC content to comply with LEED IEQ v4 requirements. per MPI (Master Painters Institute) standards.,09,Finishes,09 90 00,Painting and Coating,Category 09 - Finishes,09 90 00 Painting and Coating
RE: Structural Metal Framing – Request for approval: steel HSS columns and bracing for use for main building structural frame. Includes crane and rigging for steel erection. per structural engineer sealed shop drawings.,05,Metals,05 10 00,Structural Metal Framing,Category 05 - Metals,05 10 00 Structural Metal Framing
"SCOPE OF WORK DESCRIPTION: Provide all labor, materials and equipment for sound-rated gypsum board assembly STC 50 for fire-rated corridor and stairwell assemblies. per GA (Gypsum Association) Fire Resistance Design Manual. Includes acoustic sealant at top and bottom tracks.",09,Finishes,09 20 00,Plaster and Gypsum Board,Category 09 - Finishes,09 20 00 Plaster and Gypsum Board
Vendor submittal: metal roof deck 1.5-inch Type B 22 gauge. Minimum bearing length 2 inches on structural steel supports. conforming to ASTM A653 galvanized steel.,05,Metals,05 30 00,Metal Decking,Category 05 - Metals,05 30 00 Metal Decking
Supply and install firestopping for electrical penetrations for underground electrical duct bank to building. All wiring and raceway per National Electrical Code (NEC). per project specification Section 26 05 00.,26,Electrical,26 05 00,Common Work Results for Electrical,Category 26 - Electrical,26 05 00 Common Work Results for Electrical
Subcontractor bid for grease interceptor for commercial kitchen. Location: for building water treatment and softening. Unit to be seismic-rated for installation zone.,22,Plumbing,22 30 00,Plumbing Equipment,Category 22 - Plumbing,22 30 00 Plumbing Equipment
"Provide all labor, materials and equipment for aluminum sliding windows for office and classroom window openings. per project specification Section 08 50 00. U-factor 0.30 maximum, SHGC 0.25 maximum per energy code.",08,Openings,08 50 00,Windows,Category 08 - Openings,08 50 00 Windows
SCOPE OF WORK DESCRIPTION: Quotation for laminated security glass for storefronts for fire-rated glazing at rated corridors. Mock-up panel required for architect approval before production. per IGCC standards for insulating glass.,08,Openings,08 80 00,Glazing,Category 08 - Openings,08 80 00 Glazing
"RE: Plaster and Gypsum Board – Request for approval: drywall finishing including taping, mudding and sanding for use for bathroom and kitchen wet-area walls. Partitions to achieve fire rating per UL assembly design. per project specification Section 09 20 00.",09,Finishes,09 20 00,Plaster and Gypsum Board,Category 09 - Finishes,09 20 00 Plaster and Gypsum Board
"Supply and install TPO single-ply membrane roofing system 60-mil for green roof system over parking structure. Includes all flashings, counterflashings, and edge metal. per NRCA roofing guidelines.",07,Thermal and Moisture Protection,07 50 00,Membrane Roofing,Category 07 - Thermal and Moisture Protection,07 50 00 Membrane Roofing
